time,solar_generation
2024-01-01 00:00:00+00:00,0.0
2024-01-01 01:00:00+00:00,0.0
2024-01-01 02:00:00+00:00,0.0
2024-01-01 03:00:00+00:00,0.0
2024-01-01 04:00:00+00:00,0.0
2024-01-01 05:00:00+00:00,0.0
2024-01-01 06:00:00+00:00,0.0
2024-01-01 07:00:00+00:00,2.0
2024-01-01 08:00:00+00:00,229.0
2024-01-01 09:00:00+00:00,1079.0
2024-01-01 10:00:00+00:00,2337.0
2024-01-01 11:00:00+00:00,2728.0
2024-01-01 12:00:00+00:00,3055.0
2024-01-01 13:00:00+00:00,2761.0
2024-01-01 14:00:00+00:00,1943.0
2024-01-01 15:00:00+00:00,239.0
2024-01-01 16:00:00+00:00,0.0
2024-01-01 17:00:00+00:00,0.0
2024-01-01 18:00:00+00:00,0.0
2024-01-01 19:00:00+00:00,0.0
2024-01-01 20:00:00+00:00,0.0
2024-01-01 21:00:00+00:00,0.0
2024-01-01 22:00:00+00:00,0.0
2024-01-01 23:00:00+00:00,0.0
2024-01-02 00:00:00+00:00,0.0
2024-01-02 01:00:00+00:00,0.0
2024-01-02 02:00:00+00:00,0.0
2024-01-02 03:00:00+00:00,0.0
2024-01-02 04:00:00+00:00,0.0
2024-01-02 05:00:00+00:00,0.0
2024-01-02 06:00:00+00:00,0.0
2024-01-02 07:00:00+00:00,3.0
2024-01-02 08:00:00+00:00,199.0
2024-01-02 09:00:00+00:00,1018.0
2024-01-02 10:00:00+00:00,1556.0
2024-01-02 11:00:00+00:00,1268.0
2024-01-02 12:00:00+00:00,837.0
2024-01-02 13:00:00+00:00,739.0
2024-01-02 14:00:00+00:00,400.0
2024-01-02 15:00:00+00:00,42.0
2024-01-02 16:00:00+00:00,0.0
2024-01-02 17:00:00+00:00,0.0
2024-01-02 18:00:00+00:00,0.0
2024-01-02 19:00:00+00:00,0.0
2024-01-02 20:00:00+00:00,0.0
2024-01-02 21:00:00+00:00,0.0
2024-01-02 22:00:00+00:00,0.0
2024-01-02 23:00:00+00:00,0.0
2024-01-03 00:00:00+00:00,0.0
2024-01-03 01:00:00+00:00,0.0
2024-01-03 02:00:00+00:00,0.0
2024-01-03 03:00:00+00:00,0.0
2024-01-03 04:00:00+00:00,0.0
2024-01-03 05:00:00+00:00,0.0
2024-01-03 06:00:00+00:00,0.0
2024-01-03 07:00:00+00:00,3.0
2024-01-03 08:00:00+00:00,223.0
2024-01-03 09:00:00+00:00,1144.0
2024-01-03 10:00:00+00:00,2320.0
2024-01-03 11:00:00+00:00,2534.0
2024-01-03 12:00:00+00:00,2553.0
2024-01-03 13:00:00+00:00,2337.0
2024-01-03 14:00:00+00:00,1391.0
2024-01-03 15:00:00+00:00,219.0
2024-01-03 16:00:00+00:00,0.0
2024-01-03 17:00:00+00:00,0.0
2024-01-03 18:00:00+00:00,0.0
2024-01-03 19:00:00+00:00,0.0
2024-01-03 20:00:00+00:00,0.0
2024-01-03 21:00:00+00:00,0.0
2024-01-03 22:00:00+00:00,0.0
2024-01-03 23:00:00+00:00,0.0
2024-01-04 00:00:00+00:00,0.0
2024-01-04 01:00:00+00:00,0.0
2024-01-04 02:00:00+00:00,0.0
2024-01-04 03:00:00+00:00,0.0
2024-01-04 04:00:00+00:00,0.0
2024-01-04 05:00:00+00:00,0.0
2024-01-04 06:00:00+00:00,0.0
2024-01-04 07:00:00+00:00,2.0
2024-01-04 08:00:00+00:00,231.0
2024-01-04 09:00:00+00:00,1125.0
2024-01-04 10:00:00+00:00,2126.0
2024-01-04 11:00:00+00:00,2571.0
2024-01-04 12:00:00+00:00,2652.0
2024-01-04 13:00:00+00:00,2260.0
2024-01-04 14:00:00+00:00,1614.0
2024-01-04 15:00:00+00:00,427.0
2024-01-04 16:00:00+00:00,0.0
2024-01-04 17:00:00+00:00,0.0
2024-01-04 18:00:00+00:00,0.0
2024-01-04 19:00:00+00:00,0.0
2024-01-04 20:00:00+00:00,0.0
2024-01-04 21:00:00+00:00,0.0
2024-01-04 22:00:00+00:00,0.0
2024-01-04 23:00:00+00:00,0.0
2024-01-05 00:00:00+00:00,0.0
2024-01-05 01:00:00+00:00,0.0
2024-01-05 02:00:00+00:00,0.0
2024-01-05 03:00:00+00:00,0.0
2024-01-05 04:00:00+00:00,0.0
2024-01-05 05:00:00+00:00,0.0
2024-01-05 06:00:00+00:00,0.0
2024-01-05 07:00:00+00:00,3.0
2024-01-05 08:00:00+00:00,168.0
2024-01-05 09:00:00+00:00,673.0
2024-01-05 10:00:00+00:00,1206.0
2024-01-05 11:00:00+00:00,1299.0
2024-01-05 12:00:00+00:00,1257.0
2024-01-05 13:00:00+00:00,1224.0
2024-01-05 14:00:00+00:00,690.0
2024-01-05 15:00:00+00:00,137.0
2024-01-05 16:00:00+00:00,0.0
2024-01-05 17:00:00+00:00,0.0
2024-01-05 18:00:00+00:00,0.0
2024-01-05 19:00:00+00:00,0.0
2024-01-05 20:00:00+00:00,0.0
2024-01-05 21:00:00+00:00,0.0
2024-01-05 22:00:00+00:00,0.0
2024-01-05 23:00:00+00:00,0.0
2024-01-06 00:00:00+00:00,0.0
2024-01-06 01:00:00+00:00,0.0
2024-01-06 02:00:00+00:00,0.0
2024-01-06 03:00:00+00:00,0.0
2024-01-06 04:00:00+00:00,0.0
2024-01-06 05:00:00+00:00,0.0
2024-01-06 06:00:00+00:00,0.0
2024-01-06 07:00:00+00:00,2.0
2024-01-06 08:00:00+00:00,134.0
2024-01-06 09:00:00+00:00,611.0
2024-01-06 10:00:00+00:00,1221.0
2024-01-06 11:00:00+00:00,1319.0
2024-01-06 12:00:00+00:00,1197.0
2024-01-06 13:00:00+00:00,1080.0
2024-01-06 14:00:00+00:00,786.0
2024-01-06 15:00:00+00:00,217.0
2024-01-06 16:00:00+00:00,0.0
2024-01-06 17:00:00+00:00,0.0
2024-01-06 18:00:00+00:00,0.0
2024-01-06 19:00:00+00:00,0.0
2024-01-06 20:00:00+00:00,0.0
2024-01-06 21:00:00+00:00,0.0
2024-01-06 22:00:00+00:00,0.0
2024-01-06 23:00:00+00:00,0.0
2024-01-07 00:00:00+00:00,0.0
2024-01-07 01:00:00+00:00,0.0
2024-01-07 02:00:00+00:00,0.0
2024-01-07 03:00:00+00:00,0.0
2024-01-07 04:00:00+00:00,0.0
2024-01-07 05:00:00+00:00,0.0
2024-01-07 06:00:00+00:00,0.0
2024-01-07 07:00:00+00:00,2.0
2024-01-07 08:00:00+00:00,200.0
2024-01-07 09:00:00+00:00,1081.0
2024-01-07 10:00:00+00:00,2611.0
2024-01-07 11:00:00+00:00,4017.0
2024-01-07 12:00:00+00:00,4456.0
2024-01-07 13:00:00+00:00,4017.0
2024-01-07 14:00:00+00:00,2667.0
2024-01-07 15:00:00+00:00,580.0
2024-01-07 16:00:00+00:00,0.0
2024-01-07 17:00:00+00:00,0.0
2024-01-07 18:00:00+00:00,0.0
2024-01-07 19:00:00+00:00,0.0
2024-01-07 20:00:00+00:00,0.0
2024-01-07 21:00:00+00:00,0.0
2024-01-07 22:00:00+00:00,0.0
2024-01-07 23:00:00+00:00,0.0
2024-01-08 00:00:00+00:00,0.0
2024-01-08 01:00:00+00:00,0.0
2024-01-08 02:00:00+00:00,0.0
2024-01-08 03:00:00+00:00,0.0
2024-01-08 04:00:00+00:00,0.0
2024-01-08 05:00:00+00:00,0.0
2024-01-08 06:00:00+00:00,0.0
2024-01-08 07:00:00+00:00,3.0
2024-01-08 08:00:00+00:00,211.0
2024-01-08 09:00:00+00:00,1241.0
2024-01-08 10:00:00+00:00,2596.0
2024-01-08 11:00:00+00:00,3754.0
2024-01-08 12:00:00+00:00,4861.0
2024-01-08 13:00:00+00:00,5261.0
2024-01-08 14:00:00+00:00,3126.0
2024-01-08 15:00:00+00:00,444.0
2024-01-08 16:00:00+00:00,0.0
2024-01-08 17:00:00+00:00,0.0
2024-01-08 18:00:00+00:00,0.0
2024-01-08 19:00:00+00:00,0.0
2024-01-08 20:00:00+00:00,0.0
2024-01-08 21:00:00+00:00,0.0
2024-01-08 22:00:00+00:00,0.0
2024-01-08 23:00:00+00:00,0.0
2024-01-09 00:00:00+00:00,0.0
2024-01-09 01:00:00+00:00,0.0
2024-01-09 02:00:00+00:00,0.0
2024-01-09 03:00:00+00:00,0.0
2024-01-09 04:00:00+00:00,0.0
2024-01-09 05:00:00+00:00,0.0
2024-01-09 06:00:00+00:00,0.0
2024-01-09 07:00:00+00:00,4.0
2024-01-09 08:00:00+00:00,773.0
2024-01-09 09:00:00+00:00,3676.0
2024-01-09 10:00:00+00:00,6355.0
2024-01-09 11:00:00+00:00,7852.0
2024-01-09 12:00:00+00:00,7890.0
2024-01-09 13:00:00+00:00,6386.0
2024-01-09 14:00:00+00:00,3835.0
2024-01-09 15:00:00+00:00,830.0
2024-01-09 16:00:00+00:00,0.0
2024-01-09 17:00:00+00:00,0.0
2024-01-09 18:00:00+00:00,0.0
2024-01-09 19:00:00+00:00,0.0
2024-01-09 20:00:00+00:00,0.0
2024-01-09 21:00:00+00:00,0.0
2024-01-09 22:00:00+00:00,0.0
2024-01-09 23:00:00+00:00,0.0
2024-01-10 00:00:00+00:00,0.0
2024-01-10 01:00:00+00:00,0.0
2024-01-10 02:00:00+00:00,0.0
2024-01-10 03:00:00+00:00,0.0
2024-01-10 04:00:00+00:00,0.0
2024-01-10 05:00:00+00:00,0.0
2024-01-10 06:00:00+00:00,0.0
2024-01-10 07:00:00+00:00,4.0
2024-01-10 08:00:00+00:00,804.0
2024-01-10 09:00:00+00:00,3815.0
2024-01-10 10:00:00+00:00,6393.0
2024-01-10 11:00:00+00:00,7756.0
2024-01-10 12:00:00+00:00,7644.0
2024-01-10 13:00:00+00:00,5998.0
2024-01-10 14:00:00+00:00,3600.0
2024-01-10 15:00:00+00:00,711.0
2024-01-10 16:00:00+00:00,0.0
2024-01-10 17:00:00+00:00,0.0
2024-01-10 18:00:00+00:00,0.0
2024-01-10 19:00:00+00:00,0.0
2024-01-10 20:00:00+00:00,0.0
2024-01-10 21:00:00+00:00,0.0
2024-01-10 22:00:00+00:00,0.0
2024-01-10 23:00:00+00:00,0.0
2024-01-11 00:00:00+00:00,0.0
2024-01-11 01:00:00+00:00,0.0
2024-01-11 02:00:00+00:00,0.0
2024-01-11 03:00:00+00:00,0.0
2024-01-11 04:00:00+00:00,0.0
2024-01-11 05:00:00+00:00,0.0
2024-01-11 06:00:00+00:00,0.0
2024-01-11 07:00:00+00:00,6.0
2024-01-11 08:00:00+00:00,866.0
2024-01-11 09:00:00+00:00,3275.0
2024-01-11 10:00:00+00:00,4538.0
2024-01-11 11:00:00+00:00,3923.0
2024-01-11 12:00:00+00:00,3653.0
2024-01-11 13:00:00+00:00,2512.0
2024-01-11 14:00:00+00:00,1240.0
2024-01-11 15:00:00+00:00,282.0
2024-01-11 16:00:00+00:00,0.0
2024-01-11 17:00:00+00:00,0.0
2024-01-11 18:00:00+00:00,0.0
2024-01-11 19:00:00+00:00,0.0
2024-01-11 20:00:00+00:00,0.0
2024-01-11 21:00:00+00:00,0.0
2024-01-11 22:00:00+00:00,0.0
2024-01-11 23:00:00+00:00,0.0
2024-01-12 00:00:00+00:00,0.0
2024-01-12 01:00:00+00:00,0.0
2024-01-12 02:00:00+00:00,0.0
2024-01-12 03:00:00+00:00,0.0
2024-01-12 04:00:00+00:00,0.0
2024-01-12 05:00:00+00:00,0.0
2024-01-12 06:00:00+00:00,0.0
2024-01-12 07:00:00+00:00,5.0
2024-01-12 08:00:00+00:00,246.0
2024-01-12 09:00:00+00:00,852.0
2024-01-12 10:00:00+00:00,1471.0
2024-01-12 11:00:00+00:00,2001.0
2024-01-12 12:00:00+00:00,2264.0
2024-01-12 13:00:00+00:00,2329.0
2024-01-12 14:00:00+00:00,1407.0
2024-01-12 15:00:00+00:00,323.0
2024-01-12 16:00:00+00:00,0.0
2024-01-12 17:00:00+00:00,0.0
2024-01-12 18:00:00+00:00,0.0
2024-01-12 19:00:00+00:00,0.0
2024-01-12 20:00:00+00:00,0.0
2024-01-12 21:00:00+00:00,0.0
2024-01-12 22:00:00+00:00,0.0
2024-01-12 23:00:00+00:00,0.0
2024-01-13 00:00:00+00:00,0.0
2024-01-13 01:00:00+00:00,0.0
2024-01-13 02:00:00+00:00,0.0
2024-01-13 03:00:00+00:00,0.0
2024-01-13 04:00:00+00:00,0.0
2024-01-13 05:00:00+00:00,0.0
2024-01-13 06:00:00+00:00,0.0
2024-01-13 07:00:00+00:00,5.0
2024-01-13 08:00:00+00:00,121.0
2024-01-13 09:00:00+00:00,448.0
2024-01-13 10:00:00+00:00,925.0
2024-01-13 11:00:00+00:00,1519.0
2024-01-13 12:00:00+00:00,1550.0
2024-01-13 13:00:00+00:00,1512.0
2024-01-13 14:00:00+00:00,1005.0
2024-01-13 15:00:00+00:00,326.0
2024-01-13 16:00:00+00:00,0.0
2024-01-13 17:00:00+00:00,0.0
2024-01-13 18:00:00+00:00,0.0
2024-01-13 19:00:00+00:00,0.0
2024-01-13 20:00:00+00:00,0.0
2024-01-13 21:00:00+00:00,0.0
2024-01-13 22:00:00+00:00,0.0
2024-01-13 23:00:00+00:00,0.0
2024-01-14 00:00:00+00:00,0.0
2024-01-14 01:00:00+00:00,0.0
2024-01-14 02:00:00+00:00,0.0
2024-01-14 03:00:00+00:00,0.0
2024-01-14 04:00:00+00:00,0.0
2024-01-14 05:00:00+00:00,0.0
2024-01-14 06:00:00+00:00,0.0
2024-01-14 07:00:00+00:00,3.0
2024-01-14 08:00:00+00:00,243.0
2024-01-14 09:00:00+00:00,1093.0
2024-01-14 10:00:00+00:00,1896.0
2024-01-14 11:00:00+00:00,1906.0
2024-01-14 12:00:00+00:00,2180.0
2024-01-14 13:00:00+00:00,2089.0
2024-01-14 14:00:00+00:00,1156.0
2024-01-14 15:00:00+00:00,392.0
2024-01-14 16:00:00+00:00,0.0
2024-01-14 17:00:00+00:00,0.0
2024-01-14 18:00:00+00:00,0.0
2024-01-14 19:00:00+00:00,0.0
2024-01-14 20:00:00+00:00,0.0
2024-01-14 21:00:00+00:00,0.0
2024-01-14 22:00:00+00:00,0.0
2024-01-14 23:00:00+00:00,0.0
2024-01-15 00:00:00+00:00,0.0
2024-01-15 01:00:00+00:00,0.0
2024-01-15 02:00:00+00:00,0.0
2024-01-15 03:00:00+00:00,0.0
2024-01-15 04:00:00+00:00,0.0
2024-01-15 05:00:00+00:00,0.0
2024-01-15 06:00:00+00:00,0.0
2024-01-15 07:00:00+00:00,4.0
2024-01-15 08:00:00+00:00,375.0
2024-01-15 09:00:00+00:00,2002.0
2024-01-15 10:00:00+00:00,3227.0
2024-01-15 11:00:00+00:00,3968.0
2024-01-15 12:00:00+00:00,3736.0
2024-01-15 13:00:00+00:00,3880.0
2024-01-15 14:00:00+00:00,2533.0
2024-01-15 15:00:00+00:00,793.0
2024-01-15 16:00:00+00:00,0.0
2024-01-15 17:00:00+00:00,0.0
2024-01-15 18:00:00+00:00,0.0
2024-01-15 19:00:00+00:00,0.0
2024-01-15 20:00:00+00:00,0.0
2024-01-15 21:00:00+00:00,0.0
2024-01-15 22:00:00+00:00,0.0
2024-01-15 23:00:00+00:00,0.0
2024-01-16 00:00:00+00:00,0.0
2024-01-16 01:00:00+00:00,0.0
2024-01-16 02:00:00+00:00,0.0
2024-01-16 03:00:00+00:00,0.0
2024-01-16 04:00:00+00:00,0.0
2024-01-16 05:00:00+00:00,0.0
2024-01-16 06:00:00+00:00,0.0
2024-01-16 07:00:00+00:00,5.0
2024-01-16 08:00:00+00:00,455.0
2024-01-16 09:00:00+00:00,1734.0
2024-01-16 10:00:00+00:00,4369.0
2024-01-16 11:00:00+00:00,6710.0
2024-01-16 12:00:00+00:00,6993.0
2024-01-16 13:00:00+00:00,5529.0
2024-01-16 14:00:00+00:00,3651.0
2024-01-16 15:00:00+00:00,1030.0
2024-01-16 16:00:00+00:00,0.0
2024-01-16 17:00:00+00:00,0.0
2024-01-16 18:00:00+00:00,0.0
2024-01-16 19:00:00+00:00,0.0
2024-01-16 20:00:00+00:00,0.0
2024-01-16 21:00:00+00:00,0.0
2024-01-16 22:00:00+00:00,0.0
2024-01-16 23:00:00+00:00,0.0
2024-01-17 00:00:00+00:00,0.0
2024-01-17 01:00:00+00:00,0.0
2024-01-17 02:00:00+00:00,0.0
2024-01-17 03:00:00+00:00,0.0
2024-01-17 04:00:00+00:00,0.0
2024-01-17 05:00:00+00:00,0.0
2024-01-17 06:00:00+00:00,0.0
2024-01-17 07:00:00+00:00,4.0
2024-01-17 08:00:00+00:00,447.0
2024-01-17 09:00:00+00:00,1777.0
2024-01-17 10:00:00+00:00,2725.0
2024-01-17 11:00:00+00:00,2895.0
2024-01-17 12:00:00+00:00,2602.0
2024-01-17 13:00:00+00:00,2034.0
2024-01-17 14:00:00+00:00,1222.0
2024-01-17 15:00:00+00:00,369.0
2024-01-17 16:00:00+00:00,0.0
2024-01-17 17:00:00+00:00,0.0
2024-01-17 18:00:00+00:00,0.0
2024-01-17 19:00:00+00:00,0.0
2024-01-17 20:00:00+00:00,0.0
2024-01-17 21:00:00+00:00,0.0
2024-01-17 22:00:00+00:00,0.0
2024-01-17 23:00:00+00:00,0.0
2024-01-18 00:00:00+00:00,0.0
2024-01-18 01:00:00+00:00,0.0
2024-01-18 02:00:00+00:00,0.0
2024-01-18 03:00:00+00:00,0.0
2024-01-18 04:00:00+00:00,0.0
2024-01-18 05:00:00+00:00,0.0
2024-01-18 06:00:00+00:00,0.0
2024-01-18 07:00:00+00:00,7.0
2024-01-18 08:00:00+00:00,1693.0
2024-01-18 09:00:00+00:00,5720.0
2024-01-18 10:00:00+00:00,8073.0
2024-01-18 11:00:00+00:00,8252.0
2024-01-18 12:00:00+00:00,7751.0
2024-01-18 13:00:00+00:00,6582.0
2024-01-18 14:00:00+00:00,4005.0
2024-01-18 15:00:00+00:00,1159.0
2024-01-18 16:00:00+00:00,7.0
2024-01-18 17:00:00+00:00,0.0
2024-01-18 18:00:00+00:00,0.0
2024-01-18 19:00:00+00:00,0.0
2024-01-18 20:00:00+00:00,0.0
2024-01-18 21:00:00+00:00,0.0
2024-01-18 22:00:00+00:00,0.0
2024-01-18 23:00:00+00:00,0.0
2024-01-19 00:00:00+00:00,0.0
2024-01-19 01:00:00+00:00,0.0
2024-01-19 02:00:00+00:00,0.0
2024-01-19 03:00:00+00:00,0.0
2024-01-19 04:00:00+00:00,0.0
2024-01-19 05:00:00+00:00,0.0
2024-01-19 06:00:00+00:00,0.0
2024-01-19 07:00:00+00:00,13.0
2024-01-19 08:00:00+00:00,1252.0
2024-01-19 09:00:00+00:00,4831.0
2024-01-19 10:00:00+00:00,7810.0
2024-01-19 11:00:00+00:00,9264.0
2024-01-19 12:00:00+00:00,8257.0
2024-01-19 13:00:00+00:00,6856.0
2024-01-19 14:00:00+00:00,4597.0
2024-01-19 15:00:00+00:00,1264.0
2024-01-19 16:00:00+00:00,9.0
2024-01-19 17:00:00+00:00,0.0
2024-01-19 18:00:00+00:00,0.0
2024-01-19 19:00:00+00:00,0.0
2024-01-19 20:00:00+00:00,0.0
2024-01-19 21:00:00+00:00,0.0
2024-01-19 22:00:00+00:00,0.0
2024-01-19 23:00:00+00:00,0.0
2024-01-20 00:00:00+00:00,0.0
2024-01-20 01:00:00+00:00,0.0
2024-01-20 02:00:00+00:00,0.0
2024-01-20 03:00:00+00:00,0.0
2024-01-20 04:00:00+00:00,0.0
2024-01-20 05:00:00+00:00,0.0
2024-01-20 06:00:00+00:00,0.0
2024-01-20 07:00:00+00:00,33.0
2024-01-20 08:00:00+00:00,958.0
2024-01-20 09:00:00+00:00,2431.0
2024-01-20 10:00:00+00:00,3902.0
2024-01-20 11:00:00+00:00,5023.0
2024-01-20 12:00:00+00:00,7176.0
2024-01-20 13:00:00+00:00,6277.0
2024-01-20 14:00:00+00:00,3496.0
2024-01-20 15:00:00+00:00,898.0
2024-01-20 16:00:00+00:00,14.0
2024-01-20 17:00:00+00:00,0.0
2024-01-20 18:00:00+00:00,0.0
2024-01-20 19:00:00+00:00,0.0
2024-01-20 20:00:00+00:00,0.0
2024-01-20 21:00:00+00:00,0.0
2024-01-20 22:00:00+00:00,0.0
2024-01-20 23:00:00+00:00,0.0
2024-01-21 00:00:00+00:00,0.0
2024-01-21 01:00:00+00:00,0.0
2024-01-21 02:00:00+00:00,0.0
2024-01-21 03:00:00+00:00,0.0
2024-01-21 04:00:00+00:00,0.0
2024-01-21 05:00:00+00:00,0.0
2024-01-21 06:00:00+00:00,0.0
2024-01-21 07:00:00+00:00,10.0
2024-01-21 08:00:00+00:00,436.0
2024-01-21 09:00:00+00:00,1510.0
2024-01-21 10:00:00+00:00,2010.0
2024-01-21 11:00:00+00:00,2444.0
2024-01-21 12:00:00+00:00,2350.0
2024-01-21 13:00:00+00:00,1797.0
2024-01-21 14:00:00+00:00,1208.0
2024-01-21 15:00:00+00:00,517.0
2024-01-21 16:00:00+00:00,17.0
2024-01-21 17:00:00+00:00,0.0
2024-01-21 18:00:00+00:00,0.0
2024-01-21 19:00:00+00:00,0.0
2024-01-21 20:00:00+00:00,0.0
2024-01-21 21:00:00+00:00,0.0
2024-01-21 22:00:00+00:00,0.0
2024-01-21 23:00:00+00:00,0.0
2024-01-22 00:00:00+00:00,0.0
2024-01-22 01:00:00+00:00,0.0
2024-01-22 02:00:00+00:00,0.0
2024-01-22 03:00:00+00:00,0.0
2024-01-22 04:00:00+00:00,0.0
2024-01-22 05:00:00+00:00,0.0
2024-01-22 06:00:00+00:00,0.0
2024-01-22 07:00:00+00:00,7.0
2024-01-22 08:00:00+00:00,228.0
2024-01-22 09:00:00+00:00,1094.0
2024-01-22 10:00:00+00:00,3020.0
2024-01-22 11:00:00+00:00,5451.0
2024-01-22 12:00:00+00:00,6792.0
2024-01-22 13:00:00+00:00,5843.0
2024-01-22 14:00:00+00:00,3458.0
2024-01-22 15:00:00+00:00,1030.0
2024-01-22 16:00:00+00:00,23.0
2024-01-22 17:00:00+00:00,0.0
2024-01-22 18:00:00+00:00,0.0
2024-01-22 19:00:00+00:00,0.0
2024-01-22 20:00:00+00:00,0.0
2024-01-22 21:00:00+00:00,0.0
2024-01-22 22:00:00+00:00,0.0
2024-01-22 23:00:00+00:00,0.0
2024-01-23 00:00:00+00:00,0.0
2024-01-23 01:00:00+00:00,0.0
2024-01-23 02:00:00+00:00,0.0
2024-01-23 03:00:00+00:00,0.0
2024-01-23 04:00:00+00:00,0.0
2024-01-23 05:00:00+00:00,0.0
2024-01-23 06:00:00+00:00,0.0
2024-01-23 07:00:00+00:00,17.0
2024-01-23 08:00:00+00:00,992.0
2024-01-23 09:00:00+00:00,3963.0
2024-01-23 10:00:00+00:00,6320.0
2024-01-23 11:00:00+00:00,6255.0
2024-01-23 12:00:00+00:00,5659.0
2024-01-23 13:00:00+00:00,2720.0
2024-01-23 14:00:00+00:00,854.0
2024-01-23 15:00:00+00:00,249.0
2024-01-23 16:00:00+00:00,3.0
2024-01-23 17:00:00+00:00,0.0
2024-01-23 18:00:00+00:00,0.0
2024-01-23 19:00:00+00:00,0.0
2024-01-23 20:00:00+00:00,0.0
2024-01-23 21:00:00+00:00,0.0
2024-01-23 22:00:00+00:00,0.0
2024-01-23 23:00:00+00:00,0.0
2024-01-24 00:00:00+00:00,0.0
2024-01-24 01:00:00+00:00,0.0
2024-01-24 02:00:00+00:00,0.0
2024-01-24 03:00:00+00:00,0.0
2024-01-24 04:00:00+00:00,0.0
2024-01-24 05:00:00+00:00,0.0
2024-01-24 06:00:00+00:00,0.0
2024-01-24 07:00:00+00:00,16.0
2024-01-24 08:00:00+00:00,776.0
2024-01-24 09:00:00+00:00,2869.0
2024-01-24 10:00:00+00:00,5185.0
2024-01-24 11:00:00+00:00,5547.0
2024-01-24 12:00:00+00:00,5331.0
2024-01-24 13:00:00+00:00,4028.0
2024-01-24 14:00:00+00:00,2416.0
2024-01-24 15:00:00+00:00,784.0
2024-01-24 16:00:00+00:00,16.0
2024-01-24 17:00:00+00:00,0.0
2024-01-24 18:00:00+00:00,0.0
2024-01-24 19:00:00+00:00,0.0
2024-01-24 20:00:00+00:00,0.0
2024-01-24 21:00:00+00:00,0.0
2024-01-24 22:00:00+00:00,0.0
2024-01-24 23:00:00+00:00,0.0
2024-01-25 00:00:00+00:00,0.0
2024-01-25 01:00:00+00:00,0.0
2024-01-25 02:00:00+00:00,0.0
2024-01-25 03:00:00+00:00,0.0
2024-01-25 04:00:00+00:00,0.0
2024-01-25 05:00:00+00:00,0.0
2024-01-25 06:00:00+00:00,0.0
2024-01-25 07:00:00+00:00,49.0
2024-01-25 08:00:00+00:00,947.0
2024-01-25 09:00:00+00:00,2728.0
2024-01-25 10:00:00+00:00,3911.0
2024-01-25 11:00:00+00:00,4508.0
2024-01-25 12:00:00+00:00,4530.0
2024-01-25 13:00:00+00:00,3441.0
2024-01-25 14:00:00+00:00,1477.0
2024-01-25 15:00:00+00:00,392.0
2024-01-25 16:00:00+00:00,14.0
2024-01-25 17:00:00+00:00,0.0
2024-01-25 18:00:00+00:00,0.0
2024-01-25 19:00:00+00:00,0.0
2024-01-25 20:00:00+00:00,0.0
2024-01-25 21:00:00+00:00,0.0
2024-01-25 22:00:00+00:00,0.0
2024-01-25 23:00:00+00:00,0.0
2024-01-26 00:00:00+00:00,0.0
2024-01-26 01:00:00+00:00,0.0
2024-01-26 02:00:00+00:00,0.0
2024-01-26 03:00:00+00:00,0.0
2024-01-26 04:00:00+00:00,0.0
2024-01-26 05:00:00+00:00,0.0
2024-01-26 06:00:00+00:00,0.0
2024-01-26 07:00:00+00:00,10.0
2024-01-26 08:00:00+00:00,159.0
2024-01-26 09:00:00+00:00,1011.0
2024-01-26 10:00:00+00:00,3912.0
2024-01-26 11:00:00+00:00,6470.0
2024-01-26 12:00:00+00:00,5878.0
2024-01-26 13:00:00+00:00,5485.0
2024-01-26 14:00:00+00:00,4182.0
2024-01-26 15:00:00+00:00,1676.0
2024-01-26 16:00:00+00:00,97.0
2024-01-26 17:00:00+00:00,0.0
2024-01-26 18:00:00+00:00,0.0
2024-01-26 19:00:00+00:00,0.0
2024-01-26 20:00:00+00:00,0.0
2024-01-26 21:00:00+00:00,0.0
2024-01-26 22:00:00+00:00,0.0
2024-01-26 23:00:00+00:00,0.0
2024-01-27 00:00:00+00:00,0.0
2024-01-27 01:00:00+00:00,0.0
2024-01-27 02:00:00+00:00,0.0
2024-01-27 03:00:00+00:00,0.0
2024-01-27 04:00:00+00:00,0.0
2024-01-27 05:00:00+00:00,0.0
2024-01-27 06:00:00+00:00,0.0
2024-01-27 07:00:00+00:00,51.0
2024-01-27 08:00:00+00:00,1577.0
2024-01-27 09:00:00+00:00,4664.0
2024-01-27 10:00:00+00:00,7255.0
2024-01-27 11:00:00+00:00,8608.0
2024-01-27 12:00:00+00:00,8446.0
2024-01-27 13:00:00+00:00,6862.0
2024-01-27 14:00:00+00:00,3939.0
2024-01-27 15:00:00+00:00,1504.0
2024-01-27 16:00:00+00:00,94.0
2024-01-27 17:00:00+00:00,0.0
2024-01-27 18:00:00+00:00,0.0
2024-01-27 19:00:00+00:00,0.0
2024-01-27 20:00:00+00:00,0.0
2024-01-27 21:00:00+00:00,0.0
2024-01-27 22:00:00+00:00,0.0
2024-01-27 23:00:00+00:00,0.0
2024-01-28 00:00:00+00:00,0.0
2024-01-28 01:00:00+00:00,0.0
2024-01-28 02:00:00+00:00,0.0
2024-01-28 03:00:00+00:00,0.0
2024-01-28 04:00:00+00:00,0.0
2024-01-28 05:00:00+00:00,0.0
2024-01-28 06:00:00+00:00,0.0
2024-01-28 07:00:00+00:00,65.0
2024-01-28 08:00:00+00:00,1700.0
2024-01-28 09:00:00+00:00,4924.0
2024-01-28 10:00:00+00:00,7625.0
2024-01-28 11:00:00+00:00,8837.0
2024-01-28 12:00:00+00:00,9037.0
2024-01-28 13:00:00+00:00,7709.0
2024-01-28 14:00:00+00:00,4815.0
2024-01-28 15:00:00+00:00,1670.0
2024-01-28 16:00:00+00:00,75.0
2024-01-28 17:00:00+00:00,0.0
2024-01-28 18:00:00+00:00,0.0
2024-01-28 19:00:00+00:00,0.0
2024-01-28 20:00:00+00:00,0.0
2024-01-28 21:00:00+00:00,0.0
2024-01-28 22:00:00+00:00,0.0
2024-01-28 23:00:00+00:00,0.0
2024-01-29 00:00:00+00:00,0.0
2024-01-29 01:00:00+00:00,0.0
2024-01-29 02:00:00+00:00,0.0
2024-01-29 03:00:00+00:00,0.0
2024-01-29 04:00:00+00:00,0.0
2024-01-29 05:00:00+00:00,0.0
2024-01-29 06:00:00+00:00,0.0
2024-01-29 07:00:00+00:00,56.0
2024-01-29 08:00:00+00:00,1306.0
2024-01-29 09:00:00+00:00,3489.0
2024-01-29 10:00:00+00:00,6186.0
2024-01-29 11:00:00+00:00,7540.0
2024-01-29 12:00:00+00:00,6997.0
2024-01-29 13:00:00+00:00,5294.0
2024-01-29 14:00:00+00:00,3310.0
2024-01-29 15:00:00+00:00,1321.0
2024-01-29 16:00:00+00:00,79.0
2024-01-29 17:00:00+00:00,0.0
2024-01-29 18:00:00+00:00,0.0
2024-01-29 19:00:00+00:00,0.0
2024-01-29 20:00:00+00:00,0.0
2024-01-29 21:00:00+00:00,0.0
2024-01-29 22:00:00+00:00,0.0
2024-01-29 23:00:00+00:00,0.0
2024-01-30 00:00:00+00:00,0.0
2024-01-30 01:00:00+00:00,0.0
2024-01-30 02:00:00+00:00,0.0
2024-01-30 03:00:00+00:00,0.0
2024-01-30 04:00:00+00:00,0.0
2024-01-30 05:00:00+00:00,0.0
2024-01-30 06:00:00+00:00,0.0
2024-01-30 07:00:00+00:00,21.0
2024-01-30 08:00:00+00:00,494.0
2024-01-30 09:00:00+00:00,1509.0
2024-01-30 10:00:00+00:00,2248.0
2024-01-30 11:00:00+00:00,2574.0
2024-01-30 12:00:00+00:00,3029.0
2024-01-30 13:00:00+00:00,2869.0
2024-01-30 14:00:00+00:00,1597.0
2024-01-30 15:00:00+00:00,717.0
2024-01-30 16:00:00+00:00,98.0
2024-01-30 17:00:00+00:00,0.0
2024-01-30 18:00:00+00:00,0.0
2024-01-30 19:00:00+00:00,0.0
2024-01-30 20:00:00+00:00,0.0
2024-01-30 21:00:00+00:00,0.0
2024-01-30 22:00:00+00:00,0.0
2024-01-30 23:00:00+00:00,0.0
2024-01-31 00:00:00+00:00,0.0
2024-01-31 01:00:00+00:00,0.0
2024-01-31 02:00:00+00:00,0.0
2024-01-31 03:00:00+00:00,0.0
2024-01-31 04:00:00+00:00,0.0
2024-01-31 05:00:00+00:00,0.0
2024-01-31 06:00:00+00:00,0.0
2024-01-31 07:00:00+00:00,23.0
2024-01-31 08:00:00+00:00,409.0
2024-01-31 09:00:00+00:00,1441.0
2024-01-31 10:00:00+00:00,2154.0
2024-01-31 11:00:00+00:00,2447.0
2024-01-31 12:00:00+00:00,2816.0
2024-01-31 13:00:00+00:00,2397.0
2024-01-31 14:00:00+00:00,1737.0
2024-01-31 15:00:00+00:00,872.0
2024-01-31 16:00:00+00:00,102.0
2024-01-31 17:00:00+00:00,0.0
2024-01-31 18:00:00+00:00,0.0
2024-01-31 19:00:00+00:00,0.0
2024-01-31 20:00:00+00:00,0.0
2024-01-31 21:00:00+00:00,0.0
2024-01-31 22:00:00+00:00,0.0
2024-01-31 23:00:00+00:00,0.0
2024-02-01 00:00:00+00:00,0.0
2024-02-01 01:00:00+00:00,0.0
2024-02-01 02:00:00+00:00,0.0
2024-02-01 03:00:00+00:00,0.0
2024-02-01 04:00:00+00:00,0.0
2024-02-01 05:00:00+00:00,0.0
2024-02-01 06:00:00+00:00,0.0
2024-02-01 07:00:00+00:00,72.0
2024-02-01 08:00:00+00:00,1761.0
2024-02-01 09:00:00+00:00,5101.0
2024-02-01 10:00:00+00:00,7542.0
2024-02-01 11:00:00+00:00,8432.0
2024-02-01 12:00:00+00:00,8356.0
2024-02-01 13:00:00+00:00,7041.0
2024-02-01 14:00:00+00:00,5029.0
2024-02-01 15:00:00+00:00,2359.0
2024-02-01 16:00:00+00:00,192.0
2024-02-01 17:00:00+00:00,0.0
2024-02-01 18:00:00+00:00,0.0
2024-02-01 19:00:00+00:00,0.0
2024-02-01 20:00:00+00:00,0.0
2024-02-01 21:00:00+00:00,0.0
2024-02-01 22:00:00+00:00,0.0
2024-02-01 23:00:00+00:00,0.0
2024-02-02 00:00:00+00:00,0.0
2024-02-02 01:00:00+00:00,0.0
2024-02-02 02:00:00+00:00,0.0
2024-02-02 03:00:00+00:00,0.0
2024-02-02 04:00:00+00:00,0.0
2024-02-02 05:00:00+00:00,0.0
2024-02-02 06:00:00+00:00,0.0
2024-02-02 07:00:00+00:00,91.0
2024-02-02 08:00:00+00:00,1210.0
2024-02-02 09:00:00+00:00,2550.0
2024-02-02 10:00:00+00:00,3823.0
2024-02-02 11:00:00+00:00,3786.0
2024-02-02 12:00:00+00:00,2694.0
2024-02-02 13:00:00+00:00,2134.0
2024-02-02 14:00:00+00:00,1347.0
2024-02-02 15:00:00+00:00,792.0
2024-02-02 16:00:00+00:00,123.0
2024-02-02 17:00:00+00:00,0.0
2024-02-02 18:00:00+00:00,0.0
2024-02-02 19:00:00+00:00,0.0
2024-02-02 20:00:00+00:00,0.0
2024-02-02 21:00:00+00:00,0.0
2024-02-02 22:00:00+00:00,0.0
2024-02-02 23:00:00+00:00,0.0
2024-02-03 00:00:00+00:00,0.0
2024-02-03 01:00:00+00:00,0.0
2024-02-03 02:00:00+00:00,0.0
2024-02-03 03:00:00+00:00,0.0
2024-02-03 04:00:00+00:00,0.0
2024-02-03 05:00:00+00:00,0.0
2024-02-03 06:00:00+00:00,0.0
2024-02-03 07:00:00+00:00,39.0
2024-02-03 08:00:00+00:00,577.0
2024-02-03 09:00:00+00:00,1787.0
2024-02-03 10:00:00+00:00,2739.0
2024-02-03 11:00:00+00:00,2980.0
2024-02-03 12:00:00+00:00,3042.0
2024-02-03 13:00:00+00:00,2794.0
2024-02-03 14:00:00+00:00,2225.0
2024-02-03 15:00:00+00:00,1273.0
2024-02-03 16:00:00+00:00,178.0
2024-02-03 17:00:00+00:00,0.0
2024-02-03 18:00:00+00:00,0.0
2024-02-03 19:00:00+00:00,0.0
2024-02-03 20:00:00+00:00,0.0
2024-02-03 21:00:00+00:00,0.0
2024-02-03 22:00:00+00:00,0.0
2024-02-03 23:00:00+00:00,0.0
2024-02-04 00:00:00+00:00,0.0
2024-02-04 01:00:00+00:00,0.0
2024-02-04 02:00:00+00:00,0.0
2024-02-04 03:00:00+00:00,0.0
2024-02-04 04:00:00+00:00,0.0
2024-02-04 05:00:00+00:00,0.0
2024-02-04 06:00:00+00:00,0.0
2024-02-04 07:00:00+00:00,35.0
2024-02-04 08:00:00+00:00,567.0
2024-02-04 09:00:00+00:00,1512.0
2024-02-04 10:00:00+00:00,2299.0
2024-02-04 11:00:00+00:00,2368.0
2024-02-04 12:00:00+00:00,2629.0
2024-02-04 13:00:00+00:00,2174.0
2024-02-04 14:00:00+00:00,1091.0
2024-02-04 15:00:00+00:00,645.0
2024-02-04 16:00:00+00:00,128.0
2024-02-04 17:00:00+00:00,0.0
2024-02-04 18:00:00+00:00,0.0
2024-02-04 19:00:00+00:00,0.0
2024-02-04 20:00:00+00:00,0.0
2024-02-04 21:00:00+00:00,0.0
2024-02-04 22:00:00+00:00,0.0
2024-02-04 23:00:00+00:00,0.0
2024-02-05 00:00:00+00:00,0.0
2024-02-05 01:00:00+00:00,0.0
2024-02-05 02:00:00+00:00,0.0
2024-02-05 03:00:00+00:00,0.0
2024-02-05 04:00:00+00:00,0.0
2024-02-05 05:00:00+00:00,0.0
2024-02-05 06:00:00+00:00,0.0
2024-02-05 07:00:00+00:00,65.0
2024-02-05 08:00:00+00:00,807.0
2024-02-05 09:00:00+00:00,2159.0
2024-02-05 10:00:00+00:00,3279.0
2024-02-05 11:00:00+00:00,4209.0
2024-02-05 12:00:00+00:00,4438.0
2024-02-05 13:00:00+00:00,3704.0
2024-02-05 14:00:00+00:00,1993.0
2024-02-05 15:00:00+00:00,901.0
2024-02-05 16:00:00+00:00,83.0
2024-02-05 17:00:00+00:00,0.0
2024-02-05 18:00:00+00:00,0.0
2024-02-05 19:00:00+00:00,0.0
2024-02-05 20:00:00+00:00,0.0
2024-02-05 21:00:00+00:00,0.0
2024-02-05 22:00:00+00:00,0.0
2024-02-05 23:00:00+00:00,0.0
2024-02-06 00:00:00+00:00,0.0
2024-02-06 01:00:00+00:00,0.0
2024-02-06 02:00:00+00:00,0.0
2024-02-06 03:00:00+00:00,0.0
2024-02-06 04:00:00+00:00,0.0
2024-02-06 05:00:00+00:00,0.0
2024-02-06 06:00:00+00:00,0.0
2024-02-06 07:00:00+00:00,31.0
2024-02-06 08:00:00+00:00,532.0
2024-02-06 09:00:00+00:00,1613.0
2024-02-06 10:00:00+00:00,2894.0
2024-02-06 11:00:00+00:00,2982.0
2024-02-06 12:00:00+00:00,2799.0
2024-02-06 13:00:00+00:00,2370.0
2024-02-06 14:00:00+00:00,1485.0
2024-02-06 15:00:00+00:00,740.0
2024-02-06 16:00:00+00:00,100.0
2024-02-06 17:00:00+00:00,0.0
2024-02-06 18:00:00+00:00,0.0
2024-02-06 19:00:00+00:00,0.0
2024-02-06 20:00:00+00:00,0.0
2024-02-06 21:00:00+00:00,0.0
2024-02-06 22:00:00+00:00,0.0
2024-02-06 23:00:00+00:00,0.0
2024-02-07 00:00:00+00:00,0.0
2024-02-07 01:00:00+00:00,0.0
2024-02-07 02:00:00+00:00,0.0
2024-02-07 03:00:00+00:00,0.0
2024-02-07 04:00:00+00:00,0.0
2024-02-07 05:00:00+00:00,0.0
2024-02-07 06:00:00+00:00,0.0
2024-02-07 07:00:00+00:00,61.0
2024-02-07 08:00:00+00:00,759.0
2024-02-07 09:00:00+00:00,2009.0
2024-02-07 10:00:00+00:00,3803.0
2024-02-07 11:00:00+00:00,6174.0
2024-02-07 12:00:00+00:00,7287.0
2024-02-07 13:00:00+00:00,5919.0
2024-02-07 14:00:00+00:00,3886.0
2024-02-07 15:00:00+00:00,1760.0
2024-02-07 16:00:00+00:00,179.0
2024-02-07 17:00:00+00:00,0.0
2024-02-07 18:00:00+00:00,0.0
2024-02-07 19:00:00+00:00,0.0
2024-02-07 20:00:00+00:00,0.0
2024-02-07 21:00:00+00:00,0.0
2024-02-07 22:00:00+00:00,0.0
2024-02-07 23:00:00+00:00,0.0
2024-02-08 00:00:00+00:00,0.0
2024-02-08 01:00:00+00:00,0.0
2024-02-08 02:00:00+00:00,0.0
2024-02-08 03:00:00+00:00,0.0
2024-02-08 04:00:00+00:00,0.0
2024-02-08 05:00:00+00:00,0.0
2024-02-08 06:00:00+00:00,0.0
2024-02-08 07:00:00+00:00,90.0
2024-02-08 08:00:00+00:00,969.0
2024-02-08 09:00:00+00:00,1884.0
2024-02-08 10:00:00+00:00,2140.0
2024-02-08 11:00:00+00:00,1848.0
2024-02-08 12:00:00+00:00,1547.0
2024-02-08 13:00:00+00:00,1173.0
2024-02-08 14:00:00+00:00,901.0
2024-02-08 15:00:00+00:00,458.0
2024-02-08 16:00:00+00:00,75.0
2024-02-08 17:00:00+00:00,0.0
2024-02-08 18:00:00+00:00,0.0
2024-02-08 19:00:00+00:00,0.0
2024-02-08 20:00:00+00:00,0.0
2024-02-08 21:00:00+00:00,0.0
2024-02-08 22:00:00+00:00,0.0
2024-02-08 23:00:00+00:00,0.0
2024-02-09 00:00:00+00:00,0.0
2024-02-09 01:00:00+00:00,0.0
2024-02-09 02:00:00+00:00,0.0
2024-02-09 03:00:00+00:00,0.0
2024-02-09 04:00:00+00:00,0.0
2024-02-09 05:00:00+00:00,0.0
2024-02-09 06:00:00+00:00,0.0
2024-02-09 07:00:00+00:00,67.0
2024-02-09 08:00:00+00:00,653.0
2024-02-09 09:00:00+00:00,1830.0
2024-02-09 10:00:00+00:00,2699.0
2024-02-09 11:00:00+00:00,3876.0
2024-02-09 12:00:00+00:00,3868.0
2024-02-09 13:00:00+00:00,3364.0
2024-02-09 14:00:00+00:00,2580.0
2024-02-09 15:00:00+00:00,1312.0
2024-02-09 16:00:00+00:00,231.0
2024-02-09 17:00:00+00:00,0.0
2024-02-09 18:00:00+00:00,0.0
2024-02-09 19:00:00+00:00,0.0
2024-02-09 20:00:00+00:00,0.0
2024-02-09 21:00:00+00:00,0.0
2024-02-09 22:00:00+00:00,0.0
2024-02-09 23:00:00+00:00,0.0
2024-02-10 00:00:00+00:00,0.0
2024-02-10 01:00:00+00:00,0.0
2024-02-10 02:00:00+00:00,0.0
2024-02-10 03:00:00+00:00,0.0
2024-02-10 04:00:00+00:00,0.0
2024-02-10 05:00:00+00:00,0.0
2024-02-10 06:00:00+00:00,0.0
2024-02-10 07:00:00+00:00,145.0
2024-02-10 08:00:00+00:00,1333.0
2024-02-10 09:00:00+00:00,2727.0
2024-02-10 10:00:00+00:00,4184.0
2024-02-10 11:00:00+00:00,5562.0
2024-02-10 12:00:00+00:00,5450.0
2024-02-10 13:00:00+00:00,4829.0
2024-02-10 14:00:00+00:00,3124.0
2024-02-10 15:00:00+00:00,1463.0
2024-02-10 16:00:00+00:00,273.0
2024-02-10 17:00:00+00:00,0.0
2024-02-10 18:00:00+00:00,0.0
2024-02-10 19:00:00+00:00,0.0
2024-02-10 20:00:00+00:00,0.0
2024-02-10 21:00:00+00:00,0.0
2024-02-10 22:00:00+00:00,0.0
2024-02-10 23:00:00+00:00,0.0
2024-02-11 00:00:00+00:00,0.0
2024-02-11 01:00:00+00:00,0.0
2024-02-11 02:00:00+00:00,0.0
2024-02-11 03:00:00+00:00,0.0
2024-02-11 04:00:00+00:00,0.0
2024-02-11 05:00:00+00:00,0.0
2024-02-11 06:00:00+00:00,0.0
2024-02-11 07:00:00+00:00,70.0
2024-02-11 08:00:00+00:00,690.0
2024-02-11 09:00:00+00:00,1427.0
2024-02-11 10:00:00+00:00,2337.0
2024-02-11 11:00:00+00:00,3260.0
2024-02-11 12:00:00+00:00,3573.0
2024-02-11 13:00:00+00:00,2732.0
2024-02-11 14:00:00+00:00,1978.0
2024-02-11 15:00:00+00:00,1302.0
2024-02-11 16:00:00+00:00,368.0
2024-02-11 17:00:00+00:00,0.0
2024-02-11 18:00:00+00:00,0.0
2024-02-11 19:00:00+00:00,0.0
2024-02-11 20:00:00+00:00,0.0
2024-02-11 21:00:00+00:00,0.0
2024-02-11 22:00:00+00:00,0.0
2024-02-11 23:00:00+00:00,0.0
2024-02-12 00:00:00+00:00,0.0
2024-02-12 01:00:00+00:00,0.0
2024-02-12 02:00:00+00:00,0.0
2024-02-12 03:00:00+00:00,0.0
2024-02-12 04:00:00+00:00,0.0
2024-02-12 05:00:00+00:00,0.0
2024-02-12 06:00:00+00:00,0.0
2024-02-12 07:00:00+00:00,194.0
2024-02-12 08:00:00+00:00,1860.0
2024-02-12 09:00:00+00:00,3732.0
2024-02-12 10:00:00+00:00,4668.0
2024-02-12 11:00:00+00:00,5839.0
2024-02-12 12:00:00+00:00,6567.0
2024-02-12 13:00:00+00:00,5812.0
2024-02-12 14:00:00+00:00,5290.0
2024-02-12 15:00:00+00:00,2788.0
2024-02-12 16:00:00+00:00,643.0
2024-02-12 17:00:00+00:00,0.0
2024-02-12 18:00:00+00:00,0.0
2024-02-12 19:00:00+00:00,0.0
2024-02-12 20:00:00+00:00,0.0
2024-02-12 21:00:00+00:00,0.0
2024-02-12 22:00:00+00:00,0.0
2024-02-12 23:00:00+00:00,0.0
2024-02-13 00:00:00+00:00,0.0
2024-02-13 01:00:00+00:00,0.0
2024-02-13 02:00:00+00:00,0.0
2024-02-13 03:00:00+00:00,0.0
2024-02-13 04:00:00+00:00,0.0
2024-02-13 05:00:00+00:00,0.0
2024-02-13 06:00:00+00:00,0.0
2024-02-13 07:00:00+00:00,277.0
2024-02-13 08:00:00+00:00,2560.0
2024-02-13 09:00:00+00:00,5683.0
2024-02-13 10:00:00+00:00,7289.0
2024-02-13 11:00:00+00:00,7929.0
2024-02-13 12:00:00+00:00,7260.0
2024-02-13 13:00:00+00:00,6202.0
2024-02-13 14:00:00+00:00,3438.0
2024-02-13 15:00:00+00:00,1300.0
2024-02-13 16:00:00+00:00,245.0
2024-02-13 17:00:00+00:00,0.0
2024-02-13 18:00:00+00:00,0.0
2024-02-13 19:00:00+00:00,0.0
2024-02-13 20:00:00+00:00,0.0
2024-02-13 21:00:00+00:00,0.0
2024-02-13 22:00:00+00:00,0.0
2024-02-13 23:00:00+00:00,0.0
2024-02-14 00:00:00+00:00,0.0
2024-02-14 01:00:00+00:00,0.0
2024-02-14 02:00:00+00:00,0.0
2024-02-14 03:00:00+00:00,0.0
2024-02-14 04:00:00+00:00,0.0
2024-02-14 05:00:00+00:00,0.0
2024-02-14 06:00:00+00:00,0.0
2024-02-14 07:00:00+00:00,96.0
2024-02-14 08:00:00+00:00,705.0
2024-02-14 09:00:00+00:00,1451.0
2024-02-14 10:00:00+00:00,1970.0
2024-02-14 11:00:00+00:00,2088.0
2024-02-14 12:00:00+00:00,1909.0
2024-02-14 13:00:00+00:00,1500.0
2024-02-14 14:00:00+00:00,1198.0
2024-02-14 15:00:00+00:00,742.0
2024-02-14 16:00:00+00:00,150.0
2024-02-14 17:00:00+00:00,0.0
2024-02-14 18:00:00+00:00,0.0
2024-02-14 19:00:00+00:00,0.0
2024-02-14 20:00:00+00:00,0.0
2024-02-14 21:00:00+00:00,0.0
2024-02-14 22:00:00+00:00,0.0
2024-02-14 23:00:00+00:00,0.0
2024-02-15 00:00:00+00:00,0.0
2024-02-15 01:00:00+00:00,0.0
2024-02-15 02:00:00+00:00,0.0
2024-02-15 03:00:00+00:00,0.0
2024-02-15 04:00:00+00:00,0.0
2024-02-15 05:00:00+00:00,0.0
2024-02-15 06:00:00+00:00,0.0
2024-02-15 07:00:00+00:00,88.0
2024-02-15 08:00:00+00:00,578.0
2024-02-15 09:00:00+00:00,1412.0
2024-02-15 10:00:00+00:00,2556.0
2024-02-15 11:00:00+00:00,3680.0
2024-02-15 12:00:00+00:00,4330.0
2024-02-15 13:00:00+00:00,4870.0
2024-02-15 14:00:00+00:00,3914.0
2024-02-15 15:00:00+00:00,2268.0
2024-02-15 16:00:00+00:00,556.0
2024-02-15 17:00:00+00:00,0.0
2024-02-15 18:00:00+00:00,0.0
2024-02-15 19:00:00+00:00,0.0
2024-02-15 20:00:00+00:00,0.0
2024-02-15 21:00:00+00:00,0.0
2024-02-15 22:00:00+00:00,0.0
2024-02-15 23:00:00+00:00,0.0
2024-02-16 00:00:00+00:00,0.0
2024-02-16 01:00:00+00:00,0.0
2024-02-16 02:00:00+00:00,0.0
2024-02-16 03:00:00+00:00,0.0
2024-02-16 04:00:00+00:00,0.0
2024-02-16 05:00:00+00:00,0.0
2024-02-16 06:00:00+00:00,0.0
2024-02-16 07:00:00+00:00,227.0
2024-02-16 08:00:00+00:00,1092.0
2024-02-16 09:00:00+00:00,1862.0
2024-02-16 10:00:00+00:00,1886.0
2024-02-16 11:00:00+00:00,1381.0
2024-02-16 12:00:00+00:00,2026.0
2024-02-16 13:00:00+00:00,2887.0
2024-02-16 14:00:00+00:00,2713.0
2024-02-16 15:00:00+00:00,1978.0
2024-02-16 16:00:00+00:00,624.0
2024-02-16 17:00:00+00:00,0.0
2024-02-16 18:00:00+00:00,0.0
2024-02-16 19:00:00+00:00,0.0
2024-02-16 20:00:00+00:00,0.0
2024-02-16 21:00:00+00:00,0.0
2024-02-16 22:00:00+00:00,0.0
2024-02-16 23:00:00+00:00,0.0
2024-02-17 00:00:00+00:00,0.0
2024-02-17 01:00:00+00:00,0.0
2024-02-17 02:00:00+00:00,0.0
2024-02-17 03:00:00+00:00,0.0
2024-02-17 04:00:00+00:00,0.0
2024-02-17 05:00:00+00:00,0.0
2024-02-17 06:00:00+00:00,0.0
2024-02-17 07:00:00+00:00,214.0
2024-02-17 08:00:00+00:00,1222.0
2024-02-17 09:00:00+00:00,2940.0
2024-02-17 10:00:00+00:00,4510.0
2024-02-17 11:00:00+00:00,5448.0
2024-02-17 12:00:00+00:00,5271.0
2024-02-17 13:00:00+00:00,4668.0
2024-02-17 14:00:00+00:00,3573.0
2024-02-17 15:00:00+00:00,2189.0
2024-02-17 16:00:00+00:00,534.0
2024-02-17 17:00:00+00:00,0.0
2024-02-17 18:00:00+00:00,0.0
2024-02-17 19:00:00+00:00,0.0
2024-02-17 20:00:00+00:00,0.0
2024-02-17 21:00:00+00:00,0.0
2024-02-17 22:00:00+00:00,0.0
2024-02-17 23:00:00+00:00,0.0
2024-02-18 00:00:00+00:00,0.0
2024-02-18 01:00:00+00:00,0.0
2024-02-18 02:00:00+00:00,0.0
2024-02-18 03:00:00+00:00,0.0
2024-02-18 04:00:00+00:00,0.0
2024-02-18 05:00:00+00:00,0.0
2024-02-18 06:00:00+00:00,0.0
2024-02-18 07:00:00+00:00,97.0
2024-02-18 08:00:00+00:00,633.0
2024-02-18 09:00:00+00:00,1208.0
2024-02-18 10:00:00+00:00,1758.0
2024-02-18 11:00:00+00:00,1680.0
2024-02-18 12:00:00+00:00,1242.0
2024-02-18 13:00:00+00:00,1257.0
2024-02-18 14:00:00+00:00,1401.0
2024-02-18 15:00:00+00:00,1185.0
2024-02-18 16:00:00+00:00,281.0
2024-02-18 17:00:00+00:00,0.0
2024-02-18 18:00:00+00:00,0.0
2024-02-18 19:00:00+00:00,0.0
2024-02-18 20:00:00+00:00,0.0
2024-02-18 21:00:00+00:00,0.0
2024-02-18 22:00:00+00:00,0.0
2024-02-18 23:00:00+00:00,0.0
2024-02-19 00:00:00+00:00,0.0
2024-02-19 01:00:00+00:00,0.0
2024-02-19 02:00:00+00:00,0.0
2024-02-19 03:00:00+00:00,0.0
2024-02-19 04:00:00+00:00,0.0
2024-02-19 05:00:00+00:00,0.0
2024-02-19 06:00:00+00:00,2.0
2024-02-19 07:00:00+00:00,414.0
2024-02-19 08:00:00+00:00,1996.0
2024-02-19 09:00:00+00:00,2796.0
2024-02-19 10:00:00+00:00,2924.0
2024-02-19 11:00:00+00:00,3152.0
2024-02-19 12:00:00+00:00,2171.0
2024-02-19 13:00:00+00:00,1520.0
2024-02-19 14:00:00+00:00,1419.0
2024-02-19 15:00:00+00:00,1052.0
2024-02-19 16:00:00+00:00,401.0
2024-02-19 17:00:00+00:00,0.0
2024-02-19 18:00:00+00:00,0.0
2024-02-19 19:00:00+00:00,0.0
2024-02-19 20:00:00+00:00,0.0
2024-02-19 21:00:00+00:00,0.0
2024-02-19 22:00:00+00:00,0.0
2024-02-19 23:00:00+00:00,0.0
2024-02-20 00:00:00+00:00,0.0
2024-02-20 01:00:00+00:00,0.0
2024-02-20 02:00:00+00:00,0.0
2024-02-20 03:00:00+00:00,0.0
2024-02-20 04:00:00+00:00,0.0
2024-02-20 05:00:00+00:00,0.0
2024-02-20 06:00:00+00:00,4.0
2024-02-20 07:00:00+00:00,477.0
2024-02-20 08:00:00+00:00,2046.0
2024-02-20 09:00:00+00:00,3623.0
2024-02-20 10:00:00+00:00,4939.0
2024-02-20 11:00:00+00:00,6312.0
2024-02-20 12:00:00+00:00,7286.0
2024-02-20 13:00:00+00:00,6028.0
2024-02-20 14:00:00+00:00,4065.0
2024-02-20 15:00:00+00:00,1812.0
2024-02-20 16:00:00+00:00,403.0
2024-02-20 17:00:00+00:00,2.0
2024-02-20 18:00:00+00:00,0.0
2024-02-20 19:00:00+00:00,0.0
2024-02-20 20:00:00+00:00,0.0
2024-02-20 21:00:00+00:00,0.0
2024-02-20 22:00:00+00:00,0.0
2024-02-20 23:00:00+00:00,0.0
2024-02-21 00:00:00+00:00,0.0
2024-02-21 01:00:00+00:00,0.0
2024-02-21 02:00:00+00:00,0.0
2024-02-21 03:00:00+00:00,0.0
2024-02-21 04:00:00+00:00,0.0
2024-02-21 05:00:00+00:00,0.0
2024-02-21 06:00:00+00:00,4.0
2024-02-21 07:00:00+00:00,255.0
2024-02-21 08:00:00+00:00,1234.0
2024-02-21 09:00:00+00:00,2191.0
2024-02-21 10:00:00+00:00,3130.0
2024-02-21 11:00:00+00:00,3482.0
2024-02-21 12:00:00+00:00,3785.0
2024-02-21 13:00:00+00:00,3184.0
2024-02-21 14:00:00+00:00,2106.0
2024-02-21 15:00:00+00:00,843.0
2024-02-21 16:00:00+00:00,149.0
2024-02-21 17:00:00+00:00,1.0
2024-02-21 18:00:00+00:00,0.0
2024-02-21 19:00:00+00:00,0.0
2024-02-21 20:00:00+00:00,0.0
2024-02-21 21:00:00+00:00,0.0
2024-02-21 22:00:00+00:00,0.0
2024-02-21 23:00:00+00:00,0.0
2024-02-22 00:00:00+00:00,0.0
2024-02-22 01:00:00+00:00,0.0
2024-02-22 02:00:00+00:00,0.0
2024-02-22 03:00:00+00:00,0.0
2024-02-22 04:00:00+00:00,0.0
2024-02-22 05:00:00+00:00,0.0
2024-02-22 06:00:00+00:00,4.0
2024-02-22 07:00:00+00:00,535.0
2024-02-22 08:00:00+00:00,2106.0
2024-02-22 09:00:00+00:00,3840.0
2024-02-22 10:00:00+00:00,4960.0
2024-02-22 11:00:00+00:00,3662.0
2024-02-22 12:00:00+00:00,3592.0
2024-02-22 13:00:00+00:00,3104.0
2024-02-22 14:00:00+00:00,2014.0
2024-02-22 15:00:00+00:00,1053.0
2024-02-22 16:00:00+00:00,221.0
2024-02-22 17:00:00+00:00,22.0
2024-02-22 18:00:00+00:00,0.0
2024-02-22 19:00:00+00:00,0.0
2024-02-22 20:00:00+00:00,0.0
2024-02-22 21:00:00+00:00,0.0
2024-02-22 22:00:00+00:00,0.0
2024-02-22 23:00:00+00:00,0.0
2024-02-23 00:00:00+00:00,0.0
2024-02-23 01:00:00+00:00,0.0
2024-02-23 02:00:00+00:00,0.0
2024-02-23 03:00:00+00:00,0.0
2024-02-23 04:00:00+00:00,0.0
2024-02-23 05:00:00+00:00,0.0
2024-02-23 06:00:00+00:00,9.0
2024-02-23 07:00:00+00:00,530.0
2024-02-23 08:00:00+00:00,1948.0
2024-02-23 09:00:00+00:00,3276.0
2024-02-23 10:00:00+00:00,3891.0
2024-02-23 11:00:00+00:00,4247.0
2024-02-23 12:00:00+00:00,4888.0
2024-02-23 13:00:00+00:00,3981.0
2024-02-23 14:00:00+00:00,3992.0
2024-02-23 15:00:00+00:00,2527.0
2024-02-23 16:00:00+00:00,658.0
2024-02-23 17:00:00+00:00,15.0
2024-02-23 18:00:00+00:00,0.0
2024-02-23 19:00:00+00:00,0.0
2024-02-23 20:00:00+00:00,0.0
2024-02-23 21:00:00+00:00,0.0
2024-02-23 22:00:00+00:00,0.0
2024-02-23 23:00:00+00:00,0.0
2024-02-24 00:00:00+00:00,0.0
2024-02-24 01:00:00+00:00,0.0
2024-02-24 02:00:00+00:00,0.0
2024-02-24 03:00:00+00:00,0.0
2024-02-24 04:00:00+00:00,0.0
2024-02-24 05:00:00+00:00,0.0
2024-02-24 06:00:00+00:00,7.0
2024-02-24 07:00:00+00:00,484.0
2024-02-24 08:00:00+00:00,1803.0
2024-02-24 09:00:00+00:00,3173.0
2024-02-24 10:00:00+00:00,4203.0
2024-02-24 11:00:00+00:00,4488.0
2024-02-24 12:00:00+00:00,4968.0
2024-02-24 13:00:00+00:00,4928.0
2024-02-24 14:00:00+00:00,3962.0
2024-02-24 15:00:00+00:00,2689.0
2024-02-24 16:00:00+00:00,909.0
2024-02-24 17:00:00+00:00,17.0
2024-02-24 18:00:00+00:00,0.0
2024-02-24 19:00:00+00:00,0.0
2024-02-24 20:00:00+00:00,0.0
2024-02-24 21:00:00+00:00,0.0
2024-02-24 22:00:00+00:00,0.0
2024-02-24 23:00:00+00:00,0.0
2024-02-25 00:00:00+00:00,0.0
2024-02-25 01:00:00+00:00,0.0
2024-02-25 02:00:00+00:00,0.0
2024-02-25 03:00:00+00:00,0.0
2024-02-25 04:00:00+00:00,0.0
2024-02-25 05:00:00+00:00,0.0
2024-02-25 06:00:00+00:00,8.0
2024-02-25 07:00:00+00:00,499.0
2024-02-25 08:00:00+00:00,1917.0
2024-02-25 09:00:00+00:00,4137.0
2024-02-25 10:00:00+00:00,5400.0
2024-02-25 11:00:00+00:00,5888.0
2024-02-25 12:00:00+00:00,6028.0
2024-02-25 13:00:00+00:00,6310.0
2024-02-25 14:00:00+00:00,4949.0
2024-02-25 15:00:00+00:00,3730.0
2024-02-25 16:00:00+00:00,1143.0
2024-02-25 17:00:00+00:00,34.0
2024-02-25 18:00:00+00:00,0.0
2024-02-25 19:00:00+00:00,0.0
2024-02-25 20:00:00+00:00,0.0
2024-02-25 21:00:00+00:00,0.0
2024-02-25 22:00:00+00:00,0.0
2024-02-25 23:00:00+00:00,0.0
2024-02-26 00:00:00+00:00,0.0
2024-02-26 01:00:00+00:00,0.0
2024-02-26 02:00:00+00:00,0.0
2024-02-26 03:00:00+00:00,0.0
2024-02-26 04:00:00+00:00,0.0
2024-02-26 05:00:00+00:00,0.0
2024-02-26 06:00:00+00:00,4.0
2024-02-26 07:00:00+00:00,254.0
2024-02-26 08:00:00+00:00,1002.0
2024-02-26 09:00:00+00:00,1819.0
2024-02-26 10:00:00+00:00,2635.0
2024-02-26 11:00:00+00:00,3043.0
2024-02-26 12:00:00+00:00,3236.0
2024-02-26 13:00:00+00:00,2939.0
2024-02-26 14:00:00+00:00,2728.0
2024-02-26 15:00:00+00:00,2018.0
2024-02-26 16:00:00+00:00,813.0
2024-02-26 17:00:00+00:00,45.0
2024-02-26 18:00:00+00:00,0.0
2024-02-26 19:00:00+00:00,0.0
2024-02-26 20:00:00+00:00,0.0
2024-02-26 21:00:00+00:00,0.0
2024-02-26 22:00:00+00:00,0.0
2024-02-26 23:00:00+00:00,0.0
2024-02-27 00:00:00+00:00,0.0
2024-02-27 01:00:00+00:00,0.0
2024-02-27 02:00:00+00:00,0.0
2024-02-27 03:00:00+00:00,0.0
2024-02-27 04:00:00+00:00,0.0
2024-02-27 05:00:00+00:00,0.0
2024-02-27 06:00:00+00:00,18.0
2024-02-27 07:00:00+00:00,1002.0
2024-02-27 08:00:00+00:00,3844.0
2024-02-27 09:00:00+00:00,6202.0
2024-02-27 10:00:00+00:00,7825.0
2024-02-27 11:00:00+00:00,9584.0
2024-02-27 12:00:00+00:00,9601.0
2024-02-27 13:00:00+00:00,9275.0
2024-02-27 14:00:00+00:00,7709.0
2024-02-27 15:00:00+00:00,4512.0
2024-02-27 16:00:00+00:00,1287.0
2024-02-27 17:00:00+00:00,32.0
2024-02-27 18:00:00+00:00,0.0
2024-02-27 19:00:00+00:00,0.0
2024-02-27 20:00:00+00:00,0.0
2024-02-27 21:00:00+00:00,0.0
2024-02-27 22:00:00+00:00,0.0
2024-02-27 23:00:00+00:00,0.0
2024-02-28 00:00:00+00:00,0.0
2024-02-28 01:00:00+00:00,0.0
2024-02-28 02:00:00+00:00,0.0
2024-02-28 03:00:00+00:00,0.0
2024-02-28 04:00:00+00:00,0.0
2024-02-28 05:00:00+00:00,0.0
2024-02-28 06:00:00+00:00,23.0
2024-02-28 07:00:00+00:00,518.0
2024-02-28 08:00:00+00:00,1914.0
2024-02-28 09:00:00+00:00,4251.0
2024-02-28 10:00:00+00:00,5736.0
2024-02-28 11:00:00+00:00,6252.0
2024-02-28 12:00:00+00:00,5751.0
2024-02-28 13:00:00+00:00,4574.0
2024-02-28 14:00:00+00:00,3389.0
2024-02-28 15:00:00+00:00,2154.0
2024-02-28 16:00:00+00:00,1006.0
2024-02-28 17:00:00+00:00,59.0
2024-02-28 18:00:00+00:00,0.0
2024-02-28 19:00:00+00:00,0.0
2024-02-28 20:00:00+00:00,0.0
2024-02-28 21:00:00+00:00,0.0
2024-02-28 22:00:00+00:00,0.0
2024-02-28 23:00:00+00:00,0.0
2024-02-29 00:00:00+00:00,0.0
2024-02-29 01:00:00+00:00,0.0
2024-02-29 02:00:00+00:00,0.0
2024-02-29 03:00:00+00:00,0.0
2024-02-29 04:00:00+00:00,0.0
2024-02-29 05:00:00+00:00,0.0
2024-02-29 06:00:00+00:00,20.0
2024-02-29 07:00:00+00:00,383.0
2024-02-29 08:00:00+00:00,1331.0
2024-02-29 09:00:00+00:00,2124.0
2024-02-29 10:00:00+00:00,2673.0
2024-02-29 11:00:00+00:00,2874.0
2024-02-29 12:00:00+00:00,2874.0
2024-02-29 13:00:00+00:00,2755.0
2024-02-29 14:00:00+00:00,1967.0
2024-02-29 15:00:00+00:00,1275.0
2024-02-29 16:00:00+00:00,509.0
2024-02-29 17:00:00+00:00,33.0
2024-02-29 18:00:00+00:00,0.0
2024-02-29 19:00:00+00:00,0.0
2024-02-29 20:00:00+00:00,0.0
2024-02-29 21:00:00+00:00,0.0
2024-02-29 22:00:00+00:00,0.0
2024-02-29 23:00:00+00:00,0.0
2024-03-01 00:00:00+00:00,0.0
2024-03-01 01:00:00+00:00,0.0
2024-03-01 02:00:00+00:00,0.0
2024-03-01 03:00:00+00:00,0.0
2024-03-01 04:00:00+00:00,0.0
2024-03-01 05:00:00+00:00,0.0
2024-03-01 06:00:00+00:00,29.0
2024-03-01 07:00:00+00:00,785.0
2024-03-01 08:00:00+00:00,3433.0
2024-03-01 09:00:00+00:00,6343.0
2024-03-01 10:00:00+00:00,8215.0
2024-03-01 11:00:00+00:00,10706.0
2024-03-01 12:00:00+00:00,9167.0
2024-03-01 13:00:00+00:00,5390.0
2024-03-01 14:00:00+00:00,3833.0
2024-03-01 15:00:00+00:00,2343.0
2024-03-01 16:00:00+00:00,1378.0
2024-03-01 17:00:00+00:00,165.0
2024-03-01 18:00:00+00:00,0.0
2024-03-01 19:00:00+00:00,0.0
2024-03-01 20:00:00+00:00,0.0
2024-03-01 21:00:00+00:00,0.0
2024-03-01 22:00:00+00:00,0.0
2024-03-01 23:00:00+00:00,0.0
2024-03-02 00:00:00+00:00,0.0
2024-03-02 01:00:00+00:00,0.0
2024-03-02 02:00:00+00:00,0.0
2024-03-02 03:00:00+00:00,0.0
2024-03-02 04:00:00+00:00,0.0
2024-03-02 05:00:00+00:00,0.0
2024-03-02 06:00:00+00:00,51.0
2024-03-02 07:00:00+00:00,1521.0
2024-03-02 08:00:00+00:00,5435.0
2024-03-02 09:00:00+00:00,8734.0
2024-03-02 10:00:00+00:00,11300.0
2024-03-02 11:00:00+00:00,12388.0
2024-03-02 12:00:00+00:00,12368.0
2024-03-02 13:00:00+00:00,10067.0
2024-03-02 14:00:00+00:00,6875.0
2024-03-02 15:00:00+00:00,3537.0
2024-03-02 16:00:00+00:00,1778.0
2024-03-02 17:00:00+00:00,155.0
2024-03-02 18:00:00+00:00,0.0
2024-03-02 19:00:00+00:00,0.0
2024-03-02 20:00:00+00:00,0.0
2024-03-02 21:00:00+00:00,0.0
2024-03-02 22:00:00+00:00,0.0
2024-03-02 23:00:00+00:00,0.0
2024-03-03 00:00:00+00:00,0.0
2024-03-03 01:00:00+00:00,0.0
2024-03-03 02:00:00+00:00,0.0
2024-03-03 03:00:00+00:00,0.0
2024-03-03 04:00:00+00:00,0.0
2024-03-03 05:00:00+00:00,0.0
2024-03-03 06:00:00+00:00,57.0
2024-03-03 07:00:00+00:00,956.0
2024-03-03 08:00:00+00:00,2987.0
2024-03-03 09:00:00+00:00,5050.0
2024-03-03 10:00:00+00:00,7224.0
2024-03-03 11:00:00+00:00,9267.0
2024-03-03 12:00:00+00:00,10138.0
2024-03-03 13:00:00+00:00,9655.0
2024-03-03 14:00:00+00:00,7793.0
2024-03-03 15:00:00+00:00,4504.0
2024-03-03 16:00:00+00:00,1398.0
2024-03-03 17:00:00+00:00,74.0
2024-03-03 18:00:00+00:00,0.0
2024-03-03 19:00:00+00:00,0.0
2024-03-03 20:00:00+00:00,0.0
2024-03-03 21:00:00+00:00,0.0
2024-03-03 22:00:00+00:00,0.0
2024-03-03 23:00:00+00:00,0.0
2024-03-04 00:00:00+00:00,0.0
2024-03-04 01:00:00+00:00,0.0
2024-03-04 02:00:00+00:00,0.0
2024-03-04 03:00:00+00:00,0.0
2024-03-04 04:00:00+00:00,0.0
2024-03-04 05:00:00+00:00,0.0
2024-03-04 06:00:00+00:00,50.0
2024-03-04 07:00:00+00:00,867.0
2024-03-04 08:00:00+00:00,3087.0
2024-03-04 09:00:00+00:00,4829.0
2024-03-04 10:00:00+00:00,6479.0
2024-03-04 11:00:00+00:00,8319.0
2024-03-04 12:00:00+00:00,9138.0
2024-03-04 13:00:00+00:00,8576.0
2024-03-04 14:00:00+00:00,7498.0
2024-03-04 15:00:00+00:00,4624.0
2024-03-04 16:00:00+00:00,1845.0
2024-03-04 17:00:00+00:00,89.0
2024-03-04 18:00:00+00:00,0.0
2024-03-04 19:00:00+00:00,0.0
2024-03-04 20:00:00+00:00,0.0
2024-03-04 21:00:00+00:00,0.0
2024-03-04 22:00:00+00:00,0.0
2024-03-04 23:00:00+00:00,0.0
2024-03-05 00:00:00+00:00,0.0
2024-03-05 01:00:00+00:00,0.0
2024-03-05 02:00:00+00:00,0.0
2024-03-05 03:00:00+00:00,0.0
2024-03-05 04:00:00+00:00,0.0
2024-03-05 05:00:00+00:00,0.0
2024-03-05 06:00:00+00:00,30.0
2024-03-05 07:00:00+00:00,391.0
2024-03-05 08:00:00+00:00,1054.0
2024-03-05 09:00:00+00:00,2073.0
2024-03-05 10:00:00+00:00,3044.0
2024-03-05 11:00:00+00:00,3572.0
2024-03-05 12:00:00+00:00,3007.0
2024-03-05 13:00:00+00:00,2733.0
2024-03-05 14:00:00+00:00,2224.0
2024-03-05 15:00:00+00:00,1491.0
2024-03-05 16:00:00+00:00,714.0
2024-03-05 17:00:00+00:00,140.0
2024-03-05 18:00:00+00:00,0.0
2024-03-05 19:00:00+00:00,0.0
2024-03-05 20:00:00+00:00,0.0
2024-03-05 21:00:00+00:00,0.0
2024-03-05 22:00:00+00:00,0.0
2024-03-05 23:00:00+00:00,0.0
2024-03-06 00:00:00+00:00,0.0
2024-03-06 01:00:00+00:00,0.0
2024-03-06 02:00:00+00:00,0.0
2024-03-06 03:00:00+00:00,0.0
2024-03-06 04:00:00+00:00,0.0
2024-03-06 05:00:00+00:00,0.0
2024-03-06 06:00:00+00:00,83.0
2024-03-06 07:00:00+00:00,1291.0
2024-03-06 08:00:00+00:00,3477.0
2024-03-06 09:00:00+00:00,6186.0
2024-03-06 10:00:00+00:00,8294.0
2024-03-06 11:00:00+00:00,10066.0
2024-03-06 12:00:00+00:00,10644.0
2024-03-06 13:00:00+00:00,9125.0
2024-03-06 14:00:00+00:00,6997.0
2024-03-06 15:00:00+00:00,4508.0
2024-03-06 16:00:00+00:00,2068.0
2024-03-06 17:00:00+00:00,259.0
2024-03-06 18:00:00+00:00,0.0
2024-03-06 19:00:00+00:00,0.0
2024-03-06 20:00:00+00:00,0.0
2024-03-06 21:00:00+00:00,0.0
2024-03-06 22:00:00+00:00,0.0
2024-03-06 23:00:00+00:00,0.0
2024-03-07 00:00:00+00:00,0.0
2024-03-07 01:00:00+00:00,0.0
2024-03-07 02:00:00+00:00,0.0
2024-03-07 03:00:00+00:00,0.0
2024-03-07 04:00:00+00:00,0.0
2024-03-07 05:00:00+00:00,0.0
2024-03-07 06:00:00+00:00,148.0
2024-03-07 07:00:00+00:00,2016.0
2024-03-07 08:00:00+00:00,5321.0
2024-03-07 09:00:00+00:00,8097.0
2024-03-07 10:00:00+00:00,10229.0
2024-03-07 11:00:00+00:00,10782.0
2024-03-07 12:00:00+00:00,10317.0
2024-03-07 13:00:00+00:00,8907.0
2024-03-07 14:00:00+00:00,6029.0
2024-03-07 15:00:00+00:00,3892.0
2024-03-07 16:00:00+00:00,1545.0
2024-03-07 17:00:00+00:00,221.0
2024-03-07 18:00:00+00:00,0.0
2024-03-07 19:00:00+00:00,0.0
2024-03-07 20:00:00+00:00,0.0
2024-03-07 21:00:00+00:00,0.0
2024-03-07 22:00:00+00:00,0.0
2024-03-07 23:00:00+00:00,0.0
2024-03-08 00:00:00+00:00,0.0
2024-03-08 01:00:00+00:00,0.0
2024-03-08 02:00:00+00:00,0.0
2024-03-08 03:00:00+00:00,0.0
2024-03-08 04:00:00+00:00,0.0
2024-03-08 05:00:00+00:00,0.0
2024-03-08 06:00:00+00:00,198.0
2024-03-08 07:00:00+00:00,2504.0
2024-03-08 08:00:00+00:00,6522.0
2024-03-08 09:00:00+00:00,9965.0
2024-03-08 10:00:00+00:00,12454.0
2024-03-08 11:00:00+00:00,13779.0
2024-03-08 12:00:00+00:00,13800.0
2024-03-08 13:00:00+00:00,12602.0
2024-03-08 14:00:00+00:00,10245.0
2024-03-08 15:00:00+00:00,6814.0
2024-03-08 16:00:00+00:00,2978.0
2024-03-08 17:00:00+00:00,301.0
2024-03-08 18:00:00+00:00,0.0
2024-03-08 19:00:00+00:00,0.0
2024-03-08 20:00:00+00:00,0.0
2024-03-08 21:00:00+00:00,0.0
2024-03-08 22:00:00+00:00,0.0
2024-03-08 23:00:00+00:00,0.0
2024-03-09 00:00:00+00:00,0.0
2024-03-09 01:00:00+00:00,0.0
2024-03-09 02:00:00+00:00,0.0
2024-03-09 03:00:00+00:00,0.0
2024-03-09 04:00:00+00:00,0.0
2024-03-09 05:00:00+00:00,0.0
2024-03-09 06:00:00+00:00,202.0
2024-03-09 07:00:00+00:00,2199.0
2024-03-09 08:00:00+00:00,6090.0
2024-03-09 09:00:00+00:00,8687.0
2024-03-09 10:00:00+00:00,10215.0
2024-03-09 11:00:00+00:00,10406.0
2024-03-09 12:00:00+00:00,11088.0
2024-03-09 13:00:00+00:00,10166.0
2024-03-09 14:00:00+00:00,8588.0
2024-03-09 15:00:00+00:00,4880.0
2024-03-09 16:00:00+00:00,1744.0
2024-03-09 17:00:00+00:00,143.0
2024-03-09 18:00:00+00:00,0.0
2024-03-09 19:00:00+00:00,0.0
2024-03-09 20:00:00+00:00,0.0
2024-03-09 21:00:00+00:00,0.0
2024-03-09 22:00:00+00:00,0.0
2024-03-09 23:00:00+00:00,0.0
2024-03-10 00:00:00+00:00,0.0
2024-03-10 01:00:00+00:00,0.0
2024-03-10 02:00:00+00:00,0.0
2024-03-10 03:00:00+00:00,0.0
2024-03-10 04:00:00+00:00,0.0
2024-03-10 05:00:00+00:00,0.0
2024-03-10 06:00:00+00:00,152.0
2024-03-10 07:00:00+00:00,1470.0
2024-03-10 08:00:00+00:00,3526.0
2024-03-10 09:00:00+00:00,5778.0
2024-03-10 10:00:00+00:00,7449.0
2024-03-10 11:00:00+00:00,7816.0
2024-03-10 12:00:00+00:00,8298.0
2024-03-10 13:00:00+00:00,7932.0
2024-03-10 14:00:00+00:00,6261.0
2024-03-10 15:00:00+00:00,3959.0
2024-03-10 16:00:00+00:00,1799.0
2024-03-10 17:00:00+00:00,188.0
2024-03-10 18:00:00+00:00,0.0
2024-03-10 19:00:00+00:00,0.0
2024-03-10 20:00:00+00:00,0.0
2024-03-10 21:00:00+00:00,0.0
2024-03-10 22:00:00+00:00,0.0
2024-03-10 23:00:00+00:00,0.0
2024-03-11 00:00:00+00:00,0.0
2024-03-11 01:00:00+00:00,0.0
2024-03-11 02:00:00+00:00,0.0
2024-03-11 03:00:00+00:00,0.0
2024-03-11 04:00:00+00:00,0.0
2024-03-11 05:00:00+00:00,0.0
2024-03-11 06:00:00+00:00,58.0
2024-03-11 07:00:00+00:00,552.0
2024-03-11 08:00:00+00:00,1263.0
2024-03-11 09:00:00+00:00,1788.0
2024-03-11 10:00:00+00:00,1833.0
2024-03-11 11:00:00+00:00,2387.0
2024-03-11 12:00:00+00:00,2468.0
2024-03-11 13:00:00+00:00,1814.0
2024-03-11 14:00:00+00:00,1562.0
2024-03-11 15:00:00+00:00,1109.0
2024-03-11 16:00:00+00:00,454.0
2024-03-11 17:00:00+00:00,77.0
2024-03-11 18:00:00+00:00,0.0
2024-03-11 19:00:00+00:00,0.0
2024-03-11 20:00:00+00:00,0.0
2024-03-11 21:00:00+00:00,0.0
2024-03-11 22:00:00+00:00,0.0
2024-03-11 23:00:00+00:00,0.0
2024-03-12 00:00:00+00:00,0.0
2024-03-12 01:00:00+00:00,0.0
2024-03-12 02:00:00+00:00,0.0
2024-03-12 03:00:00+00:00,0.0
2024-03-12 04:00:00+00:00,0.0
2024-03-12 05:00:00+00:00,0.0
2024-03-12 06:00:00+00:00,50.0
2024-03-12 07:00:00+00:00,397.0
2024-03-12 08:00:00+00:00,1310.0
2024-03-12 09:00:00+00:00,2589.0
2024-03-12 10:00:00+00:00,3932.0
2024-03-12 11:00:00+00:00,5354.0
2024-03-12 12:00:00+00:00,5507.0
2024-03-12 13:00:00+00:00,5102.0
2024-03-12 14:00:00+00:00,3280.0
2024-03-12 15:00:00+00:00,1819.0
2024-03-12 16:00:00+00:00,756.0
2024-03-12 17:00:00+00:00,148.0
2024-03-12 18:00:00+00:00,0.0
2024-03-12 19:00:00+00:00,0.0
2024-03-12 20:00:00+00:00,0.0
2024-03-12 21:00:00+00:00,0.0
2024-03-12 22:00:00+00:00,0.0
2024-03-12 23:00:00+00:00,0.0
2024-03-13 00:00:00+00:00,0.0
2024-03-13 01:00:00+00:00,0.0
2024-03-13 02:00:00+00:00,0.0
2024-03-13 03:00:00+00:00,0.0
2024-03-13 04:00:00+00:00,0.0
2024-03-13 05:00:00+00:00,0.0
2024-03-13 06:00:00+00:00,129.0
2024-03-13 07:00:00+00:00,783.0
2024-03-13 08:00:00+00:00,1655.0
2024-03-13 09:00:00+00:00,2417.0
2024-03-13 10:00:00+00:00,2978.0
2024-03-13 11:00:00+00:00,3450.0
2024-03-13 12:00:00+00:00,3556.0
2024-03-13 13:00:00+00:00,2930.0
2024-03-13 14:00:00+00:00,2538.0
2024-03-13 15:00:00+00:00,1824.0
2024-03-13 16:00:00+00:00,738.0
2024-03-13 17:00:00+00:00,178.0
2024-03-13 18:00:00+00:00,0.0
2024-03-13 19:00:00+00:00,0.0
2024-03-13 20:00:00+00:00,0.0
2024-03-13 21:00:00+00:00,0.0
2024-03-13 22:00:00+00:00,0.0
2024-03-13 23:00:00+00:00,0.0
2024-03-14 00:00:00+00:00,0.0
2024-03-14 01:00:00+00:00,0.0
2024-03-14 02:00:00+00:00,0.0
2024-03-14 03:00:00+00:00,0.0
2024-03-14 04:00:00+00:00,0.0
2024-03-14 05:00:00+00:00,0.0
2024-03-14 06:00:00+00:00,373.0
2024-03-14 07:00:00+00:00,2869.0
2024-03-14 08:00:00+00:00,6664.0
2024-03-14 09:00:00+00:00,9780.0
2024-03-14 10:00:00+00:00,11935.0
2024-03-14 11:00:00+00:00,13630.0
2024-03-14 12:00:00+00:00,13686.0
2024-03-14 13:00:00+00:00,11248.0
2024-03-14 14:00:00+00:00,8522.0
2024-03-14 15:00:00+00:00,5119.0
2024-03-14 16:00:00+00:00,2145.0
2024-03-14 17:00:00+00:00,370.0
2024-03-14 18:00:00+00:00,0.0
2024-03-14 19:00:00+00:00,0.0
2024-03-14 20:00:00+00:00,0.0
2024-03-14 21:00:00+00:00,0.0
2024-03-14 22:00:00+00:00,0.0
2024-03-14 23:00:00+00:00,0.0
2024-03-15 00:00:00+00:00,0.0
2024-03-15 01:00:00+00:00,0.0
2024-03-15 02:00:00+00:00,0.0
2024-03-15 03:00:00+00:00,0.0
2024-03-15 04:00:00+00:00,0.0
2024-03-15 05:00:00+00:00,0.0
2024-03-15 06:00:00+00:00,186.0
2024-03-15 07:00:00+00:00,1403.0
2024-03-15 08:00:00+00:00,3491.0
2024-03-15 09:00:00+00:00,5361.0
2024-03-15 10:00:00+00:00,5947.0
2024-03-15 11:00:00+00:00,6563.0
2024-03-15 12:00:00+00:00,7338.0
2024-03-15 13:00:00+00:00,6984.0
2024-03-15 14:00:00+00:00,5787.0
2024-03-15 15:00:00+00:00,4405.0
2024-03-15 16:00:00+00:00,2131.0
2024-03-15 17:00:00+00:00,547.0
2024-03-15 18:00:00+00:00,0.0
2024-03-15 19:00:00+00:00,0.0
2024-03-15 20:00:00+00:00,0.0
2024-03-15 21:00:00+00:00,0.0
2024-03-15 22:00:00+00:00,0.0
2024-03-15 23:00:00+00:00,0.0
2024-03-16 00:00:00+00:00,0.0
2024-03-16 01:00:00+00:00,0.0
2024-03-16 02:00:00+00:00,0.0
2024-03-16 03:00:00+00:00,0.0
2024-03-16 04:00:00+00:00,0.0
2024-03-16 05:00:00+00:00,0.0
2024-03-16 06:00:00+00:00,218.0
2024-03-16 07:00:00+00:00,1382.0
2024-03-16 08:00:00+00:00,3330.0
2024-03-16 09:00:00+00:00,4752.0
2024-03-16 10:00:00+00:00,6194.0
2024-03-16 11:00:00+00:00,6944.0
2024-03-16 12:00:00+00:00,7861.0
2024-03-16 13:00:00+00:00,7752.0
2024-03-16 14:00:00+00:00,7196.0
2024-03-16 15:00:00+00:00,5062.0
2024-03-16 16:00:00+00:00,2422.0
2024-03-16 17:00:00+00:00,434.0
2024-03-16 18:00:00+00:00,0.0
2024-03-16 19:00:00+00:00,0.0
2024-03-16 20:00:00+00:00,0.0
2024-03-16 21:00:00+00:00,0.0
2024-03-16 22:00:00+00:00,0.0
2024-03-16 23:00:00+00:00,0.0
2024-03-17 00:00:00+00:00,0.0
2024-03-17 01:00:00+00:00,0.0
2024-03-17 02:00:00+00:00,0.0
2024-03-17 03:00:00+00:00,0.0
2024-03-17 04:00:00+00:00,0.0
2024-03-17 05:00:00+00:00,3.0
2024-03-17 06:00:00+00:00,509.0
2024-03-17 07:00:00+00:00,2600.0
2024-03-17 08:00:00+00:00,4069.0
2024-03-17 09:00:00+00:00,5382.0
2024-03-17 10:00:00+00:00,6765.0
2024-03-17 11:00:00+00:00,5853.0
2024-03-17 12:00:00+00:00,5502.0
2024-03-17 13:00:00+00:00,5633.0
2024-03-17 14:00:00+00:00,5011.0
2024-03-17 15:00:00+00:00,3080.0
2024-03-17 16:00:00+00:00,1256.0
2024-03-17 17:00:00+00:00,206.0
2024-03-17 18:00:00+00:00,0.0
2024-03-17 19:00:00+00:00,0.0
2024-03-17 20:00:00+00:00,0.0
2024-03-17 21:00:00+00:00,0.0
2024-03-17 22:00:00+00:00,0.0
2024-03-17 23:00:00+00:00,0.0
2024-03-18 00:00:00+00:00,0.0
2024-03-18 01:00:00+00:00,0.0
2024-03-18 02:00:00+00:00,0.0
2024-03-18 03:00:00+00:00,0.0
2024-03-18 04:00:00+00:00,0.0
2024-03-18 05:00:00+00:00,2.0
2024-03-18 06:00:00+00:00,213.0
2024-03-18 07:00:00+00:00,1141.0
2024-03-18 08:00:00+00:00,2736.0
2024-03-18 09:00:00+00:00,4901.0
2024-03-18 10:00:00+00:00,7607.0
2024-03-18 11:00:00+00:00,10013.0
2024-03-18 12:00:00+00:00,9765.0
2024-03-18 13:00:00+00:00,8239.0
2024-03-18 14:00:00+00:00,8246.0
2024-03-18 15:00:00+00:00,5899.0
2024-03-18 16:00:00+00:00,2966.0
2024-03-18 17:00:00+00:00,620.0
2024-03-18 18:00:00+00:00,0.0
2024-03-18 19:00:00+00:00,0.0
2024-03-18 20:00:00+00:00,0.0
2024-03-18 21:00:00+00:00,0.0
2024-03-18 22:00:00+00:00,0.0
2024-03-18 23:00:00+00:00,0.0
2024-03-19 00:00:00+00:00,0.0
2024-03-19 01:00:00+00:00,0.0
2024-03-19 02:00:00+00:00,0.0
2024-03-19 03:00:00+00:00,0.0
2024-03-19 04:00:00+00:00,0.0
2024-03-19 05:00:00+00:00,2.0
2024-03-19 06:00:00+00:00,235.0
2024-03-19 07:00:00+00:00,1472.0
2024-03-19 08:00:00+00:00,3375.0
2024-03-19 09:00:00+00:00,5665.0
2024-03-19 10:00:00+00:00,8916.0
2024-03-19 11:00:00+00:00,10876.0
2024-03-19 12:00:00+00:00,10161.0
2024-03-19 13:00:00+00:00,9113.0
2024-03-19 14:00:00+00:00,7979.0
2024-03-19 15:00:00+00:00,5335.0
2024-03-19 16:00:00+00:00,2413.0
2024-03-19 17:00:00+00:00,389.0
2024-03-19 18:00:00+00:00,0.0
2024-03-19 19:00:00+00:00,0.0
2024-03-19 20:00:00+00:00,0.0
2024-03-19 21:00:00+00:00,0.0
2024-03-19 22:00:00+00:00,0.0
2024-03-19 23:00:00+00:00,0.0
2024-03-20 00:00:00+00:00,0.0
2024-03-20 01:00:00+00:00,0.0
2024-03-20 02:00:00+00:00,0.0
2024-03-20 03:00:00+00:00,0.0
2024-03-20 04:00:00+00:00,0.0
2024-03-20 05:00:00+00:00,4.0
2024-03-20 06:00:00+00:00,629.0
2024-03-20 07:00:00+00:00,2691.0
2024-03-20 08:00:00+00:00,5466.0
2024-03-20 09:00:00+00:00,7906.0
2024-03-20 10:00:00+00:00,9200.0
2024-03-20 11:00:00+00:00,9864.0
2024-03-20 12:00:00+00:00,10216.0
2024-03-20 13:00:00+00:00,8938.0
2024-03-20 14:00:00+00:00,6878.0
2024-03-20 15:00:00+00:00,4391.0
2024-03-20 16:00:00+00:00,2182.0
2024-03-20 17:00:00+00:00,585.0
2024-03-20 18:00:00+00:00,0.0
2024-03-20 19:00:00+00:00,0.0
2024-03-20 20:00:00+00:00,0.0
2024-03-20 21:00:00+00:00,0.0
2024-03-20 22:00:00+00:00,0.0
2024-03-20 23:00:00+00:00,0.0
2024-03-21 00:00:00+00:00,0.0
2024-03-21 01:00:00+00:00,0.0
2024-03-21 02:00:00+00:00,0.0
2024-03-21 03:00:00+00:00,0.0
2024-03-21 04:00:00+00:00,0.0
2024-03-21 05:00:00+00:00,6.0
2024-03-21 06:00:00+00:00,316.0
2024-03-21 07:00:00+00:00,1297.0
2024-03-21 08:00:00+00:00,2884.0
2024-03-21 09:00:00+00:00,4403.0
2024-03-21 10:00:00+00:00,5305.0
2024-03-21 11:00:00+00:00,5913.0
2024-03-21 12:00:00+00:00,6274.0
2024-03-21 13:00:00+00:00,6049.0
2024-03-21 14:00:00+00:00,5289.0
2024-03-21 15:00:00+00:00,3782.0
2024-03-21 16:00:00+00:00,1816.0
2024-03-21 17:00:00+00:00,462.0
2024-03-21 18:00:00+00:00,0.0
2024-03-21 19:00:00+00:00,0.0
2024-03-21 20:00:00+00:00,0.0
2024-03-21 21:00:00+00:00,0.0
2024-03-21 22:00:00+00:00,0.0
2024-03-21 23:00:00+00:00,0.0
2024-03-22 00:00:00+00:00,0.0
2024-03-22 01:00:00+00:00,0.0
2024-03-22 02:00:00+00:00,0.0
2024-03-22 03:00:00+00:00,0.0
2024-03-22 04:00:00+00:00,0.0
2024-03-22 05:00:00+00:00,6.0
2024-03-22 06:00:00+00:00,346.0
2024-03-22 07:00:00+00:00,1401.0
2024-03-22 08:00:00+00:00,1953.0
2024-03-22 09:00:00+00:00,1987.0
2024-03-22 10:00:00+00:00,2363.0
2024-03-22 11:00:00+00:00,2960.0
2024-03-22 12:00:00+00:00,2970.0
2024-03-22 13:00:00+00:00,2621.0
2024-03-22 14:00:00+00:00,2389.0
2024-03-22 15:00:00+00:00,1756.0
2024-03-22 16:00:00+00:00,909.0
2024-03-22 17:00:00+00:00,237.0
2024-03-22 18:00:00+00:00,0.0
2024-03-22 19:00:00+00:00,0.0
2024-03-22 20:00:00+00:00,0.0
2024-03-22 21:00:00+00:00,0.0
2024-03-22 22:00:00+00:00,0.0
2024-03-22 23:00:00+00:00,0.0
2024-03-23 00:00:00+00:00,0.0
2024-03-23 01:00:00+00:00,0.0
2024-03-23 02:00:00+00:00,0.0
2024-03-23 03:00:00+00:00,0.0
2024-03-23 04:00:00+00:00,0.0
2024-03-23 05:00:00+00:00,14.0
2024-03-23 06:00:00+00:00,1003.0
2024-03-23 07:00:00+00:00,3559.0
2024-03-23 08:00:00+00:00,6520.0
2024-03-23 09:00:00+00:00,8523.0
2024-03-23 10:00:00+00:00,9645.0
2024-03-23 11:00:00+00:00,10455.0
2024-03-23 12:00:00+00:00,9579.0
2024-03-23 13:00:00+00:00,8967.0
2024-03-23 14:00:00+00:00,7745.0
2024-03-23 15:00:00+00:00,6308.0
2024-03-23 16:00:00+00:00,3106.0
2024-03-23 17:00:00+00:00,841.0
2024-03-23 18:00:00+00:00,0.0
2024-03-23 19:00:00+00:00,0.0
2024-03-23 20:00:00+00:00,0.0
2024-03-23 21:00:00+00:00,0.0
2024-03-23 22:00:00+00:00,0.0
2024-03-23 23:00:00+00:00,0.0
2024-03-24 00:00:00+00:00,0.0
2024-03-24 01:00:00+00:00,0.0
2024-03-24 02:00:00+00:00,0.0
2024-03-24 03:00:00+00:00,0.0
2024-03-24 04:00:00+00:00,0.0
2024-03-24 05:00:00+00:00,12.0
2024-03-24 06:00:00+00:00,604.0
2024-03-24 07:00:00+00:00,2707.0
2024-03-24 08:00:00+00:00,4890.0
2024-03-24 09:00:00+00:00,4837.0
2024-03-24 10:00:00+00:00,5671.0
2024-03-24 11:00:00+00:00,6413.0
2024-03-24 12:00:00+00:00,6642.0
2024-03-24 13:00:00+00:00,6614.0
2024-03-24 14:00:00+00:00,5475.0
2024-03-24 15:00:00+00:00,4244.0
2024-03-24 16:00:00+00:00,2526.0
2024-03-24 17:00:00+00:00,591.0
2024-03-24 18:00:00+00:00,0.0
2024-03-24 19:00:00+00:00,0.0
2024-03-24 20:00:00+00:00,0.0
2024-03-24 21:00:00+00:00,0.0
2024-03-24 22:00:00+00:00,0.0
2024-03-24 23:00:00+00:00,0.0
2024-03-25 00:00:00+00:00,0.0
2024-03-25 01:00:00+00:00,0.0
2024-03-25 02:00:00+00:00,0.0
2024-03-25 03:00:00+00:00,0.0
2024-03-25 04:00:00+00:00,0.0
2024-03-25 05:00:00+00:00,26.0
2024-03-25 06:00:00+00:00,1301.0
2024-03-25 07:00:00+00:00,4529.0
2024-03-25 08:00:00+00:00,7874.0
2024-03-25 09:00:00+00:00,10735.0
2024-03-25 10:00:00+00:00,11438.0
2024-03-25 11:00:00+00:00,13238.0
2024-03-25 12:00:00+00:00,13335.0
2024-03-25 13:00:00+00:00,12262.0
2024-03-25 14:00:00+00:00,10766.0
2024-03-25 15:00:00+00:00,7317.0
2024-03-25 16:00:00+00:00,3584.0
2024-03-25 17:00:00+00:00,745.0
2024-03-25 18:00:00+00:00,2.0
2024-03-25 19:00:00+00:00,0.0
2024-03-25 20:00:00+00:00,0.0
2024-03-25 21:00:00+00:00,0.0
2024-03-25 22:00:00+00:00,0.0
2024-03-25 23:00:00+00:00,0.0
2024-03-26 00:00:00+00:00,0.0
2024-03-26 01:00:00+00:00,0.0
2024-03-26 02:00:00+00:00,0.0
2024-03-26 03:00:00+00:00,0.0
2024-03-26 04:00:00+00:00,0.0
2024-03-26 05:00:00+00:00,23.0
2024-03-26 06:00:00+00:00,1051.0
2024-03-26 07:00:00+00:00,3452.0
2024-03-26 08:00:00+00:00,6041.0
2024-03-26 09:00:00+00:00,7589.0
2024-03-26 10:00:00+00:00,8247.0
2024-03-26 11:00:00+00:00,8413.0
2024-03-26 12:00:00+00:00,8738.0
2024-03-26 13:00:00+00:00,8059.0
2024-03-26 14:00:00+00:00,5837.0
2024-03-26 15:00:00+00:00,4328.0
2024-03-26 16:00:00+00:00,2883.0
2024-03-26 17:00:00+00:00,787.0
2024-03-26 18:00:00+00:00,12.0
2024-03-26 19:00:00+00:00,0.0
2024-03-26 20:00:00+00:00,0.0
2024-03-26 21:00:00+00:00,0.0
2024-03-26 22:00:00+00:00,0.0
2024-03-26 23:00:00+00:00,0.0
2024-03-27 00:00:00+00:00,0.0
2024-03-27 01:00:00+00:00,0.0
2024-03-27 02:00:00+00:00,0.0
2024-03-27 03:00:00+00:00,0.0
2024-03-27 04:00:00+00:00,0.0
2024-03-27 05:00:00+00:00,23.0
2024-03-27 06:00:00+00:00,473.0
2024-03-27 07:00:00+00:00,1673.0
2024-03-27 08:00:00+00:00,3007.0
2024-03-27 09:00:00+00:00,4195.0
2024-03-27 10:00:00+00:00,5217.0
2024-03-27 11:00:00+00:00,5202.0
2024-03-27 12:00:00+00:00,7462.0
2024-03-27 13:00:00+00:00,7976.0
2024-03-27 14:00:00+00:00,5674.0
2024-03-27 15:00:00+00:00,3928.0
2024-03-27 16:00:00+00:00,3601.0
2024-03-27 17:00:00+00:00,1232.0
2024-03-27 18:00:00+00:00,42.0
2024-03-27 19:00:00+00:00,0.0
2024-03-27 20:00:00+00:00,0.0
2024-03-27 21:00:00+00:00,0.0
2024-03-27 22:00:00+00:00,0.0
2024-03-27 23:00:00+00:00,0.0
2024-03-28 00:00:00+00:00,0.0
2024-03-28 01:00:00+00:00,0.0
2024-03-28 02:00:00+00:00,0.0
2024-03-28 03:00:00+00:00,0.0
2024-03-28 04:00:00+00:00,0.0
2024-03-28 05:00:00+00:00,27.0
2024-03-28 06:00:00+00:00,728.0
2024-03-28 07:00:00+00:00,1752.0
2024-03-28 08:00:00+00:00,3158.0
2024-03-28 09:00:00+00:00,3683.0
2024-03-28 10:00:00+00:00,5066.0
2024-03-28 11:00:00+00:00,7613.0
2024-03-28 12:00:00+00:00,8993.0
2024-03-28 13:00:00+00:00,9326.0
2024-03-28 14:00:00+00:00,7492.0
2024-03-28 15:00:00+00:00,4418.0
2024-03-28 16:00:00+00:00,3416.0
2024-03-28 17:00:00+00:00,1313.0
2024-03-28 18:00:00+00:00,51.0
2024-03-28 19:00:00+00:00,0.0
2024-03-28 20:00:00+00:00,0.0
2024-03-28 21:00:00+00:00,0.0
2024-03-28 22:00:00+00:00,0.0
2024-03-28 23:00:00+00:00,0.0
2024-03-29 00:00:00+00:00,0.0
2024-03-29 01:00:00+00:00,0.0
2024-03-29 02:00:00+00:00,0.0
2024-03-29 03:00:00+00:00,0.0
2024-03-29 04:00:00+00:00,0.0
2024-03-29 05:00:00+00:00,18.0
2024-03-29 06:00:00+00:00,531.0
2024-03-29 07:00:00+00:00,2303.0
2024-03-29 08:00:00+00:00,4953.0
2024-03-29 09:00:00+00:00,7353.0
2024-03-29 10:00:00+00:00,9702.0
2024-03-29 11:00:00+00:00,11444.0
2024-03-29 12:00:00+00:00,10642.0
2024-03-29 13:00:00+00:00,10393.0
2024-03-29 14:00:00+00:00,8266.0
2024-03-29 15:00:00+00:00,5978.0
2024-03-29 16:00:00+00:00,3292.0
2024-03-29 17:00:00+00:00,967.0
2024-03-29 18:00:00+00:00,9.0
2024-03-29 19:00:00+00:00,0.0
2024-03-29 20:00:00+00:00,0.0
2024-03-29 21:00:00+00:00,0.0
2024-03-29 22:00:00+00:00,0.0
2024-03-29 23:00:00+00:00,0.0
2024-03-30 00:00:00+00:00,0.0
2024-03-30 01:00:00+00:00,0.0
2024-03-30 02:00:00+00:00,0.0
2024-03-30 03:00:00+00:00,0.0
2024-03-30 04:00:00+00:00,0.0
2024-03-30 05:00:00+00:00,17.0
2024-03-30 06:00:00+00:00,350.0
2024-03-30 07:00:00+00:00,1204.0
2024-03-30 08:00:00+00:00,2630.0
2024-03-30 09:00:00+00:00,4441.0
2024-03-30 10:00:00+00:00,5102.0
2024-03-30 11:00:00+00:00,4118.0
2024-03-30 12:00:00+00:00,4142.0
2024-03-30 13:00:00+00:00,3526.0
2024-03-30 14:00:00+00:00,3811.0
2024-03-30 15:00:00+00:00,3337.0
2024-03-30 16:00:00+00:00,2335.0
2024-03-30 17:00:00+00:00,988.0
2024-03-30 18:00:00+00:00,90.0
2024-03-30 19:00:00+00:00,0.0
2024-03-30 20:00:00+00:00,0.0
2024-03-30 21:00:00+00:00,0.0
2024-03-30 22:00:00+00:00,0.0
2024-03-30 23:00:00+00:00,0.0
2024-03-31 00:00:00+00:00,0.0
2024-03-31 01:00:00+00:00,0.0
2024-03-31 02:00:00+00:00,0.0
2024-03-31 03:00:00+00:00,0.0
2024-03-31 04:00:00+00:00,0.0
2024-03-31 05:00:00+00:00,25.0
2024-03-31 06:00:00+00:00,538.0
2024-03-31 07:00:00+00:00,2233.0
2024-03-31 08:00:00+00:00,4981.0
2024-03-31 09:00:00+00:00,8000.0
2024-03-31 10:00:00+00:00,11395.0
2024-03-31 11:00:00+00:00,11960.0
2024-03-31 12:00:00+00:00,9703.0
2024-03-31 13:00:00+00:00,7965.0
2024-03-31 14:00:00+00:00,6491.0
2024-03-31 15:00:00+00:00,3703.0
2024-03-31 16:00:00+00:00,1848.0
2024-03-31 17:00:00+00:00,844.0
2024-03-31 18:00:00+00:00,58.0
2024-03-31 19:00:00+00:00,0.0
2024-03-31 20:00:00+00:00,0.0
2024-03-31 21:00:00+00:00,0.0
2024-03-31 22:00:00+00:00,0.0
2024-03-31 23:00:00+00:00,0.0
2024-04-01 00:00:00+00:00,0.0
2024-04-01 01:00:00+00:00,0.0
2024-04-01 02:00:00+00:00,0.0
2024-04-01 03:00:00+00:00,0.0
2024-04-01 04:00:00+00:00,0.0
2024-04-01 05:00:00+00:00,33.0
2024-04-01 06:00:00+00:00,585.0
2024-04-01 07:00:00+00:00,1705.0
2024-04-01 08:00:00+00:00,2426.0
2024-04-01 09:00:00+00:00,3175.0
2024-04-01 10:00:00+00:00,3947.0
2024-04-01 11:00:00+00:00,5228.0
2024-04-01 12:00:00+00:00,6602.0
2024-04-01 13:00:00+00:00,7142.0
2024-04-01 14:00:00+00:00,7361.0
2024-04-01 15:00:00+00:00,5442.0
2024-04-01 16:00:00+00:00,3849.0
2024-04-01 17:00:00+00:00,1725.0
2024-04-01 18:00:00+00:00,108.0
2024-04-01 19:00:00+00:00,0.0
2024-04-01 20:00:00+00:00,0.0
2024-04-01 21:00:00+00:00,0.0
2024-04-01 22:00:00+00:00,0.0
2024-04-01 23:00:00+00:00,0.0
2024-04-02 00:00:00+00:00,0.0
2024-04-02 01:00:00+00:00,0.0
2024-04-02 02:00:00+00:00,0.0
2024-04-02 03:00:00+00:00,0.0
2024-04-02 04:00:00+00:00,0.0
2024-04-02 05:00:00+00:00,100.0
2024-04-02 06:00:00+00:00,1245.0
2024-04-02 07:00:00+00:00,2817.0
2024-04-02 08:00:00+00:00,4123.0
2024-04-02 09:00:00+00:00,4831.0
2024-04-02 10:00:00+00:00,5294.0
2024-04-02 11:00:00+00:00,6143.0
2024-04-02 12:00:00+00:00,6338.0
2024-04-02 13:00:00+00:00,6440.0
2024-04-02 14:00:00+00:00,5477.0
2024-04-02 15:00:00+00:00,4261.0
2024-04-02 16:00:00+00:00,2722.0
2024-04-02 17:00:00+00:00,885.0
2024-04-02 18:00:00+00:00,39.0
2024-04-02 19:00:00+00:00,0.0
2024-04-02 20:00:00+00:00,0.0
2024-04-02 21:00:00+00:00,0.0
2024-04-02 22:00:00+00:00,0.0
2024-04-02 23:00:00+00:00,0.0
2024-04-03 00:00:00+00:00,0.0
2024-04-03 01:00:00+00:00,0.0
2024-04-03 02:00:00+00:00,0.0
2024-04-03 03:00:00+00:00,0.0
2024-04-03 04:00:00+00:00,0.0
2024-04-03 05:00:00+00:00,41.0
2024-04-03 06:00:00+00:00,527.0
2024-04-03 07:00:00+00:00,1449.0
2024-04-03 08:00:00+00:00,2516.0
2024-04-03 09:00:00+00:00,3737.0
2024-04-03 10:00:00+00:00,4133.0
2024-04-03 11:00:00+00:00,4174.0
2024-04-03 12:00:00+00:00,5501.0
2024-04-03 13:00:00+00:00,6312.0
2024-04-03 14:00:00+00:00,5273.0
2024-04-03 15:00:00+00:00,4196.0
2024-04-03 16:00:00+00:00,2493.0
2024-04-03 17:00:00+00:00,792.0
2024-04-03 18:00:00+00:00,46.0
2024-04-03 19:00:00+00:00,0.0
2024-04-03 20:00:00+00:00,0.0
2024-04-03 21:00:00+00:00,0.0
2024-04-03 22:00:00+00:00,0.0
2024-04-03 23:00:00+00:00,0.0
2024-04-04 00:00:00+00:00,0.0
2024-04-04 01:00:00+00:00,0.0
2024-04-04 02:00:00+00:00,0.0
2024-04-04 03:00:00+00:00,0.0
2024-04-04 04:00:00+00:00,0.0
2024-04-04 05:00:00+00:00,32.0
2024-04-04 06:00:00+00:00,274.0
2024-04-04 07:00:00+00:00,759.0
2024-04-04 08:00:00+00:00,1811.0
2024-04-04 09:00:00+00:00,4033.0
2024-04-04 10:00:00+00:00,7838.0
2024-04-04 11:00:00+00:00,10333.0
2024-04-04 12:00:00+00:00,10666.0
2024-04-04 13:00:00+00:00,9269.0
2024-04-04 14:00:00+00:00,7735.0
2024-04-04 15:00:00+00:00,5465.0
2024-04-04 16:00:00+00:00,3261.0
2024-04-04 17:00:00+00:00,800.0
2024-04-04 18:00:00+00:00,81.0
2024-04-04 19:00:00+00:00,0.0
2024-04-04 20:00:00+00:00,0.0
2024-04-04 21:00:00+00:00,0.0
2024-04-04 22:00:00+00:00,0.0
2024-04-04 23:00:00+00:00,0.0
2024-04-05 00:00:00+00:00,0.0
2024-04-05 01:00:00+00:00,0.0
2024-04-05 02:00:00+00:00,0.0
2024-04-05 03:00:00+00:00,0.0
2024-04-05 04:00:00+00:00,0.0
2024-04-05 05:00:00+00:00,99.0
2024-04-05 06:00:00+00:00,1295.0
2024-04-05 07:00:00+00:00,2486.0
2024-04-05 08:00:00+00:00,2455.0
2024-04-05 09:00:00+00:00,1985.0
2024-04-05 10:00:00+00:00,3299.0
2024-04-05 11:00:00+00:00,4408.0
2024-04-05 12:00:00+00:00,6428.0
2024-04-05 13:00:00+00:00,10255.0
2024-04-05 14:00:00+00:00,11313.0
2024-04-05 15:00:00+00:00,7713.0
2024-04-05 16:00:00+00:00,4377.0
2024-04-05 17:00:00+00:00,1192.0
2024-04-05 18:00:00+00:00,56.0
2024-04-05 19:00:00+00:00,0.0
2024-04-05 20:00:00+00:00,0.0
2024-04-05 21:00:00+00:00,0.0
2024-04-05 22:00:00+00:00,0.0
2024-04-05 23:00:00+00:00,0.0
2024-04-06 00:00:00+00:00,0.0
2024-04-06 01:00:00+00:00,0.0
2024-04-06 02:00:00+00:00,0.0
2024-04-06 03:00:00+00:00,0.0
2024-04-06 04:00:00+00:00,0.0
2024-04-06 05:00:00+00:00,199.0
2024-04-06 06:00:00+00:00,1918.0
2024-04-06 07:00:00+00:00,5709.0
2024-04-06 08:00:00+00:00,9569.0
2024-04-06 09:00:00+00:00,11000.0
2024-04-06 10:00:00+00:00,12293.0
2024-04-06 11:00:00+00:00,12976.0
2024-04-06 12:00:00+00:00,12055.0
2024-04-06 13:00:00+00:00,10539.0
2024-04-06 14:00:00+00:00,9398.0
2024-04-06 15:00:00+00:00,6814.0
2024-04-06 16:00:00+00:00,3733.0
2024-04-06 17:00:00+00:00,1156.0
2024-04-06 18:00:00+00:00,54.0
2024-04-06 19:00:00+00:00,0.0
2024-04-06 20:00:00+00:00,0.0
2024-04-06 21:00:00+00:00,0.0
2024-04-06 22:00:00+00:00,0.0
2024-04-06 23:00:00+00:00,0.0
2024-04-07 00:00:00+00:00,0.0
2024-04-07 01:00:00+00:00,0.0
2024-04-07 02:00:00+00:00,0.0
2024-04-07 03:00:00+00:00,0.0
2024-04-07 04:00:00+00:00,0.0
2024-04-07 05:00:00+00:00,101.0
2024-04-07 06:00:00+00:00,1497.0
2024-04-07 07:00:00+00:00,5400.0
2024-04-07 08:00:00+00:00,9744.0
2024-04-07 09:00:00+00:00,12151.0
2024-04-07 10:00:00+00:00,13482.0
2024-04-07 11:00:00+00:00,16278.0
2024-04-07 12:00:00+00:00,16138.0
2024-04-07 13:00:00+00:00,14222.0
2024-04-07 14:00:00+00:00,10626.0
2024-04-07 15:00:00+00:00,7044.0
2024-04-07 16:00:00+00:00,2829.0
2024-04-07 17:00:00+00:00,689.0
2024-04-07 18:00:00+00:00,10.0
2024-04-07 19:00:00+00:00,0.0
2024-04-07 20:00:00+00:00,0.0
2024-04-07 21:00:00+00:00,0.0
2024-04-07 22:00:00+00:00,0.0
2024-04-07 23:00:00+00:00,0.0
2024-04-08 00:00:00+00:00,0.0
2024-04-08 01:00:00+00:00,0.0
2024-04-08 02:00:00+00:00,0.0
2024-04-08 03:00:00+00:00,0.0
2024-04-08 04:00:00+00:00,0.0
2024-04-08 05:00:00+00:00,203.0
2024-04-08 06:00:00+00:00,1446.0
2024-04-08 07:00:00+00:00,3557.0
2024-04-08 08:00:00+00:00,7326.0
2024-04-08 09:00:00+00:00,10774.0
2024-04-08 10:00:00+00:00,11454.0
2024-04-08 11:00:00+00:00,8992.0
2024-04-08 12:00:00+00:00,6200.0
2024-04-08 13:00:00+00:00,5672.0
2024-04-08 14:00:00+00:00,7296.0
2024-04-08 15:00:00+00:00,7251.0
2024-04-08 16:00:00+00:00,5486.0
2024-04-08 17:00:00+00:00,1945.0
2024-04-08 18:00:00+00:00,146.0
2024-04-08 19:00:00+00:00,0.0
2024-04-08 20:00:00+00:00,0.0
2024-04-08 21:00:00+00:00,0.0
2024-04-08 22:00:00+00:00,0.0
2024-04-08 23:00:00+00:00,0.0
2024-04-09 00:00:00+00:00,0.0
2024-04-09 01:00:00+00:00,0.0
2024-04-09 02:00:00+00:00,0.0
2024-04-09 03:00:00+00:00,0.0
2024-04-09 04:00:00+00:00,0.0
2024-04-09 05:00:00+00:00,103.0
2024-04-09 06:00:00+00:00,979.0
2024-04-09 07:00:00+00:00,3010.0
2024-04-09 08:00:00+00:00,5621.0
2024-04-09 09:00:00+00:00,8292.0
2024-04-09 10:00:00+00:00,9096.0
2024-04-09 11:00:00+00:00,7163.0
2024-04-09 12:00:00+00:00,6053.0
2024-04-09 13:00:00+00:00,5646.0
2024-04-09 14:00:00+00:00,4903.0
2024-04-09 15:00:00+00:00,3876.0
2024-04-09 16:00:00+00:00,2669.0
2024-04-09 17:00:00+00:00,1220.0
2024-04-09 18:00:00+00:00,151.0
2024-04-09 19:00:00+00:00,0.0
2024-04-09 20:00:00+00:00,0.0
2024-04-09 21:00:00+00:00,0.0
2024-04-09 22:00:00+00:00,0.0
2024-04-09 23:00:00+00:00,0.0
2024-04-10 00:00:00+00:00,0.0
2024-04-10 01:00:00+00:00,0.0
2024-04-10 02:00:00+00:00,0.0
2024-04-10 03:00:00+00:00,0.0
2024-04-10 04:00:00+00:00,0.0
2024-04-10 05:00:00+00:00,277.0
2024-04-10 06:00:00+00:00,2189.0
2024-04-10 07:00:00+00:00,5738.0
2024-04-10 08:00:00+00:00,8780.0
2024-04-10 09:00:00+00:00,10857.0
2024-04-10 10:00:00+00:00,13931.0
2024-04-10 11:00:00+00:00,15987.0
2024-04-10 12:00:00+00:00,16118.0
2024-04-10 13:00:00+00:00,15619.0
2024-04-10 14:00:00+00:00,13503.0
2024-04-10 15:00:00+00:00,9835.0
2024-04-10 16:00:00+00:00,6153.0
2024-04-10 17:00:00+00:00,2273.0
2024-04-10 18:00:00+00:00,133.0
2024-04-10 19:00:00+00:00,0.0
2024-04-10 20:00:00+00:00,0.0
2024-04-10 21:00:00+00:00,0.0
2024-04-10 22:00:00+00:00,0.0
2024-04-10 23:00:00+00:00,0.0
2024-04-11 00:00:00+00:00,0.0
2024-04-11 01:00:00+00:00,0.0
2024-04-11 02:00:00+00:00,0.0
2024-04-11 03:00:00+00:00,0.0
2024-04-11 04:00:00+00:00,0.0
2024-04-11 05:00:00+00:00,70.0
2024-04-11 06:00:00+00:00,457.0
2024-04-11 07:00:00+00:00,1187.0
2024-04-11 08:00:00+00:00,2229.0
2024-04-11 09:00:00+00:00,3417.0
2024-04-11 10:00:00+00:00,4269.0
2024-04-11 11:00:00+00:00,5109.0
2024-04-11 12:00:00+00:00,5372.0
2024-04-11 13:00:00+00:00,4366.0
2024-04-11 14:00:00+00:00,3176.0
2024-04-11 15:00:00+00:00,2301.0
2024-04-11 16:00:00+00:00,1459.0
2024-04-11 17:00:00+00:00,568.0
2024-04-11 18:00:00+00:00,73.0
2024-04-11 19:00:00+00:00,0.0
2024-04-11 20:00:00+00:00,0.0
2024-04-11 21:00:00+00:00,0.0
2024-04-11 22:00:00+00:00,0.0
2024-04-11 23:00:00+00:00,0.0
2024-04-12 00:00:00+00:00,0.0
2024-04-12 01:00:00+00:00,0.0
2024-04-12 02:00:00+00:00,0.0
2024-04-12 03:00:00+00:00,0.0
2024-04-12 04:00:00+00:00,1.0
2024-04-12 05:00:00+00:00,245.0
2024-04-12 06:00:00+00:00,1403.0
2024-04-12 07:00:00+00:00,3347.0
2024-04-12 08:00:00+00:00,6210.0
2024-04-12 09:00:00+00:00,9613.0
2024-04-12 10:00:00+00:00,12262.0
2024-04-12 11:00:00+00:00,13784.0
2024-04-12 12:00:00+00:00,13364.0
2024-04-12 13:00:00+00:00,12669.0
2024-04-12 14:00:00+00:00,10509.0
2024-04-12 15:00:00+00:00,6985.0
2024-04-12 16:00:00+00:00,3998.0
2024-04-12 17:00:00+00:00,1427.0
2024-04-12 18:00:00+00:00,152.0
2024-04-12 19:00:00+00:00,0.0
2024-04-12 20:00:00+00:00,0.0
2024-04-12 21:00:00+00:00,0.0
2024-04-12 22:00:00+00:00,0.0
2024-04-12 23:00:00+00:00,0.0
2024-04-13 00:00:00+00:00,0.0
2024-04-13 01:00:00+00:00,0.0
2024-04-13 02:00:00+00:00,0.0
2024-04-13 03:00:00+00:00,0.0
2024-04-13 04:00:00+00:00,1.0
2024-04-13 05:00:00+00:00,394.0
2024-04-13 06:00:00+00:00,2344.0
2024-04-13 07:00:00+00:00,5441.0
2024-04-13 08:00:00+00:00,8565.0
2024-04-13 09:00:00+00:00,11322.0
2024-04-13 10:00:00+00:00,13409.0
2024-04-13 11:00:00+00:00,13757.0
2024-04-13 12:00:00+00:00,13584.0
2024-04-13 13:00:00+00:00,13149.0
2024-04-13 14:00:00+00:00,11769.0
2024-04-13 15:00:00+00:00,8523.0
2024-04-13 16:00:00+00:00,5038.0
2024-04-13 17:00:00+00:00,2027.0
2024-04-13 18:00:00+00:00,259.0
2024-04-13 19:00:00+00:00,0.0
2024-04-13 20:00:00+00:00,0.0
2024-04-13 21:00:00+00:00,0.0
2024-04-13 22:00:00+00:00,0.0
2024-04-13 23:00:00+00:00,0.0
2024-04-14 00:00:00+00:00,0.0
2024-04-14 01:00:00+00:00,0.0
2024-04-14 02:00:00+00:00,0.0
2024-04-14 03:00:00+00:00,0.0
2024-04-14 04:00:00+00:00,2.0
2024-04-14 05:00:00+00:00,342.0
2024-04-14 06:00:00+00:00,1936.0
2024-04-14 07:00:00+00:00,4965.0
2024-04-14 08:00:00+00:00,8906.0
2024-04-14 09:00:00+00:00,11462.0
2024-04-14 10:00:00+00:00,13653.0
2024-04-14 11:00:00+00:00,14835.0
2024-04-14 12:00:00+00:00,15619.0
2024-04-14 13:00:00+00:00,14554.0
2024-04-14 14:00:00+00:00,12083.0
2024-04-14 15:00:00+00:00,7736.0
2024-04-14 16:00:00+00:00,4021.0
2024-04-14 17:00:00+00:00,1461.0
2024-04-14 18:00:00+00:00,153.0
2024-04-14 19:00:00+00:00,0.0
2024-04-14 20:00:00+00:00,0.0
2024-04-14 21:00:00+00:00,0.0
2024-04-14 22:00:00+00:00,0.0
2024-04-14 23:00:00+00:00,0.0
2024-04-15 00:00:00+00:00,0.0
2024-04-15 01:00:00+00:00,0.0
2024-04-15 02:00:00+00:00,0.0
2024-04-15 03:00:00+00:00,0.0
2024-04-15 04:00:00+00:00,4.0
2024-04-15 05:00:00+00:00,482.0
2024-04-15 06:00:00+00:00,2884.0
2024-04-15 07:00:00+00:00,5384.0
2024-04-15 08:00:00+00:00,6251.0
2024-04-15 09:00:00+00:00,7660.0
2024-04-15 10:00:00+00:00,5990.0
2024-04-15 11:00:00+00:00,4188.0
2024-04-15 12:00:00+00:00,3565.0
2024-04-15 13:00:00+00:00,3268.0
2024-04-15 14:00:00+00:00,4190.0
2024-04-15 15:00:00+00:00,5634.0
2024-04-15 16:00:00+00:00,3880.0
2024-04-15 17:00:00+00:00,1847.0
2024-04-15 18:00:00+00:00,285.0
2024-04-15 19:00:00+00:00,0.0
2024-04-15 20:00:00+00:00,0.0
2024-04-15 21:00:00+00:00,0.0
2024-04-15 22:00:00+00:00,0.0
2024-04-15 23:00:00+00:00,0.0
2024-04-16 00:00:00+00:00,0.0
2024-04-16 01:00:00+00:00,0.0
2024-04-16 02:00:00+00:00,0.0
2024-04-16 03:00:00+00:00,0.0
2024-04-16 04:00:00+00:00,6.0
2024-04-16 05:00:00+00:00,164.0
2024-04-16 06:00:00+00:00,964.0
2024-04-16 07:00:00+00:00,3727.0
2024-04-16 08:00:00+00:00,5729.0
2024-04-16 09:00:00+00:00,6855.0
2024-04-16 10:00:00+00:00,9088.0
2024-04-16 11:00:00+00:00,7922.0
2024-04-16 12:00:00+00:00,7108.0
2024-04-16 13:00:00+00:00,6511.0
2024-04-16 14:00:00+00:00,6475.0
2024-04-16 15:00:00+00:00,5099.0
2024-04-16 16:00:00+00:00,4179.0
2024-04-16 17:00:00+00:00,2076.0
2024-04-16 18:00:00+00:00,499.0
2024-04-16 19:00:00+00:00,0.0
2024-04-16 20:00:00+00:00,0.0
2024-04-16 21:00:00+00:00,0.0
2024-04-16 22:00:00+00:00,0.0
2024-04-16 23:00:00+00:00,0.0
2024-04-17 00:00:00+00:00,0.0
2024-04-17 01:00:00+00:00,0.0
2024-04-17 02:00:00+00:00,0.0
2024-04-17 03:00:00+00:00,0.0
2024-04-17 04:00:00+00:00,5.0
2024-04-17 05:00:00+00:00,386.0
2024-04-17 06:00:00+00:00,2162.0
2024-04-17 07:00:00+00:00,4898.0
2024-04-17 08:00:00+00:00,6915.0
2024-04-17 09:00:00+00:00,9413.0
2024-04-17 10:00:00+00:00,10703.0
2024-04-17 11:00:00+00:00,10441.0
2024-04-17 12:00:00+00:00,9241.0
2024-04-17 13:00:00+00:00,6707.0
2024-04-17 14:00:00+00:00,6883.0
2024-04-17 15:00:00+00:00,6825.0
2024-04-17 16:00:00+00:00,4513.0
2024-04-17 17:00:00+00:00,1792.0
2024-04-17 18:00:00+00:00,333.0
2024-04-17 19:00:00+00:00,0.0
2024-04-17 20:00:00+00:00,0.0
2024-04-17 21:00:00+00:00,0.0
2024-04-17 22:00:00+00:00,0.0
2024-04-17 23:00:00+00:00,0.0
2024-04-18 00:00:00+00:00,0.0
2024-04-18 01:00:00+00:00,0.0
2024-04-18 02:00:00+00:00,0.0
2024-04-18 03:00:00+00:00,0.0
2024-04-18 04:00:00+00:00,12.0
2024-04-18 05:00:00+00:00,897.0
2024-04-18 06:00:00+00:00,3675.0
2024-04-18 07:00:00+00:00,7087.0
2024-04-18 08:00:00+00:00,9535.0
2024-04-18 09:00:00+00:00,10440.0
2024-04-18 10:00:00+00:00,11546.0
2024-04-18 11:00:00+00:00,12511.0
2024-04-18 12:00:00+00:00,11842.0
2024-04-18 13:00:00+00:00,10472.0
2024-04-18 14:00:00+00:00,8316.0
2024-04-18 15:00:00+00:00,6763.0
2024-04-18 16:00:00+00:00,3669.0
2024-04-18 17:00:00+00:00,1502.0
2024-04-18 18:00:00+00:00,215.0
2024-04-18 19:00:00+00:00,0.0
2024-04-18 20:00:00+00:00,0.0
2024-04-18 21:00:00+00:00,0.0
2024-04-18 22:00:00+00:00,0.0
2024-04-18 23:00:00+00:00,0.0
2024-04-19 00:00:00+00:00,0.0
2024-04-19 01:00:00+00:00,0.0
2024-04-19 02:00:00+00:00,0.0
2024-04-19 03:00:00+00:00,0.0
2024-04-19 04:00:00+00:00,5.0
2024-04-19 05:00:00+00:00,218.0
2024-04-19 06:00:00+00:00,873.0
2024-04-19 07:00:00+00:00,2154.0
2024-04-19 08:00:00+00:00,4016.0
2024-04-19 09:00:00+00:00,5555.0
2024-04-19 10:00:00+00:00,7707.0
2024-04-19 11:00:00+00:00,8973.0
2024-04-19 12:00:00+00:00,11525.0
2024-04-19 13:00:00+00:00,11717.0
2024-04-19 14:00:00+00:00,9161.0
2024-04-19 15:00:00+00:00,7830.0
2024-04-19 16:00:00+00:00,3565.0
2024-04-19 17:00:00+00:00,2145.0
2024-04-19 18:00:00+00:00,414.0
2024-04-19 19:00:00+00:00,0.0
2024-04-19 20:00:00+00:00,0.0
2024-04-19 21:00:00+00:00,0.0
2024-04-19 22:00:00+00:00,0.0
2024-04-19 23:00:00+00:00,0.0
2024-04-20 00:00:00+00:00,0.0
2024-04-20 01:00:00+00:00,0.0
2024-04-20 02:00:00+00:00,0.0
2024-04-20 03:00:00+00:00,0.0
2024-04-20 04:00:00+00:00,10.0
2024-04-20 05:00:00+00:00,417.0
2024-04-20 06:00:00+00:00,2151.0
2024-04-20 07:00:00+00:00,4392.0
2024-04-20 08:00:00+00:00,7360.0
2024-04-20 09:00:00+00:00,9499.0
2024-04-20 10:00:00+00:00,11781.0
2024-04-20 11:00:00+00:00,12445.0
2024-04-20 12:00:00+00:00,12087.0
2024-04-20 13:00:00+00:00,11226.0
2024-04-20 14:00:00+00:00,9160.0
2024-04-20 15:00:00+00:00,6402.0
2024-04-20 16:00:00+00:00,4520.0
2024-04-20 17:00:00+00:00,1872.0
2024-04-20 18:00:00+00:00,387.0
2024-04-20 19:00:00+00:00,0.0
2024-04-20 20:00:00+00:00,0.0
2024-04-20 21:00:00+00:00,0.0
2024-04-20 22:00:00+00:00,0.0
2024-04-20 23:00:00+00:00,0.0
2024-04-21 00:00:00+00:00,0.0
2024-04-21 01:00:00+00:00,0.0
2024-04-21 02:00:00+00:00,0.0
2024-04-21 03:00:00+00:00,0.0
2024-04-21 04:00:00+00:00,23.0
2024-04-21 05:00:00+00:00,794.0
2024-04-21 06:00:00+00:00,3131.0
2024-04-21 07:00:00+00:00,6041.0
2024-04-21 08:00:00+00:00,9829.0
2024-04-21 09:00:00+00:00,12702.0
2024-04-21 10:00:00+00:00,12943.0
2024-04-21 11:00:00+00:00,13754.0
2024-04-21 12:00:00+00:00,13044.0
2024-04-21 13:00:00+00:00,12213.0
2024-04-21 14:00:00+00:00,10252.0
2024-04-21 15:00:00+00:00,8000.0
2024-04-21 16:00:00+00:00,5615.0
2024-04-21 17:00:00+00:00,2884.0
2024-04-21 18:00:00+00:00,599.0
2024-04-21 19:00:00+00:00,0.0
2024-04-21 20:00:00+00:00,0.0
2024-04-21 21:00:00+00:00,0.0
2024-04-21 22:00:00+00:00,0.0
2024-04-21 23:00:00+00:00,0.0
2024-04-22 00:00:00+00:00,0.0
2024-04-22 01:00:00+00:00,0.0
2024-04-22 02:00:00+00:00,0.0
2024-04-22 03:00:00+00:00,0.0
2024-04-22 04:00:00+00:00,21.0
2024-04-22 05:00:00+00:00,692.0
2024-04-22 06:00:00+00:00,2614.0
2024-04-22 07:00:00+00:00,5322.0
2024-04-22 08:00:00+00:00,8828.0
2024-04-22 09:00:00+00:00,10513.0
2024-04-22 10:00:00+00:00,11295.0
2024-04-22 11:00:00+00:00,10671.0
2024-04-22 12:00:00+00:00,12157.0
2024-04-22 13:00:00+00:00,12490.0
2024-04-22 14:00:00+00:00,10962.0
2024-04-22 15:00:00+00:00,9644.0
2024-04-22 16:00:00+00:00,6401.0
2024-04-22 17:00:00+00:00,3071.0
2024-04-22 18:00:00+00:00,736.0
2024-04-22 19:00:00+00:00,0.0
2024-04-22 20:00:00+00:00,0.0
2024-04-22 21:00:00+00:00,0.0
2024-04-22 22:00:00+00:00,0.0
2024-04-22 23:00:00+00:00,0.0
2024-04-23 00:00:00+00:00,0.0
2024-04-23 01:00:00+00:00,0.0
2024-04-23 02:00:00+00:00,0.0
2024-04-23 03:00:00+00:00,0.0
2024-04-23 04:00:00+00:00,41.0
2024-04-23 05:00:00+00:00,1439.0
2024-04-23 06:00:00+00:00,4704.0
2024-04-23 07:00:00+00:00,8526.0
2024-04-23 08:00:00+00:00,12216.0
2024-04-23 09:00:00+00:00,14057.0
2024-04-23 10:00:00+00:00,13783.0
2024-04-23 11:00:00+00:00,15619.0
2024-04-23 12:00:00+00:00,14573.0
2024-04-23 13:00:00+00:00,13095.0
2024-04-23 14:00:00+00:00,9335.0
2024-04-23 15:00:00+00:00,6642.0
2024-04-23 16:00:00+00:00,2999.0
2024-04-23 17:00:00+00:00,1073.0
2024-04-23 18:00:00+00:00,283.0
2024-04-23 19:00:00+00:00,0.0
2024-04-23 20:00:00+00:00,0.0
2024-04-23 21:00:00+00:00,0.0
2024-04-23 22:00:00+00:00,0.0
2024-04-23 23:00:00+00:00,0.0
2024-04-24 00:00:00+00:00,0.0
2024-04-24 01:00:00+00:00,0.0
2024-04-24 02:00:00+00:00,0.0
2024-04-24 03:00:00+00:00,0.0
2024-04-24 04:00:00+00:00,25.0
2024-04-24 05:00:00+00:00,614.0
2024-04-24 06:00:00+00:00,2429.0
2024-04-24 07:00:00+00:00,5065.0
2024-04-24 08:00:00+00:00,6733.0
2024-04-24 09:00:00+00:00,8792.0
2024-04-24 10:00:00+00:00,11513.0
2024-04-24 11:00:00+00:00,13004.0
2024-04-24 12:00:00+00:00,11409.0
2024-04-24 13:00:00+00:00,11234.0
2024-04-24 14:00:00+00:00,9885.0
2024-04-24 15:00:00+00:00,6344.0
2024-04-24 16:00:00+00:00,4368.0
2024-04-24 17:00:00+00:00,2480.0
2024-04-24 18:00:00+00:00,695.0
2024-04-24 19:00:00+00:00,0.0
2024-04-24 20:00:00+00:00,0.0
2024-04-24 21:00:00+00:00,0.0
2024-04-24 22:00:00+00:00,0.0
2024-04-24 23:00:00+00:00,0.0
2024-04-25 00:00:00+00:00,0.0
2024-04-25 01:00:00+00:00,0.0
2024-04-25 02:00:00+00:00,0.0
2024-04-25 03:00:00+00:00,0.0
2024-04-25 04:00:00+00:00,36.0
2024-04-25 05:00:00+00:00,726.0
2024-04-25 06:00:00+00:00,2594.0
2024-04-25 07:00:00+00:00,4648.0
2024-04-25 08:00:00+00:00,6601.0
2024-04-25 09:00:00+00:00,7644.0
2024-04-25 10:00:00+00:00,7435.0
2024-04-25 11:00:00+00:00,8690.0
2024-04-25 12:00:00+00:00,9057.0
2024-04-25 13:00:00+00:00,9299.0
2024-04-25 14:00:00+00:00,6133.0
2024-04-25 15:00:00+00:00,3659.0
2024-04-25 16:00:00+00:00,1452.0
2024-04-25 17:00:00+00:00,779.0
2024-04-25 18:00:00+00:00,160.0
2024-04-25 19:00:00+00:00,0.0
2024-04-25 20:00:00+00:00,0.0
2024-04-25 21:00:00+00:00,0.0
2024-04-25 22:00:00+00:00,0.0
2024-04-25 23:00:00+00:00,0.0
2024-04-26 00:00:00+00:00,0.0
2024-04-26 01:00:00+00:00,0.0
2024-04-26 02:00:00+00:00,0.0
2024-04-26 03:00:00+00:00,0.0
2024-04-26 04:00:00+00:00,32.0
2024-04-26 05:00:00+00:00,759.0
2024-04-26 06:00:00+00:00,2927.0
2024-04-26 07:00:00+00:00,5760.0
2024-04-26 08:00:00+00:00,7860.0
2024-04-26 09:00:00+00:00,10455.0
2024-04-26 10:00:00+00:00,12803.0
2024-04-26 11:00:00+00:00,14535.0
2024-04-26 12:00:00+00:00,14043.0
2024-04-26 13:00:00+00:00,12824.0
2024-04-26 14:00:00+00:00,10131.0
2024-04-26 15:00:00+00:00,7362.0
2024-04-26 16:00:00+00:00,4657.0
2024-04-26 17:00:00+00:00,2045.0
2024-04-26 18:00:00+00:00,557.0
2024-04-26 19:00:00+00:00,0.0
2024-04-26 20:00:00+00:00,0.0
2024-04-26 21:00:00+00:00,0.0
2024-04-26 22:00:00+00:00,0.0
2024-04-26 23:00:00+00:00,0.0
2024-04-27 00:00:00+00:00,0.0
2024-04-27 01:00:00+00:00,0.0
2024-04-27 02:00:00+00:00,0.0
2024-04-27 03:00:00+00:00,0.0
2024-04-27 04:00:00+00:00,62.0
2024-04-27 05:00:00+00:00,750.0
2024-04-27 06:00:00+00:00,2196.0
2024-04-27 07:00:00+00:00,4064.0
2024-04-27 08:00:00+00:00,5690.0
2024-04-27 09:00:00+00:00,8356.0
2024-04-27 10:00:00+00:00,8804.0
2024-04-27 11:00:00+00:00,8996.0
2024-04-27 12:00:00+00:00,9003.0
2024-04-27 13:00:00+00:00,8938.0
2024-04-27 14:00:00+00:00,8434.0
2024-04-27 15:00:00+00:00,5452.0
2024-04-27 16:00:00+00:00,2761.0
2024-04-27 17:00:00+00:00,1402.0
2024-04-27 18:00:00+00:00,377.0
2024-04-27 19:00:00+00:00,0.0
2024-04-27 20:00:00+00:00,0.0
2024-04-27 21:00:00+00:00,0.0
2024-04-27 22:00:00+00:00,0.0
2024-04-27 23:00:00+00:00,0.0
2024-04-28 00:00:00+00:00,0.0
2024-04-28 01:00:00+00:00,0.0
2024-04-28 02:00:00+00:00,0.0
2024-04-28 03:00:00+00:00,0.0
2024-04-28 04:00:00+00:00,67.0
2024-04-28 05:00:00+00:00,821.0
2024-04-28 06:00:00+00:00,2141.0
2024-04-28 07:00:00+00:00,4126.0
2024-04-28 08:00:00+00:00,7282.0
2024-04-28 09:00:00+00:00,9506.0
2024-04-28 10:00:00+00:00,8497.0
2024-04-28 11:00:00+00:00,9282.0
2024-04-28 12:00:00+00:00,8321.0
2024-04-28 13:00:00+00:00,7288.0
2024-04-28 14:00:00+00:00,6656.0
2024-04-28 15:00:00+00:00,5749.0
2024-04-28 16:00:00+00:00,4244.0
2024-04-28 17:00:00+00:00,2481.0
2024-04-28 18:00:00+00:00,822.0
2024-04-28 19:00:00+00:00,0.0
2024-04-28 20:00:00+00:00,0.0
2024-04-28 21:00:00+00:00,0.0
2024-04-28 22:00:00+00:00,0.0
2024-04-28 23:00:00+00:00,0.0
2024-04-29 00:00:00+00:00,0.0
2024-04-29 01:00:00+00:00,0.0
2024-04-29 02:00:00+00:00,0.0
2024-04-29 03:00:00+00:00,0.0
2024-04-29 04:00:00+00:00,89.0
2024-04-29 05:00:00+00:00,1547.0
2024-04-29 06:00:00+00:00,4560.0
2024-04-29 07:00:00+00:00,8566.0
2024-04-29 08:00:00+00:00,12453.0
2024-04-29 09:00:00+00:00,15464.0
2024-04-29 10:00:00+00:00,16932.0
2024-04-29 11:00:00+00:00,16674.0
2024-04-29 12:00:00+00:00,15315.0
2024-04-29 13:00:00+00:00,14350.0
2024-04-29 14:00:00+00:00,10714.0
2024-04-29 15:00:00+00:00,8375.0
2024-04-29 16:00:00+00:00,5070.0
2024-04-29 17:00:00+00:00,2124.0
2024-04-29 18:00:00+00:00,689.0
2024-04-29 19:00:00+00:00,23.0
2024-04-29 20:00:00+00:00,0.0
2024-04-29 21:00:00+00:00,0.0
2024-04-29 22:00:00+00:00,0.0
2024-04-29 23:00:00+00:00,0.0
2024-04-30 00:00:00+00:00,0.0
2024-04-30 01:00:00+00:00,0.0
2024-04-30 02:00:00+00:00,0.0
2024-04-30 03:00:00+00:00,0.0
2024-04-30 04:00:00+00:00,25.0
2024-04-30 05:00:00+00:00,514.0
2024-04-30 06:00:00+00:00,2177.0
2024-04-30 07:00:00+00:00,4959.0
2024-04-30 08:00:00+00:00,7438.0
2024-04-30 09:00:00+00:00,10616.0
2024-04-30 10:00:00+00:00,13045.0
2024-04-30 11:00:00+00:00,14447.0
2024-04-30 12:00:00+00:00,15637.0
2024-04-30 13:00:00+00:00,14251.0
2024-04-30 14:00:00+00:00,11118.0
2024-04-30 15:00:00+00:00,7881.0
2024-04-30 16:00:00+00:00,5357.0
2024-04-30 17:00:00+00:00,2675.0
2024-04-30 18:00:00+00:00,783.0
2024-04-30 19:00:00+00:00,15.0
2024-04-30 20:00:00+00:00,0.0
2024-04-30 21:00:00+00:00,0.0
2024-04-30 22:00:00+00:00,0.0
2024-04-30 23:00:00+00:00,0.0
2024-05-01 00:00:00+00:00,0.0
2024-05-01 01:00:00+00:00,0.0
2024-05-01 02:00:00+00:00,0.0
2024-05-01 03:00:00+00:00,0.0
2024-05-01 04:00:00+00:00,101.0
2024-05-01 05:00:00+00:00,1285.0
2024-05-01 06:00:00+00:00,3907.0
2024-05-01 07:00:00+00:00,7904.0
2024-05-01 08:00:00+00:00,11608.0
2024-05-01 09:00:00+00:00,14492.0
2024-05-01 10:00:00+00:00,16644.0
2024-05-01 11:00:00+00:00,17635.0
2024-05-01 12:00:00+00:00,17275.0
2024-05-01 13:00:00+00:00,15880.0
2024-05-01 14:00:00+00:00,13422.0
2024-05-01 15:00:00+00:00,10369.0
2024-05-01 16:00:00+00:00,6595.0
2024-05-01 17:00:00+00:00,3191.0
2024-05-01 18:00:00+00:00,821.0
2024-05-01 19:00:00+00:00,7.0
2024-05-01 20:00:00+00:00,0.0
2024-05-01 21:00:00+00:00,0.0
2024-05-01 22:00:00+00:00,0.0
2024-05-01 23:00:00+00:00,0.0
2024-05-02 00:00:00+00:00,0.0
2024-05-02 01:00:00+00:00,0.0
2024-05-02 02:00:00+00:00,0.0
2024-05-02 03:00:00+00:00,0.0
2024-05-02 04:00:00+00:00,152.0
2024-05-02 05:00:00+00:00,1692.0
2024-05-02 06:00:00+00:00,4864.0
2024-05-02 07:00:00+00:00,8732.0
2024-05-02 08:00:00+00:00,12243.0
2024-05-02 09:00:00+00:00,14988.0
2024-05-02 10:00:00+00:00,16690.0
2024-05-02 11:00:00+00:00,17574.0
2024-05-02 12:00:00+00:00,16608.0
2024-05-02 13:00:00+00:00,15060.0
2024-05-02 14:00:00+00:00,12162.0
2024-05-02 15:00:00+00:00,8780.0
2024-05-02 16:00:00+00:00,5436.0
2024-05-02 17:00:00+00:00,1970.0
2024-05-02 18:00:00+00:00,462.0
2024-05-02 19:00:00+00:00,12.0
2024-05-02 20:00:00+00:00,0.0
2024-05-02 21:00:00+00:00,0.0
2024-05-02 22:00:00+00:00,0.0
2024-05-02 23:00:00+00:00,0.0
2024-05-03 00:00:00+00:00,0.0
2024-05-03 01:00:00+00:00,0.0
2024-05-03 02:00:00+00:00,0.0
2024-05-03 03:00:00+00:00,0.0
2024-05-03 04:00:00+00:00,42.0
2024-05-03 05:00:00+00:00,308.0
2024-05-03 06:00:00+00:00,645.0
2024-05-03 07:00:00+00:00,1099.0
2024-05-03 08:00:00+00:00,1624.0
2024-05-03 09:00:00+00:00,2114.0
2024-05-03 10:00:00+00:00,2307.0
2024-05-03 11:00:00+00:00,2882.0
2024-05-03 12:00:00+00:00,3821.0
2024-05-03 13:00:00+00:00,3841.0
2024-05-03 14:00:00+00:00,3983.0
2024-05-03 15:00:00+00:00,3425.0
2024-05-03 16:00:00+00:00,2828.0
2024-05-03 17:00:00+00:00,2081.0
2024-05-03 18:00:00+00:00,851.0
2024-05-03 19:00:00+00:00,20.0
2024-05-03 20:00:00+00:00,0.0
2024-05-03 21:00:00+00:00,0.0
2024-05-03 22:00:00+00:00,0.0
2024-05-03 23:00:00+00:00,0.0
2024-05-04 00:00:00+00:00,0.0
2024-05-04 01:00:00+00:00,0.0
2024-05-04 02:00:00+00:00,0.0
2024-05-04 03:00:00+00:00,0.0
2024-05-04 04:00:00+00:00,154.0
2024-05-04 05:00:00+00:00,1716.0
2024-05-04 06:00:00+00:00,4491.0
2024-05-04 07:00:00+00:00,7586.0
2024-05-04 08:00:00+00:00,10320.0
2024-05-04 09:00:00+00:00,11772.0
2024-05-04 10:00:00+00:00,12126.0
2024-05-04 11:00:00+00:00,12217.0
2024-05-04 12:00:00+00:00,10480.0
2024-05-04 13:00:00+00:00,9560.0
2024-05-04 14:00:00+00:00,8003.0
2024-05-04 15:00:00+00:00,4833.0
2024-05-04 16:00:00+00:00,3085.0
2024-05-04 17:00:00+00:00,1520.0
2024-05-04 18:00:00+00:00,506.0
2024-05-04 19:00:00+00:00,17.0
2024-05-04 20:00:00+00:00,0.0
2024-05-04 21:00:00+00:00,0.0
2024-05-04 22:00:00+00:00,0.0
2024-05-04 23:00:00+00:00,0.0
2024-05-05 00:00:00+00:00,0.0
2024-05-05 01:00:00+00:00,0.0
2024-05-05 02:00:00+00:00,0.0
2024-05-05 03:00:00+00:00,0.0
2024-05-05 04:00:00+00:00,88.0
2024-05-05 05:00:00+00:00,865.0
2024-05-05 06:00:00+00:00,2208.0
2024-05-05 07:00:00+00:00,4604.0
2024-05-05 08:00:00+00:00,6557.0
2024-05-05 09:00:00+00:00,9090.0
2024-05-05 10:00:00+00:00,11600.0
2024-05-05 11:00:00+00:00,13109.0
2024-05-05 12:00:00+00:00,14348.0
2024-05-05 13:00:00+00:00,11991.0
2024-05-05 14:00:00+00:00,10335.0
2024-05-05 15:00:00+00:00,8808.0
2024-05-05 16:00:00+00:00,5369.0
2024-05-05 17:00:00+00:00,2982.0
2024-05-05 18:00:00+00:00,939.0
2024-05-05 19:00:00+00:00,43.0
2024-05-05 20:00:00+00:00,0.0
2024-05-05 21:00:00+00:00,0.0
2024-05-05 22:00:00+00:00,0.0
2024-05-05 23:00:00+00:00,0.0
2024-05-06 00:00:00+00:00,0.0
2024-05-06 01:00:00+00:00,0.0
2024-05-06 02:00:00+00:00,0.0
2024-05-06 03:00:00+00:00,0.0
2024-05-06 04:00:00+00:00,189.0
2024-05-06 05:00:00+00:00,1431.0
2024-05-06 06:00:00+00:00,3510.0
2024-05-06 07:00:00+00:00,6606.0
2024-05-06 08:00:00+00:00,10522.0
2024-05-06 09:00:00+00:00,12315.0
2024-05-06 10:00:00+00:00,13100.0
2024-05-06 11:00:00+00:00,13501.0
2024-05-06 12:00:00+00:00,11964.0
2024-05-06 13:00:00+00:00,9819.0
2024-05-06 14:00:00+00:00,6916.0
2024-05-06 15:00:00+00:00,4257.0
2024-05-06 16:00:00+00:00,2463.0
2024-05-06 17:00:00+00:00,1229.0
2024-05-06 18:00:00+00:00,392.0
2024-05-06 19:00:00+00:00,23.0
2024-05-06 20:00:00+00:00,0.0
2024-05-06 21:00:00+00:00,0.0
2024-05-06 22:00:00+00:00,0.0
2024-05-06 23:00:00+00:00,0.0
2024-05-07 00:00:00+00:00,0.0
2024-05-07 01:00:00+00:00,0.0
2024-05-07 02:00:00+00:00,0.0
2024-05-07 03:00:00+00:00,0.0
2024-05-07 04:00:00+00:00,185.0
2024-05-07 05:00:00+00:00,1714.0
2024-05-07 06:00:00+00:00,4560.0
2024-05-07 07:00:00+00:00,8662.0
2024-05-07 08:00:00+00:00,12456.0
2024-05-07 09:00:00+00:00,15290.0
2024-05-07 10:00:00+00:00,16301.0
2024-05-07 11:00:00+00:00,16747.0
2024-05-07 12:00:00+00:00,16412.0
2024-05-07 13:00:00+00:00,14879.0
2024-05-07 14:00:00+00:00,12129.0
2024-05-07 15:00:00+00:00,9373.0
2024-05-07 16:00:00+00:00,6578.0
2024-05-07 17:00:00+00:00,3405.0
2024-05-07 18:00:00+00:00,1153.0
2024-05-07 19:00:00+00:00,49.0
2024-05-07 20:00:00+00:00,0.0
2024-05-07 21:00:00+00:00,0.0
2024-05-07 22:00:00+00:00,0.0
2024-05-07 23:00:00+00:00,0.0
2024-05-08 00:00:00+00:00,0.0
2024-05-08 01:00:00+00:00,0.0
2024-05-08 02:00:00+00:00,0.0
2024-05-08 03:00:00+00:00,0.0
2024-05-08 04:00:00+00:00,107.0
2024-05-08 05:00:00+00:00,786.0
2024-05-08 06:00:00+00:00,2238.0
2024-05-08 07:00:00+00:00,3490.0
2024-05-08 08:00:00+00:00,4792.0
2024-05-08 09:00:00+00:00,5726.0
2024-05-08 10:00:00+00:00,6180.0
2024-05-08 11:00:00+00:00,6787.0
2024-05-08 12:00:00+00:00,7654.0
2024-05-08 13:00:00+00:00,8210.0
2024-05-08 14:00:00+00:00,6988.0
2024-05-08 15:00:00+00:00,5589.0
2024-05-08 16:00:00+00:00,5092.0
2024-05-08 17:00:00+00:00,3246.0
2024-05-08 18:00:00+00:00,1264.0
2024-05-08 19:00:00+00:00,76.0
2024-05-08 20:00:00+00:00,0.0
2024-05-08 21:00:00+00:00,0.0
2024-05-08 22:00:00+00:00,0.0
2024-05-08 23:00:00+00:00,0.0
2024-05-09 00:00:00+00:00,0.0
2024-05-09 01:00:00+00:00,0.0
2024-05-09 02:00:00+00:00,0.0
2024-05-09 03:00:00+00:00,0.0
2024-05-09 04:00:00+00:00,236.0
2024-05-09 05:00:00+00:00,1856.0
2024-05-09 06:00:00+00:00,4832.0
2024-05-09 07:00:00+00:00,8589.0
2024-05-09 08:00:00+00:00,11912.0
2024-05-09 09:00:00+00:00,14435.0
2024-05-09 10:00:00+00:00,15444.0
2024-05-09 11:00:00+00:00,13926.0
2024-05-09 12:00:00+00:00,12943.0
2024-05-09 13:00:00+00:00,11847.0
2024-05-09 14:00:00+00:00,9232.0
2024-05-09 15:00:00+00:00,8638.0
2024-05-09 16:00:00+00:00,6407.0
2024-05-09 17:00:00+00:00,3561.0
2024-05-09 18:00:00+00:00,1145.0
2024-05-09 19:00:00+00:00,68.0
2024-05-09 20:00:00+00:00,0.0
2024-05-09 21:00:00+00:00,0.0
2024-05-09 22:00:00+00:00,0.0
2024-05-09 23:00:00+00:00,0.0
2024-05-10 00:00:00+00:00,0.0
2024-05-10 01:00:00+00:00,0.0
2024-05-10 02:00:00+00:00,0.0
2024-05-10 03:00:00+00:00,0.0
2024-05-10 04:00:00+00:00,294.0
2024-05-10 05:00:00+00:00,1986.0
2024-05-10 06:00:00+00:00,5121.0
2024-05-10 07:00:00+00:00,8874.0
2024-05-10 08:00:00+00:00,12517.0
2024-05-10 09:00:00+00:00,14973.0
2024-05-10 10:00:00+00:00,16937.0
2024-05-10 11:00:00+00:00,16907.0
2024-05-10 12:00:00+00:00,16267.0
2024-05-10 13:00:00+00:00,14395.0
2024-05-10 14:00:00+00:00,12761.0
2024-05-10 15:00:00+00:00,10114.0
2024-05-10 16:00:00+00:00,7507.0
2024-05-10 17:00:00+00:00,4252.0
2024-05-10 18:00:00+00:00,1217.0
2024-05-10 19:00:00+00:00,63.0
2024-05-10 20:00:00+00:00,0.0
2024-05-10 21:00:00+00:00,0.0
2024-05-10 22:00:00+00:00,0.0
2024-05-10 23:00:00+00:00,0.0
2024-05-11 00:00:00+00:00,0.0
2024-05-11 01:00:00+00:00,0.0
2024-05-11 02:00:00+00:00,0.0
2024-05-11 03:00:00+00:00,0.0
2024-05-11 04:00:00+00:00,218.0
2024-05-11 05:00:00+00:00,1415.0
2024-05-11 06:00:00+00:00,4235.0
2024-05-11 07:00:00+00:00,8230.0
2024-05-11 08:00:00+00:00,12289.0
2024-05-11 09:00:00+00:00,15375.0
2024-05-11 10:00:00+00:00,17513.0
2024-05-11 11:00:00+00:00,18800.0
2024-05-11 12:00:00+00:00,18682.0
2024-05-11 13:00:00+00:00,17248.0
2024-05-11 14:00:00+00:00,14738.0
2024-05-11 15:00:00+00:00,11660.0
2024-05-11 16:00:00+00:00,7745.0
2024-05-11 17:00:00+00:00,4125.0
2024-05-11 18:00:00+00:00,1395.0
2024-05-11 19:00:00+00:00,67.0
2024-05-11 20:00:00+00:00,0.0
2024-05-11 21:00:00+00:00,0.0
2024-05-11 22:00:00+00:00,0.0
2024-05-11 23:00:00+00:00,0.0
2024-05-12 00:00:00+00:00,0.0
2024-05-12 01:00:00+00:00,0.0
2024-05-12 02:00:00+00:00,0.0
2024-05-12 03:00:00+00:00,2.0
2024-05-12 04:00:00+00:00,442.0
2024-05-12 05:00:00+00:00,2430.0
2024-05-12 06:00:00+00:00,5840.0
2024-05-12 07:00:00+00:00,9532.0
2024-05-12 08:00:00+00:00,13074.0
2024-05-12 09:00:00+00:00,15861.0
2024-05-12 10:00:00+00:00,17787.0
2024-05-12 11:00:00+00:00,18969.0
2024-05-12 12:00:00+00:00,18632.0
2024-05-12 13:00:00+00:00,17260.0
2024-05-12 14:00:00+00:00,14301.0
2024-05-12 15:00:00+00:00,10940.0
2024-05-12 16:00:00+00:00,7579.0
2024-05-12 17:00:00+00:00,3999.0
2024-05-12 18:00:00+00:00,1294.0
2024-05-12 19:00:00+00:00,109.0
2024-05-12 20:00:00+00:00,0.0
2024-05-12 21:00:00+00:00,0.0
2024-05-12 22:00:00+00:00,0.0
2024-05-12 23:00:00+00:00,0.0
2024-05-13 00:00:00+00:00,0.0
2024-05-13 01:00:00+00:00,0.0
2024-05-13 02:00:00+00:00,0.0
2024-05-13 03:00:00+00:00,3.0
2024-05-13 04:00:00+00:00,397.0
2024-05-13 05:00:00+00:00,2264.0
2024-05-13 06:00:00+00:00,5286.0
2024-05-13 07:00:00+00:00,9298.0
2024-05-13 08:00:00+00:00,12311.0
2024-05-13 09:00:00+00:00,15245.0
2024-05-13 10:00:00+00:00,16717.0
2024-05-13 11:00:00+00:00,16724.0
2024-05-13 12:00:00+00:00,15527.0
2024-05-13 13:00:00+00:00,13421.0
2024-05-13 14:00:00+00:00,10587.0
2024-05-13 15:00:00+00:00,8236.0
2024-05-13 16:00:00+00:00,5919.0
2024-05-13 17:00:00+00:00,3497.0
2024-05-13 18:00:00+00:00,1394.0
2024-05-13 19:00:00+00:00,91.0
2024-05-13 20:00:00+00:00,0.0
2024-05-13 21:00:00+00:00,0.0
2024-05-13 22:00:00+00:00,0.0
2024-05-13 23:00:00+00:00,0.0
2024-05-14 00:00:00+00:00,0.0
2024-05-14 01:00:00+00:00,0.0
2024-05-14 02:00:00+00:00,0.0
2024-05-14 03:00:00+00:00,2.0
2024-05-14 04:00:00+00:00,440.0
2024-05-14 05:00:00+00:00,2570.0
2024-05-14 06:00:00+00:00,5960.0
2024-05-14 07:00:00+00:00,9741.0
2024-05-14 08:00:00+00:00,13342.0
2024-05-14 09:00:00+00:00,16186.0
2024-05-14 10:00:00+00:00,18049.0
2024-05-14 11:00:00+00:00,18849.0
2024-05-14 12:00:00+00:00,17495.0
2024-05-14 13:00:00+00:00,14621.0
2024-05-14 14:00:00+00:00,11148.0
2024-05-14 15:00:00+00:00,8506.0
2024-05-14 16:00:00+00:00,5448.0
2024-05-14 17:00:00+00:00,2939.0
2024-05-14 18:00:00+00:00,928.0
2024-05-14 19:00:00+00:00,59.0
2024-05-14 20:00:00+00:00,0.0
2024-05-14 21:00:00+00:00,0.0
2024-05-14 22:00:00+00:00,0.0
2024-05-14 23:00:00+00:00,0.0
2024-05-15 00:00:00+00:00,0.0
2024-05-15 01:00:00+00:00,0.0
2024-05-15 02:00:00+00:00,0.0
2024-05-15 03:00:00+00:00,4.0
2024-05-15 04:00:00+00:00,477.0
2024-05-15 05:00:00+00:00,2363.0
2024-05-15 06:00:00+00:00,4999.0
2024-05-15 07:00:00+00:00,8060.0
2024-05-15 08:00:00+00:00,9457.0
2024-05-15 09:00:00+00:00,11395.0
2024-05-15 10:00:00+00:00,11546.0
2024-05-15 11:00:00+00:00,11944.0
2024-05-15 12:00:00+00:00,10563.0
2024-05-15 13:00:00+00:00,9085.0
2024-05-15 14:00:00+00:00,6396.0
2024-05-15 15:00:00+00:00,3795.0
2024-05-15 16:00:00+00:00,2595.0
2024-05-15 17:00:00+00:00,1582.0
2024-05-15 18:00:00+00:00,595.0
2024-05-15 19:00:00+00:00,66.0
2024-05-15 20:00:00+00:00,0.0
2024-05-15 21:00:00+00:00,0.0
2024-05-15 22:00:00+00:00,0.0
2024-05-15 23:00:00+00:00,0.0
2024-05-16 00:00:00+00:00,0.0
2024-05-16 01:00:00+00:00,0.0
2024-05-16 02:00:00+00:00,0.0
2024-05-16 03:00:00+00:00,6.0
2024-05-16 04:00:00+00:00,317.0
2024-05-16 05:00:00+00:00,1261.0
2024-05-16 06:00:00+00:00,2716.0
2024-05-16 07:00:00+00:00,4650.0
2024-05-16 08:00:00+00:00,5727.0
2024-05-16 09:00:00+00:00,8241.0
2024-05-16 10:00:00+00:00,11666.0
2024-05-16 11:00:00+00:00,12434.0
2024-05-16 12:00:00+00:00,12941.0
2024-05-16 13:00:00+00:00,10703.0
2024-05-16 14:00:00+00:00,7151.0
2024-05-16 15:00:00+00:00,5881.0
2024-05-16 16:00:00+00:00,3545.0
2024-05-16 17:00:00+00:00,2227.0
2024-05-16 18:00:00+00:00,707.0
2024-05-16 19:00:00+00:00,53.0
2024-05-16 20:00:00+00:00,0.0
2024-05-16 21:00:00+00:00,0.0
2024-05-16 22:00:00+00:00,0.0
2024-05-16 23:00:00+00:00,0.0
2024-05-17 00:00:00+00:00,0.0
2024-05-17 01:00:00+00:00,0.0
2024-05-17 02:00:00+00:00,0.0
2024-05-17 03:00:00+00:00,4.0
2024-05-17 04:00:00+00:00,270.0
2024-05-17 05:00:00+00:00,1139.0
2024-05-17 06:00:00+00:00,2705.0
2024-05-17 07:00:00+00:00,5293.0
2024-05-17 08:00:00+00:00,7901.0
2024-05-17 09:00:00+00:00,10592.0
2024-05-17 10:00:00+00:00,11073.0
2024-05-17 11:00:00+00:00,10748.0
2024-05-17 12:00:00+00:00,9957.0
2024-05-17 13:00:00+00:00,7116.0
2024-05-17 14:00:00+00:00,5192.0
2024-05-17 15:00:00+00:00,4460.0
2024-05-17 16:00:00+00:00,2183.0
2024-05-17 17:00:00+00:00,1125.0
2024-05-17 18:00:00+00:00,566.0
2024-05-17 19:00:00+00:00,96.0
2024-05-17 20:00:00+00:00,0.0
2024-05-17 21:00:00+00:00,0.0
2024-05-17 22:00:00+00:00,0.0
2024-05-17 23:00:00+00:00,0.0
2024-05-18 00:00:00+00:00,0.0
2024-05-18 01:00:00+00:00,0.0
2024-05-18 02:00:00+00:00,0.0
2024-05-18 03:00:00+00:00,4.0
2024-05-18 04:00:00+00:00,318.0
2024-05-18 05:00:00+00:00,1479.0
2024-05-18 06:00:00+00:00,3379.0
2024-05-18 07:00:00+00:00,6112.0
2024-05-18 08:00:00+00:00,9739.0
2024-05-18 09:00:00+00:00,13421.0
2024-05-18 10:00:00+00:00,15892.0
2024-05-18 11:00:00+00:00,16865.0
2024-05-18 12:00:00+00:00,16036.0
2024-05-18 13:00:00+00:00,13371.0
2024-05-18 14:00:00+00:00,10228.0
2024-05-18 15:00:00+00:00,7688.0
2024-05-18 16:00:00+00:00,5082.0
2024-05-18 17:00:00+00:00,3511.0
2024-05-18 18:00:00+00:00,1360.0
2024-05-18 19:00:00+00:00,204.0
2024-05-18 20:00:00+00:00,0.0
2024-05-18 21:00:00+00:00,0.0
2024-05-18 22:00:00+00:00,0.0
2024-05-18 23:00:00+00:00,0.0
2024-05-19 00:00:00+00:00,0.0
2024-05-19 01:00:00+00:00,0.0
2024-05-19 02:00:00+00:00,0.0
2024-05-19 03:00:00+00:00,6.0
2024-05-19 04:00:00+00:00,342.0
2024-05-19 05:00:00+00:00,1541.0
2024-05-19 06:00:00+00:00,3478.0
2024-05-19 07:00:00+00:00,6601.0
2024-05-19 08:00:00+00:00,9900.0
2024-05-19 09:00:00+00:00,13807.0
2024-05-19 10:00:00+00:00,15760.0
2024-05-19 11:00:00+00:00,14281.0
2024-05-19 12:00:00+00:00,14807.0
2024-05-19 13:00:00+00:00,12850.0
2024-05-19 14:00:00+00:00,11000.0
2024-05-19 15:00:00+00:00,7661.0
2024-05-19 16:00:00+00:00,5685.0
2024-05-19 17:00:00+00:00,3780.0
2024-05-19 18:00:00+00:00,1861.0
2024-05-19 19:00:00+00:00,308.0
2024-05-19 20:00:00+00:00,0.0
2024-05-19 21:00:00+00:00,0.0
2024-05-19 22:00:00+00:00,0.0
2024-05-19 23:00:00+00:00,0.0
2024-05-20 00:00:00+00:00,0.0
2024-05-20 01:00:00+00:00,0.0
2024-05-20 02:00:00+00:00,0.0
2024-05-20 03:00:00+00:00,6.0
2024-05-20 04:00:00+00:00,261.0
2024-05-20 05:00:00+00:00,1229.0
2024-05-20 06:00:00+00:00,2716.0
2024-05-20 07:00:00+00:00,4115.0
2024-05-20 08:00:00+00:00,6446.0
2024-05-20 09:00:00+00:00,8184.0
2024-05-20 10:00:00+00:00,9449.0
2024-05-20 11:00:00+00:00,12194.0
2024-05-20 12:00:00+00:00,12312.0
2024-05-20 13:00:00+00:00,10003.0
2024-05-20 14:00:00+00:00,8353.0
2024-05-20 15:00:00+00:00,7182.0
2024-05-20 16:00:00+00:00,4754.0
2024-05-20 17:00:00+00:00,3153.0
2024-05-20 18:00:00+00:00,1439.0
2024-05-20 19:00:00+00:00,211.0
2024-05-20 20:00:00+00:00,0.0
2024-05-20 21:00:00+00:00,0.0
2024-05-20 22:00:00+00:00,0.0
2024-05-20 23:00:00+00:00,0.0
2024-05-21 00:00:00+00:00,0.0
2024-05-21 01:00:00+00:00,0.0
2024-05-21 02:00:00+00:00,0.0
2024-05-21 03:00:00+00:00,14.0
2024-05-21 04:00:00+00:00,657.0
2024-05-21 05:00:00+00:00,2755.0
2024-05-21 06:00:00+00:00,6001.0
2024-05-21 07:00:00+00:00,9098.0
2024-05-21 08:00:00+00:00,12658.0
2024-05-21 09:00:00+00:00,15149.0
2024-05-21 10:00:00+00:00,15342.0
2024-05-21 11:00:00+00:00,14001.0
2024-05-21 12:00:00+00:00,12299.0
2024-05-21 13:00:00+00:00,9424.0
2024-05-21 14:00:00+00:00,7459.0
2024-05-21 15:00:00+00:00,4618.0
2024-05-21 16:00:00+00:00,2536.0
2024-05-21 17:00:00+00:00,997.0
2024-05-21 18:00:00+00:00,391.0
2024-05-21 19:00:00+00:00,48.0
2024-05-21 20:00:00+00:00,0.0
2024-05-21 21:00:00+00:00,0.0
2024-05-21 22:00:00+00:00,0.0
2024-05-21 23:00:00+00:00,0.0
2024-05-22 00:00:00+00:00,0.0
2024-05-22 01:00:00+00:00,0.0
2024-05-22 02:00:00+00:00,0.0
2024-05-22 03:00:00+00:00,4.0
2024-05-22 04:00:00+00:00,130.0
2024-05-22 05:00:00+00:00,743.0
2024-05-22 06:00:00+00:00,1983.0
2024-05-22 07:00:00+00:00,3095.0
2024-05-22 08:00:00+00:00,4502.0
2024-05-22 09:00:00+00:00,4955.0
2024-05-22 10:00:00+00:00,6026.0
2024-05-22 11:00:00+00:00,7362.0
2024-05-22 12:00:00+00:00,6932.0
2024-05-22 13:00:00+00:00,8960.0
2024-05-22 14:00:00+00:00,9052.0
2024-05-22 15:00:00+00:00,7432.0
2024-05-22 16:00:00+00:00,5365.0
2024-05-22 17:00:00+00:00,3891.0
2024-05-22 18:00:00+00:00,1684.0
2024-05-22 19:00:00+00:00,221.0
2024-05-22 20:00:00+00:00,0.0
2024-05-22 21:00:00+00:00,0.0
2024-05-22 22:00:00+00:00,0.0
2024-05-22 23:00:00+00:00,0.0
2024-05-23 00:00:00+00:00,0.0
2024-05-23 01:00:00+00:00,0.0
2024-05-23 02:00:00+00:00,0.0
2024-05-23 03:00:00+00:00,8.0
2024-05-23 04:00:00+00:00,404.0
2024-05-23 05:00:00+00:00,1505.0
2024-05-23 06:00:00+00:00,2988.0
2024-05-23 07:00:00+00:00,4911.0
2024-05-23 08:00:00+00:00,6848.0
2024-05-23 09:00:00+00:00,8232.0
2024-05-23 10:00:00+00:00,10517.0
2024-05-23 11:00:00+00:00,11313.0
2024-05-23 12:00:00+00:00,12035.0
2024-05-23 13:00:00+00:00,11206.0
2024-05-23 14:00:00+00:00,10479.0
2024-05-23 15:00:00+00:00,8559.0
2024-05-23 16:00:00+00:00,6535.0
2024-05-23 17:00:00+00:00,3438.0
2024-05-23 18:00:00+00:00,1880.0
2024-05-23 19:00:00+00:00,380.0
2024-05-23 20:00:00+00:00,0.0
2024-05-23 21:00:00+00:00,0.0
2024-05-23 22:00:00+00:00,0.0
2024-05-23 23:00:00+00:00,0.0
2024-05-24 00:00:00+00:00,0.0
2024-05-24 01:00:00+00:00,0.0
2024-05-24 02:00:00+00:00,0.0
2024-05-24 03:00:00+00:00,19.0
2024-05-24 04:00:00+00:00,579.0
2024-05-24 05:00:00+00:00,1926.0
2024-05-24 06:00:00+00:00,3211.0
2024-05-24 07:00:00+00:00,5370.0
2024-05-24 08:00:00+00:00,6778.0
2024-05-24 09:00:00+00:00,7355.0
2024-05-24 10:00:00+00:00,7443.0
2024-05-24 11:00:00+00:00,7025.0
2024-05-24 12:00:00+00:00,6068.0
2024-05-24 13:00:00+00:00,4320.0
2024-05-24 14:00:00+00:00,4206.0
2024-05-24 15:00:00+00:00,2884.0
2024-05-24 16:00:00+00:00,1604.0
2024-05-24 17:00:00+00:00,875.0
2024-05-24 18:00:00+00:00,340.0
2024-05-24 19:00:00+00:00,65.0
2024-05-24 20:00:00+00:00,0.0
2024-05-24 21:00:00+00:00,0.0
2024-05-24 22:00:00+00:00,0.0
2024-05-24 23:00:00+00:00,0.0
2024-05-25 00:00:00+00:00,0.0
2024-05-25 01:00:00+00:00,0.0
2024-05-25 02:00:00+00:00,0.0
2024-05-25 03:00:00+00:00,5.0
2024-05-25 04:00:00+00:00,177.0
2024-05-25 05:00:00+00:00,763.0
2024-05-25 06:00:00+00:00,1980.0
2024-05-25 07:00:00+00:00,3751.0
2024-05-25 08:00:00+00:00,4958.0
2024-05-25 09:00:00+00:00,6260.0
2024-05-25 10:00:00+00:00,7920.0
2024-05-25 11:00:00+00:00,8543.0
2024-05-25 12:00:00+00:00,8410.0
2024-05-25 13:00:00+00:00,9233.0
2024-05-25 14:00:00+00:00,9291.0
2024-05-25 15:00:00+00:00,7855.0
2024-05-25 16:00:00+00:00,6205.0
2024-05-25 17:00:00+00:00,4182.0
2024-05-25 18:00:00+00:00,1740.0
2024-05-25 19:00:00+00:00,292.0
2024-05-25 20:00:00+00:00,0.0
2024-05-25 21:00:00+00:00,0.0
2024-05-25 22:00:00+00:00,0.0
2024-05-25 23:00:00+00:00,0.0
2024-05-26 00:00:00+00:00,0.0
2024-05-26 01:00:00+00:00,0.0
2024-05-26 02:00:00+00:00,0.0
2024-05-26 03:00:00+00:00,24.0
2024-05-26 04:00:00+00:00,759.0
2024-05-26 05:00:00+00:00,2987.0
2024-05-26 06:00:00+00:00,5492.0
2024-05-26 07:00:00+00:00,8201.0
2024-05-26 08:00:00+00:00,9861.0
2024-05-26 09:00:00+00:00,10192.0
2024-05-26 10:00:00+00:00,10284.0
2024-05-26 11:00:00+00:00,9563.0
2024-05-26 12:00:00+00:00,10595.0
2024-05-26 13:00:00+00:00,8840.0
2024-05-26 14:00:00+00:00,9137.0
2024-05-26 15:00:00+00:00,6761.0
2024-05-26 16:00:00+00:00,4567.0
2024-05-26 17:00:00+00:00,3018.0
2024-05-26 18:00:00+00:00,1418.0
2024-05-26 19:00:00+00:00,363.0
2024-05-26 20:00:00+00:00,0.0
2024-05-26 21:00:00+00:00,0.0
2024-05-26 22:00:00+00:00,0.0
2024-05-26 23:00:00+00:00,0.0
2024-05-27 00:00:00+00:00,0.0
2024-05-27 01:00:00+00:00,0.0
2024-05-27 02:00:00+00:00,0.0
2024-05-27 03:00:00+00:00,11.0
2024-05-27 04:00:00+00:00,432.0
2024-05-27 05:00:00+00:00,1944.0
2024-05-27 06:00:00+00:00,4719.0
2024-05-27 07:00:00+00:00,7737.0
2024-05-27 08:00:00+00:00,10845.0
2024-05-27 09:00:00+00:00,13065.0
2024-05-27 10:00:00+00:00,14438.0
2024-05-27 11:00:00+00:00,13624.0
2024-05-27 12:00:00+00:00,11397.0
2024-05-27 13:00:00+00:00,10113.0
2024-05-27 14:00:00+00:00,8390.0
2024-05-27 15:00:00+00:00,5825.0
2024-05-27 16:00:00+00:00,3331.0
2024-05-27 17:00:00+00:00,1952.0
2024-05-27 18:00:00+00:00,776.0
2024-05-27 19:00:00+00:00,190.0
2024-05-27 20:00:00+00:00,0.0
2024-05-27 21:00:00+00:00,0.0
2024-05-27 22:00:00+00:00,0.0
2024-05-27 23:00:00+00:00,0.0
2024-05-28 00:00:00+00:00,0.0
2024-05-28 01:00:00+00:00,0.0
2024-05-28 02:00:00+00:00,0.0
2024-05-28 03:00:00+00:00,17.0
2024-05-28 04:00:00+00:00,672.0
2024-05-28 05:00:00+00:00,2945.0
2024-05-28 06:00:00+00:00,6003.0
2024-05-28 07:00:00+00:00,8408.0
2024-05-28 08:00:00+00:00,11449.0
2024-05-28 09:00:00+00:00,13665.0
2024-05-28 10:00:00+00:00,15063.0
2024-05-28 11:00:00+00:00,14046.0
2024-05-28 12:00:00+00:00,13645.0
2024-05-28 13:00:00+00:00,11827.0
2024-05-28 14:00:00+00:00,6954.0
2024-05-28 15:00:00+00:00,4928.0
2024-05-28 16:00:00+00:00,2793.0
2024-05-28 17:00:00+00:00,1208.0
2024-05-28 18:00:00+00:00,421.0
2024-05-28 19:00:00+00:00,112.0
2024-05-28 20:00:00+00:00,0.0
2024-05-28 21:00:00+00:00,0.0
2024-05-28 22:00:00+00:00,0.0
2024-05-28 23:00:00+00:00,0.0
2024-05-29 00:00:00+00:00,0.0
2024-05-29 01:00:00+00:00,0.0
2024-05-29 02:00:00+00:00,0.0
2024-05-29 03:00:00+00:00,6.0
2024-05-29 04:00:00+00:00,129.0
2024-05-29 05:00:00+00:00,618.0
2024-05-29 06:00:00+00:00,1719.0
2024-05-29 07:00:00+00:00,3148.0
2024-05-29 08:00:00+00:00,5689.0
2024-05-29 09:00:00+00:00,7675.0
2024-05-29 10:00:00+00:00,9837.0
2024-05-29 11:00:00+00:00,9717.0
2024-05-29 12:00:00+00:00,11100.0
2024-05-29 13:00:00+00:00,10255.0
2024-05-29 14:00:00+00:00,9616.0
2024-05-29 15:00:00+00:00,9414.0
2024-05-29 16:00:00+00:00,8120.0
2024-05-29 17:00:00+00:00,4996.0
2024-05-29 18:00:00+00:00,2133.0
2024-05-29 19:00:00+00:00,358.0
2024-05-29 20:00:00+00:00,0.0
2024-05-29 21:00:00+00:00,0.0
2024-05-29 22:00:00+00:00,0.0
2024-05-29 23:00:00+00:00,0.0
2024-05-30 00:00:00+00:00,0.0
2024-05-30 01:00:00+00:00,0.0
2024-05-30 02:00:00+00:00,0.0
2024-05-30 03:00:00+00:00,26.0
2024-05-30 04:00:00+00:00,515.0
2024-05-30 05:00:00+00:00,1649.0
2024-05-30 06:00:00+00:00,3936.0
2024-05-30 07:00:00+00:00,7549.0
2024-05-30 08:00:00+00:00,9934.0
2024-05-30 09:00:00+00:00,11316.0
2024-05-30 10:00:00+00:00,10467.0
2024-05-30 11:00:00+00:00,9563.0
2024-05-30 12:00:00+00:00,9802.0
2024-05-30 13:00:00+00:00,9536.0
2024-05-30 14:00:00+00:00,8251.0
2024-05-30 15:00:00+00:00,8734.0
2024-05-30 16:00:00+00:00,6340.0
2024-05-30 17:00:00+00:00,2947.0
2024-05-30 18:00:00+00:00,1163.0
2024-05-30 19:00:00+00:00,283.0
2024-05-30 20:00:00+00:00,0.0
2024-05-30 21:00:00+00:00,0.0
2024-05-30 22:00:00+00:00,0.0
2024-05-30 23:00:00+00:00,0.0
2024-05-31 00:00:00+00:00,0.0
2024-05-31 01:00:00+00:00,0.0
2024-05-31 02:00:00+00:00,0.0
2024-05-31 03:00:00+00:00,15.0
2024-05-31 04:00:00+00:00,480.0
2024-05-31 05:00:00+00:00,1991.0
2024-05-31 06:00:00+00:00,3771.0
2024-05-31 07:00:00+00:00,5808.0
2024-05-31 08:00:00+00:00,7374.0
2024-05-31 09:00:00+00:00,8830.0
2024-05-31 10:00:00+00:00,11472.0
2024-05-31 11:00:00+00:00,11184.0
2024-05-31 12:00:00+00:00,11518.0
2024-05-31 13:00:00+00:00,10271.0
2024-05-31 14:00:00+00:00,8532.0
2024-05-31 15:00:00+00:00,7015.0
2024-05-31 16:00:00+00:00,4935.0
2024-05-31 17:00:00+00:00,2301.0
2024-05-31 18:00:00+00:00,1076.0
2024-05-31 19:00:00+00:00,266.0
2024-05-31 20:00:00+00:00,0.0
2024-05-31 21:00:00+00:00,0.0
2024-05-31 22:00:00+00:00,0.0
2024-05-31 23:00:00+00:00,0.0
2024-06-01 00:00:00+00:00,0.0
2024-06-01 01:00:00+00:00,0.0
2024-06-01 02:00:00+00:00,0.0
2024-06-01 03:00:00+00:00,12.0
2024-06-01 04:00:00+00:00,165.0
2024-06-01 05:00:00+00:00,508.0
2024-06-01 06:00:00+00:00,1165.0
2024-06-01 07:00:00+00:00,1999.0
2024-06-01 08:00:00+00:00,2921.0
2024-06-01 09:00:00+00:00,4007.0
2024-06-01 10:00:00+00:00,4851.0
2024-06-01 11:00:00+00:00,5984.0
2024-06-01 12:00:00+00:00,6009.0
2024-06-01 13:00:00+00:00,5724.0
2024-06-01 14:00:00+00:00,4499.0
2024-06-01 15:00:00+00:00,3450.0
2024-06-01 16:00:00+00:00,2153.0
2024-06-01 17:00:00+00:00,1025.0
2024-06-01 18:00:00+00:00,423.0
2024-06-01 19:00:00+00:00,83.0
2024-06-01 20:00:00+00:00,0.0
2024-06-01 21:00:00+00:00,0.0
2024-06-01 22:00:00+00:00,0.0
2024-06-01 23:00:00+00:00,0.0
2024-06-02 00:00:00+00:00,0.0
2024-06-02 01:00:00+00:00,0.0
2024-06-02 02:00:00+00:00,0.0
2024-06-02 03:00:00+00:00,13.0
2024-06-02 04:00:00+00:00,232.0
2024-06-02 05:00:00+00:00,860.0
2024-06-02 06:00:00+00:00,2021.0
2024-06-02 07:00:00+00:00,3847.0
2024-06-02 08:00:00+00:00,5617.0
2024-06-02 09:00:00+00:00,7159.0
2024-06-02 10:00:00+00:00,9478.0
2024-06-02 11:00:00+00:00,11643.0
2024-06-02 12:00:00+00:00,12263.0
2024-06-02 13:00:00+00:00,12131.0
2024-06-02 14:00:00+00:00,11355.0
2024-06-02 15:00:00+00:00,8902.0
2024-06-02 16:00:00+00:00,6585.0
2024-06-02 17:00:00+00:00,3413.0
2024-06-02 18:00:00+00:00,1337.0
2024-06-02 19:00:00+00:00,189.0
2024-06-02 20:00:00+00:00,0.0
2024-06-02 21:00:00+00:00,0.0
2024-06-02 22:00:00+00:00,0.0
2024-06-02 23:00:00+00:00,0.0
2024-06-03 00:00:00+00:00,0.0
2024-06-03 01:00:00+00:00,0.0
2024-06-03 02:00:00+00:00,0.0
2024-06-03 03:00:00+00:00,15.0
2024-06-03 04:00:00+00:00,329.0
2024-06-03 05:00:00+00:00,1138.0
2024-06-03 06:00:00+00:00,2453.0
2024-06-03 07:00:00+00:00,4338.0
2024-06-03 08:00:00+00:00,5410.0
2024-06-03 09:00:00+00:00,8024.0
2024-06-03 10:00:00+00:00,9845.0
2024-06-03 11:00:00+00:00,10853.0
2024-06-03 12:00:00+00:00,9525.0
2024-06-03 13:00:00+00:00,8833.0
2024-06-03 14:00:00+00:00,6793.0
2024-06-03 15:00:00+00:00,4987.0
2024-06-03 16:00:00+00:00,3180.0
2024-06-03 17:00:00+00:00,1974.0
2024-06-03 18:00:00+00:00,880.0
2024-06-03 19:00:00+00:00,192.0
2024-06-03 20:00:00+00:00,0.0
2024-06-03 21:00:00+00:00,0.0
2024-06-03 22:00:00+00:00,0.0
2024-06-03 23:00:00+00:00,0.0
2024-06-04 00:00:00+00:00,0.0
2024-06-04 01:00:00+00:00,0.0
2024-06-04 02:00:00+00:00,0.0
2024-06-04 03:00:00+00:00,15.0
2024-06-04 04:00:00+00:00,323.0
2024-06-04 05:00:00+00:00,959.0
2024-06-04 06:00:00+00:00,2027.0
2024-06-04 07:00:00+00:00,4099.0
2024-06-04 08:00:00+00:00,6319.0
2024-06-04 09:00:00+00:00,8689.0
2024-06-04 10:00:00+00:00,11755.0
2024-06-04 11:00:00+00:00,11510.0
2024-06-04 12:00:00+00:00,10801.0
2024-06-04 13:00:00+00:00,10359.0
2024-06-04 14:00:00+00:00,9217.0
2024-06-04 15:00:00+00:00,7208.0
2024-06-04 16:00:00+00:00,4234.0
2024-06-04 17:00:00+00:00,2042.0
2024-06-04 18:00:00+00:00,835.0
2024-06-04 19:00:00+00:00,185.0
2024-06-04 20:00:00+00:00,0.0
2024-06-04 21:00:00+00:00,0.0
2024-06-04 22:00:00+00:00,0.0
2024-06-04 23:00:00+00:00,0.0
2024-06-05 00:00:00+00:00,0.0
2024-06-05 01:00:00+00:00,0.0
2024-06-05 02:00:00+00:00,0.0
2024-06-05 03:00:00+00:00,27.0
2024-06-05 04:00:00+00:00,665.0
2024-06-05 05:00:00+00:00,2458.0
2024-06-05 06:00:00+00:00,5505.0
2024-06-05 07:00:00+00:00,8625.0
2024-06-05 08:00:00+00:00,11381.0
2024-06-05 09:00:00+00:00,13897.0
2024-06-05 10:00:00+00:00,16462.0
2024-06-05 11:00:00+00:00,17585.0
2024-06-05 12:00:00+00:00,17429.0
2024-06-05 13:00:00+00:00,15481.0
2024-06-05 14:00:00+00:00,14074.0
2024-06-05 15:00:00+00:00,12518.0
2024-06-05 16:00:00+00:00,8806.0
2024-06-05 17:00:00+00:00,5651.0
2024-06-05 18:00:00+00:00,2463.0
2024-06-05 19:00:00+00:00,533.0
2024-06-05 20:00:00+00:00,0.0
2024-06-05 21:00:00+00:00,0.0
2024-06-05 22:00:00+00:00,0.0
2024-06-05 23:00:00+00:00,0.0
2024-06-06 00:00:00+00:00,0.0
2024-06-06 01:00:00+00:00,0.0
2024-06-06 02:00:00+00:00,0.0
2024-06-06 03:00:00+00:00,30.0
2024-06-06 04:00:00+00:00,518.0
2024-06-06 05:00:00+00:00,1881.0
2024-06-06 06:00:00+00:00,4396.0
2024-06-06 07:00:00+00:00,7758.0
2024-06-06 08:00:00+00:00,11420.0
2024-06-06 09:00:00+00:00,12328.0
2024-06-06 10:00:00+00:00,9905.0
2024-06-06 11:00:00+00:00,9660.0
2024-06-06 12:00:00+00:00,10922.0
2024-06-06 13:00:00+00:00,10730.0
2024-06-06 14:00:00+00:00,10597.0
2024-06-06 15:00:00+00:00,9887.0
2024-06-06 16:00:00+00:00,8475.0
2024-06-06 17:00:00+00:00,4569.0
2024-06-06 18:00:00+00:00,2381.0
2024-06-06 19:00:00+00:00,564.0
2024-06-06 20:00:00+00:00,0.0
2024-06-06 21:00:00+00:00,0.0
2024-06-06 22:00:00+00:00,0.0
2024-06-06 23:00:00+00:00,0.0
2024-06-07 00:00:00+00:00,0.0
2024-06-07 01:00:00+00:00,0.0
2024-06-07 02:00:00+00:00,0.0
2024-06-07 03:00:00+00:00,30.0
2024-06-07 04:00:00+00:00,756.0
2024-06-07 05:00:00+00:00,2777.0
2024-06-07 06:00:00+00:00,5649.0
2024-06-07 07:00:00+00:00,8652.0
2024-06-07 08:00:00+00:00,11875.0
2024-06-07 09:00:00+00:00,14318.0
2024-06-07 10:00:00+00:00,13397.0
2024-06-07 11:00:00+00:00,14159.0
2024-06-07 12:00:00+00:00,14282.0
2024-06-07 13:00:00+00:00,12908.0
2024-06-07 14:00:00+00:00,12706.0
2024-06-07 15:00:00+00:00,10646.0
2024-06-07 16:00:00+00:00,8488.0
2024-06-07 17:00:00+00:00,5301.0
2024-06-07 18:00:00+00:00,2561.0
2024-06-07 19:00:00+00:00,497.0
2024-06-07 20:00:00+00:00,0.0
2024-06-07 21:00:00+00:00,0.0
2024-06-07 22:00:00+00:00,0.0
2024-06-07 23:00:00+00:00,0.0
2024-06-08 00:00:00+00:00,0.0
2024-06-08 01:00:00+00:00,0.0
2024-06-08 02:00:00+00:00,0.0
2024-06-08 03:00:00+00:00,41.0
2024-06-08 04:00:00+00:00,842.0
2024-06-08 05:00:00+00:00,2593.0
2024-06-08 06:00:00+00:00,4718.0
2024-06-08 07:00:00+00:00,7189.0
2024-06-08 08:00:00+00:00,10135.0
2024-06-08 09:00:00+00:00,12129.0
2024-06-08 10:00:00+00:00,10672.0
2024-06-08 11:00:00+00:00,10993.0
2024-06-08 12:00:00+00:00,12267.0
2024-06-08 13:00:00+00:00,11224.0
2024-06-08 14:00:00+00:00,9934.0
2024-06-08 15:00:00+00:00,6088.0
2024-06-08 16:00:00+00:00,4493.0
2024-06-08 17:00:00+00:00,2685.0
2024-06-08 18:00:00+00:00,1503.0
2024-06-08 19:00:00+00:00,582.0
2024-06-08 20:00:00+00:00,0.0
2024-06-08 21:00:00+00:00,0.0
2024-06-08 22:00:00+00:00,0.0
2024-06-08 23:00:00+00:00,0.0
2024-06-09 00:00:00+00:00,0.0
2024-06-09 01:00:00+00:00,0.0
2024-06-09 02:00:00+00:00,0.0
2024-06-09 03:00:00+00:00,55.0
2024-06-09 04:00:00+00:00,977.0
2024-06-09 05:00:00+00:00,3350.0
2024-06-09 06:00:00+00:00,6518.0
2024-06-09 07:00:00+00:00,10053.0
2024-06-09 08:00:00+00:00,12215.0
2024-06-09 09:00:00+00:00,14077.0
2024-06-09 10:00:00+00:00,15581.0
2024-06-09 11:00:00+00:00,15154.0
2024-06-09 12:00:00+00:00,13914.0
2024-06-09 13:00:00+00:00,12331.0
2024-06-09 14:00:00+00:00,10316.0
2024-06-09 15:00:00+00:00,7578.0
2024-06-09 16:00:00+00:00,5394.0
2024-06-09 17:00:00+00:00,3403.0
2024-06-09 18:00:00+00:00,1553.0
2024-06-09 19:00:00+00:00,295.0
2024-06-09 20:00:00+00:00,0.0
2024-06-09 21:00:00+00:00,0.0
2024-06-09 22:00:00+00:00,0.0
2024-06-09 23:00:00+00:00,0.0
2024-06-10 00:00:00+00:00,0.0
2024-06-10 01:00:00+00:00,0.0
2024-06-10 02:00:00+00:00,0.0
2024-06-10 03:00:00+00:00,22.0
2024-06-10 04:00:00+00:00,316.0
2024-06-10 05:00:00+00:00,918.0
2024-06-10 06:00:00+00:00,1490.0
2024-06-10 07:00:00+00:00,2133.0
2024-06-10 08:00:00+00:00,2618.0
2024-06-10 09:00:00+00:00,3335.0
2024-06-10 10:00:00+00:00,4050.0
2024-06-10 11:00:00+00:00,5405.0
2024-06-10 12:00:00+00:00,5633.0
2024-06-10 13:00:00+00:00,6403.0
2024-06-10 14:00:00+00:00,6003.0
2024-06-10 15:00:00+00:00,4580.0
2024-06-10 16:00:00+00:00,2502.0
2024-06-10 17:00:00+00:00,1901.0
2024-06-10 18:00:00+00:00,926.0
2024-06-10 19:00:00+00:00,284.0
2024-06-10 20:00:00+00:00,0.0
2024-06-10 21:00:00+00:00,0.0
2024-06-10 22:00:00+00:00,0.0
2024-06-10 23:00:00+00:00,0.0
2024-06-11 00:00:00+00:00,0.0
2024-06-11 01:00:00+00:00,0.0
2024-06-11 02:00:00+00:00,0.0
2024-06-11 03:00:00+00:00,34.0
2024-06-11 04:00:00+00:00,840.0
2024-06-11 05:00:00+00:00,2978.0
2024-06-11 06:00:00+00:00,5882.0
2024-06-11 07:00:00+00:00,8298.0
2024-06-11 08:00:00+00:00,9873.0
2024-06-11 09:00:00+00:00,11283.0
2024-06-11 10:00:00+00:00,13447.0
2024-06-11 11:00:00+00:00,14208.0
2024-06-11 12:00:00+00:00,15255.0
2024-06-11 13:00:00+00:00,13052.0
2024-06-11 14:00:00+00:00,11436.0
2024-06-11 15:00:00+00:00,8860.0
2024-06-11 16:00:00+00:00,7000.0
2024-06-11 17:00:00+00:00,4104.0
2024-06-11 18:00:00+00:00,2002.0
2024-06-11 19:00:00+00:00,419.0
2024-06-11 20:00:00+00:00,0.0
2024-06-11 21:00:00+00:00,0.0
2024-06-11 22:00:00+00:00,0.0
2024-06-11 23:00:00+00:00,0.0
2024-06-12 00:00:00+00:00,0.0
2024-06-12 01:00:00+00:00,0.0
2024-06-12 02:00:00+00:00,0.0
2024-06-12 03:00:00+00:00,39.0
2024-06-12 04:00:00+00:00,656.0
2024-06-12 05:00:00+00:00,2391.0
2024-06-12 06:00:00+00:00,5140.0
2024-06-12 07:00:00+00:00,7542.0
2024-06-12 08:00:00+00:00,9411.0
2024-06-12 09:00:00+00:00,10576.0
2024-06-12 10:00:00+00:00,12575.0
2024-06-12 11:00:00+00:00,11936.0
2024-06-12 12:00:00+00:00,11001.0
2024-06-12 13:00:00+00:00,10476.0
2024-06-12 14:00:00+00:00,9390.0
2024-06-12 15:00:00+00:00,7309.0
2024-06-12 16:00:00+00:00,4958.0
2024-06-12 17:00:00+00:00,3342.0
2024-06-12 18:00:00+00:00,1448.0
2024-06-12 19:00:00+00:00,433.0
2024-06-12 20:00:00+00:00,0.0
2024-06-12 21:00:00+00:00,0.0
2024-06-12 22:00:00+00:00,0.0
2024-06-12 23:00:00+00:00,0.0
2024-06-13 00:00:00+00:00,0.0
2024-06-13 01:00:00+00:00,0.0
2024-06-13 02:00:00+00:00,0.0
2024-06-13 03:00:00+00:00,20.0
2024-06-13 04:00:00+00:00,384.0
2024-06-13 05:00:00+00:00,1564.0
2024-06-13 06:00:00+00:00,4619.0
2024-06-13 07:00:00+00:00,8224.0
2024-06-13 08:00:00+00:00,11113.0
2024-06-13 09:00:00+00:00,13149.0
2024-06-13 10:00:00+00:00,12233.0
2024-06-13 11:00:00+00:00,13007.0
2024-06-13 12:00:00+00:00,12822.0
2024-06-13 13:00:00+00:00,11056.0
2024-06-13 14:00:00+00:00,9976.0
2024-06-13 15:00:00+00:00,8327.0
2024-06-13 16:00:00+00:00,6382.0
2024-06-13 17:00:00+00:00,3022.0
2024-06-13 18:00:00+00:00,1115.0
2024-06-13 19:00:00+00:00,232.0
2024-06-13 20:00:00+00:00,1.0
2024-06-13 21:00:00+00:00,0.0
2024-06-13 22:00:00+00:00,0.0
2024-06-13 23:00:00+00:00,0.0
2024-06-14 00:00:00+00:00,0.0
2024-06-14 01:00:00+00:00,0.0
2024-06-14 02:00:00+00:00,0.0
2024-06-14 03:00:00+00:00,15.0
2024-06-14 04:00:00+00:00,269.0
2024-06-14 05:00:00+00:00,1022.0
2024-06-14 06:00:00+00:00,2165.0
2024-06-14 07:00:00+00:00,3692.0
2024-06-14 08:00:00+00:00,5078.0
2024-06-14 09:00:00+00:00,3923.0
2024-06-14 10:00:00+00:00,4620.0
2024-06-14 11:00:00+00:00,5365.0
2024-06-14 12:00:00+00:00,5266.0
2024-06-14 13:00:00+00:00,5156.0
2024-06-14 14:00:00+00:00,6634.0
2024-06-14 15:00:00+00:00,6982.0
2024-06-14 16:00:00+00:00,6381.0
2024-06-14 17:00:00+00:00,3656.0
2024-06-14 18:00:00+00:00,1880.0
2024-06-14 19:00:00+00:00,540.0
2024-06-14 20:00:00+00:00,7.0
2024-06-14 21:00:00+00:00,0.0
2024-06-14 22:00:00+00:00,0.0
2024-06-14 23:00:00+00:00,0.0
2024-06-15 00:00:00+00:00,0.0
2024-06-15 01:00:00+00:00,0.0
2024-06-15 02:00:00+00:00,0.0
2024-06-15 03:00:00+00:00,17.0
2024-06-15 04:00:00+00:00,422.0
2024-06-15 05:00:00+00:00,1246.0
2024-06-15 06:00:00+00:00,3083.0
2024-06-15 07:00:00+00:00,6309.0
2024-06-15 08:00:00+00:00,7604.0
2024-06-15 09:00:00+00:00,10666.0
2024-06-15 10:00:00+00:00,12249.0
2024-06-15 11:00:00+00:00,13237.0
2024-06-15 12:00:00+00:00,12658.0
2024-06-15 13:00:00+00:00,9641.0
2024-06-15 14:00:00+00:00,7297.0
2024-06-15 15:00:00+00:00,5815.0
2024-06-15 16:00:00+00:00,3793.0
2024-06-15 17:00:00+00:00,2468.0
2024-06-15 18:00:00+00:00,1332.0
2024-06-15 19:00:00+00:00,629.0
2024-06-15 20:00:00+00:00,27.0
2024-06-15 21:00:00+00:00,0.0
2024-06-15 22:00:00+00:00,0.0
2024-06-15 23:00:00+00:00,0.0
2024-06-16 00:00:00+00:00,0.0
2024-06-16 01:00:00+00:00,0.0
2024-06-16 02:00:00+00:00,0.0
2024-06-16 03:00:00+00:00,28.0
2024-06-16 04:00:00+00:00,593.0
2024-06-16 05:00:00+00:00,2202.0
2024-06-16 06:00:00+00:00,4006.0
2024-06-16 07:00:00+00:00,6272.0
2024-06-16 08:00:00+00:00,7841.0
2024-06-16 09:00:00+00:00,9132.0
2024-06-16 10:00:00+00:00,9153.0
2024-06-16 11:00:00+00:00,10581.0
2024-06-16 12:00:00+00:00,8707.0
2024-06-16 13:00:00+00:00,8624.0
2024-06-16 14:00:00+00:00,9706.0
2024-06-16 15:00:00+00:00,8672.0
2024-06-16 16:00:00+00:00,6650.0
2024-06-16 17:00:00+00:00,5041.0
2024-06-16 18:00:00+00:00,2780.0
2024-06-16 19:00:00+00:00,733.0
2024-06-16 20:00:00+00:00,5.0
2024-06-16 21:00:00+00:00,0.0
2024-06-16 22:00:00+00:00,0.0
2024-06-16 23:00:00+00:00,0.0
2024-06-17 00:00:00+00:00,0.0
2024-06-17 01:00:00+00:00,0.0
2024-06-17 02:00:00+00:00,0.0
2024-06-17 03:00:00+00:00,29.0
2024-06-17 04:00:00+00:00,510.0
2024-06-17 05:00:00+00:00,1742.0
2024-06-17 06:00:00+00:00,3969.0
2024-06-17 07:00:00+00:00,7219.0
2024-06-17 08:00:00+00:00,9622.0
2024-06-17 09:00:00+00:00,12491.0
2024-06-17 10:00:00+00:00,14932.0
2024-06-17 11:00:00+00:00,16324.0
2024-06-17 12:00:00+00:00,16693.0
2024-06-17 13:00:00+00:00,14180.0
2024-06-17 14:00:00+00:00,12908.0
2024-06-17 15:00:00+00:00,11073.0
2024-06-17 16:00:00+00:00,8424.0
2024-06-17 17:00:00+00:00,5399.0
2024-06-17 18:00:00+00:00,2808.0
2024-06-17 19:00:00+00:00,855.0
2024-06-17 20:00:00+00:00,8.0
2024-06-17 21:00:00+00:00,0.0
2024-06-17 22:00:00+00:00,0.0
2024-06-17 23:00:00+00:00,0.0
2024-06-18 00:00:00+00:00,0.0
2024-06-18 01:00:00+00:00,0.0
2024-06-18 02:00:00+00:00,0.0
2024-06-18 03:00:00+00:00,67.0
2024-06-18 04:00:00+00:00,805.0
2024-06-18 05:00:00+00:00,1915.0
2024-06-18 06:00:00+00:00,3198.0
2024-06-18 07:00:00+00:00,4804.0
2024-06-18 08:00:00+00:00,5434.0
2024-06-18 09:00:00+00:00,5759.0
2024-06-18 10:00:00+00:00,5219.0
2024-06-18 11:00:00+00:00,4673.0
2024-06-18 12:00:00+00:00,4311.0
2024-06-18 13:00:00+00:00,3773.0
2024-06-18 14:00:00+00:00,3445.0
2024-06-18 15:00:00+00:00,2823.0
2024-06-18 16:00:00+00:00,2419.0
2024-06-18 17:00:00+00:00,1674.0
2024-06-18 18:00:00+00:00,803.0
2024-06-18 19:00:00+00:00,309.0
2024-06-18 20:00:00+00:00,24.0
2024-06-18 21:00:00+00:00,0.0
2024-06-18 22:00:00+00:00,0.0
2024-06-18 23:00:00+00:00,0.0
2024-06-19 00:00:00+00:00,0.0
2024-06-19 01:00:00+00:00,0.0
2024-06-19 02:00:00+00:00,0.0
2024-06-19 03:00:00+00:00,52.0
2024-06-19 04:00:00+00:00,836.0
2024-06-19 05:00:00+00:00,2477.0
2024-06-19 06:00:00+00:00,4971.0
2024-06-19 07:00:00+00:00,8444.0
2024-06-19 08:00:00+00:00,10016.0
2024-06-19 09:00:00+00:00,13876.0
2024-06-19 10:00:00+00:00,15804.0
2024-06-19 11:00:00+00:00,16003.0
2024-06-19 12:00:00+00:00,16527.0
2024-06-19 13:00:00+00:00,15813.0
2024-06-19 14:00:00+00:00,14312.0
2024-06-19 15:00:00+00:00,12692.0
2024-06-19 16:00:00+00:00,9198.0
2024-06-19 17:00:00+00:00,5888.0
2024-06-19 18:00:00+00:00,3169.0
2024-06-19 19:00:00+00:00,857.0
2024-06-19 20:00:00+00:00,4.0
2024-06-19 21:00:00+00:00,0.0
2024-06-19 22:00:00+00:00,0.0
2024-06-19 23:00:00+00:00,0.0
2024-06-20 00:00:00+00:00,0.0
2024-06-20 01:00:00+00:00,0.0
2024-06-20 02:00:00+00:00,0.0
2024-06-20 03:00:00+00:00,79.0
2024-06-20 04:00:00+00:00,1071.0
2024-06-20 05:00:00+00:00,2599.0
2024-06-20 06:00:00+00:00,4609.0
2024-06-20 07:00:00+00:00,7329.0
2024-06-20 08:00:00+00:00,10174.0
2024-06-20 09:00:00+00:00,12617.0
2024-06-20 10:00:00+00:00,12300.0
2024-06-20 11:00:00+00:00,11891.0
2024-06-20 12:00:00+00:00,10045.0
2024-06-20 13:00:00+00:00,10321.0
2024-06-20 14:00:00+00:00,8741.0
2024-06-20 15:00:00+00:00,7145.0
2024-06-20 16:00:00+00:00,4948.0
2024-06-20 17:00:00+00:00,2255.0
2024-06-20 18:00:00+00:00,1034.0
2024-06-20 19:00:00+00:00,391.0
2024-06-20 20:00:00+00:00,16.0
2024-06-20 21:00:00+00:00,0.0
2024-06-20 22:00:00+00:00,0.0
2024-06-20 23:00:00+00:00,0.0
2024-06-21 00:00:00+00:00,0.0
2024-06-21 01:00:00+00:00,0.0
2024-06-21 02:00:00+00:00,0.0
2024-06-21 03:00:00+00:00,36.0
2024-06-21 04:00:00+00:00,481.0
2024-06-21 05:00:00+00:00,1193.0
2024-06-21 06:00:00+00:00,2048.0
2024-06-21 07:00:00+00:00,3631.0
2024-06-21 08:00:00+00:00,4239.0
2024-06-21 09:00:00+00:00,4561.0
2024-06-21 10:00:00+00:00,5627.0
2024-06-21 11:00:00+00:00,5302.0
2024-06-21 12:00:00+00:00,3724.0
2024-06-21 13:00:00+00:00,3017.0
2024-06-21 14:00:00+00:00,2930.0
2024-06-21 15:00:00+00:00,2235.0
2024-06-21 16:00:00+00:00,2019.0
2024-06-21 17:00:00+00:00,1505.0
2024-06-21 18:00:00+00:00,827.0
2024-06-21 19:00:00+00:00,401.0
2024-06-21 20:00:00+00:00,23.0
2024-06-21 21:00:00+00:00,0.0
2024-06-21 22:00:00+00:00,0.0
2024-06-21 23:00:00+00:00,0.0
2024-06-22 00:00:00+00:00,0.0
2024-06-22 01:00:00+00:00,0.0
2024-06-22 02:00:00+00:00,0.0
2024-06-22 03:00:00+00:00,36.0
2024-06-22 04:00:00+00:00,771.0
2024-06-22 05:00:00+00:00,2845.0
2024-06-22 06:00:00+00:00,5043.0
2024-06-22 07:00:00+00:00,6502.0
2024-06-22 08:00:00+00:00,8485.0
2024-06-22 09:00:00+00:00,11611.0
2024-06-22 10:00:00+00:00,13525.0
2024-06-22 11:00:00+00:00,15580.0
2024-06-22 12:00:00+00:00,14298.0
2024-06-22 13:00:00+00:00,12140.0
2024-06-22 14:00:00+00:00,10912.0
2024-06-22 15:00:00+00:00,8945.0
2024-06-22 16:00:00+00:00,6732.0
2024-06-22 17:00:00+00:00,4434.0
2024-06-22 18:00:00+00:00,2447.0
2024-06-22 19:00:00+00:00,696.0
2024-06-22 20:00:00+00:00,25.0
2024-06-22 21:00:00+00:00,0.0
2024-06-22 22:00:00+00:00,0.0
2024-06-22 23:00:00+00:00,0.0
2024-06-23 00:00:00+00:00,0.0
2024-06-23 01:00:00+00:00,0.0
2024-06-23 02:00:00+00:00,0.0
2024-06-23 03:00:00+00:00,54.0
2024-06-23 04:00:00+00:00,972.0
2024-06-23 05:00:00+00:00,3233.0
2024-06-23 06:00:00+00:00,6669.0
2024-06-23 07:00:00+00:00,10317.0
2024-06-23 08:00:00+00:00,13694.0
2024-06-23 09:00:00+00:00,16383.0
2024-06-23 10:00:00+00:00,16697.0
2024-06-23 11:00:00+00:00,17067.0
2024-06-23 12:00:00+00:00,16564.0
2024-06-23 13:00:00+00:00,14689.0
2024-06-23 14:00:00+00:00,13624.0
2024-06-23 15:00:00+00:00,11660.0
2024-06-23 16:00:00+00:00,9198.0
2024-06-23 17:00:00+00:00,5739.0
2024-06-23 18:00:00+00:00,2985.0
2024-06-23 19:00:00+00:00,754.0
2024-06-23 20:00:00+00:00,2.0
2024-06-23 21:00:00+00:00,0.0
2024-06-23 22:00:00+00:00,0.0
2024-06-23 23:00:00+00:00,0.0
2024-06-24 00:00:00+00:00,0.0
2024-06-24 01:00:00+00:00,0.0
2024-06-24 02:00:00+00:00,0.0
2024-06-24 03:00:00+00:00,54.0
2024-06-24 04:00:00+00:00,953.0
2024-06-24 05:00:00+00:00,3246.0
2024-06-24 06:00:00+00:00,6619.0
2024-06-24 07:00:00+00:00,10234.0
2024-06-24 08:00:00+00:00,13751.0
2024-06-24 09:00:00+00:00,16549.0
2024-06-24 10:00:00+00:00,18023.0
2024-06-24 11:00:00+00:00,17553.0
2024-06-24 12:00:00+00:00,17376.0
2024-06-24 13:00:00+00:00,16872.0
2024-06-24 14:00:00+00:00,15282.0
2024-06-24 15:00:00+00:00,12182.0
2024-06-24 16:00:00+00:00,9425.0
2024-06-24 17:00:00+00:00,6086.0
2024-06-24 18:00:00+00:00,2961.0
2024-06-24 19:00:00+00:00,711.0
2024-06-24 20:00:00+00:00,1.0
2024-06-24 21:00:00+00:00,0.0
2024-06-24 22:00:00+00:00,0.0
2024-06-24 23:00:00+00:00,0.0
2024-06-25 00:00:00+00:00,0.0
2024-06-25 01:00:00+00:00,0.0
2024-06-25 02:00:00+00:00,0.0
2024-06-25 03:00:00+00:00,49.0
2024-06-25 04:00:00+00:00,994.0
2024-06-25 05:00:00+00:00,3335.0
2024-06-25 06:00:00+00:00,6584.0
2024-06-25 07:00:00+00:00,10324.0
2024-06-25 08:00:00+00:00,13676.0
2024-06-25 09:00:00+00:00,16730.0
2024-06-25 10:00:00+00:00,18577.0
2024-06-25 11:00:00+00:00,19377.0
2024-06-25 12:00:00+00:00,19084.0
2024-06-25 13:00:00+00:00,17990.0
2024-06-25 14:00:00+00:00,15970.0
2024-06-25 15:00:00+00:00,13065.0
2024-06-25 16:00:00+00:00,9668.0
2024-06-25 17:00:00+00:00,6148.0
2024-06-25 18:00:00+00:00,2962.0
2024-06-25 19:00:00+00:00,700.0
2024-06-25 20:00:00+00:00,2.0
2024-06-25 21:00:00+00:00,0.0
2024-06-25 22:00:00+00:00,0.0
2024-06-25 23:00:00+00:00,0.0
2024-06-26 00:00:00+00:00,0.0
2024-06-26 01:00:00+00:00,0.0
2024-06-26 02:00:00+00:00,0.0
2024-06-26 03:00:00+00:00,46.0
2024-06-26 04:00:00+00:00,977.0
2024-06-26 05:00:00+00:00,3329.0
2024-06-26 06:00:00+00:00,6673.0
2024-06-26 07:00:00+00:00,10366.0
2024-06-26 08:00:00+00:00,13834.0
2024-06-26 09:00:00+00:00,16650.0
2024-06-26 10:00:00+00:00,18775.0
2024-06-26 11:00:00+00:00,19736.0
2024-06-26 12:00:00+00:00,19462.0
2024-06-26 13:00:00+00:00,18183.0
2024-06-26 14:00:00+00:00,15971.0
2024-06-26 15:00:00+00:00,13301.0
2024-06-26 16:00:00+00:00,9225.0
2024-06-26 17:00:00+00:00,5812.0
2024-06-26 18:00:00+00:00,2841.0
2024-06-26 19:00:00+00:00,672.0
2024-06-26 20:00:00+00:00,2.0
2024-06-26 21:00:00+00:00,0.0
2024-06-26 22:00:00+00:00,0.0
2024-06-26 23:00:00+00:00,0.0
2024-06-27 00:00:00+00:00,0.0
2024-06-27 01:00:00+00:00,0.0
2024-06-27 02:00:00+00:00,0.0
2024-06-27 03:00:00+00:00,41.0
2024-06-27 04:00:00+00:00,863.0
2024-06-27 05:00:00+00:00,2919.0
2024-06-27 06:00:00+00:00,6037.0
2024-06-27 07:00:00+00:00,9452.0
2024-06-27 08:00:00+00:00,13020.0
2024-06-27 09:00:00+00:00,16100.0
2024-06-27 10:00:00+00:00,17588.0
2024-06-27 11:00:00+00:00,18590.0
2024-06-27 12:00:00+00:00,17044.0
2024-06-27 13:00:00+00:00,16070.0
2024-06-27 14:00:00+00:00,14335.0
2024-06-27 15:00:00+00:00,11056.0
2024-06-27 16:00:00+00:00,7393.0
2024-06-27 17:00:00+00:00,4682.0
2024-06-27 18:00:00+00:00,2189.0
2024-06-27 19:00:00+00:00,560.0
2024-06-27 20:00:00+00:00,9.0
2024-06-27 21:00:00+00:00,0.0
2024-06-27 22:00:00+00:00,0.0
2024-06-27 23:00:00+00:00,0.0
2024-06-28 00:00:00+00:00,0.0
2024-06-28 01:00:00+00:00,0.0
2024-06-28 02:00:00+00:00,0.0
2024-06-28 03:00:00+00:00,31.0
2024-06-28 04:00:00+00:00,814.0
2024-06-28 05:00:00+00:00,2759.0
2024-06-28 06:00:00+00:00,6005.0
2024-06-28 07:00:00+00:00,8912.0
2024-06-28 08:00:00+00:00,11294.0
2024-06-28 09:00:00+00:00,13671.0
2024-06-28 10:00:00+00:00,15006.0
2024-06-28 11:00:00+00:00,16548.0
2024-06-28 12:00:00+00:00,17428.0
2024-06-28 13:00:00+00:00,15574.0
2024-06-28 14:00:00+00:00,14118.0
2024-06-28 15:00:00+00:00,10902.0
2024-06-28 16:00:00+00:00,8684.0
2024-06-28 17:00:00+00:00,5263.0
2024-06-28 18:00:00+00:00,2685.0
2024-06-28 19:00:00+00:00,669.0
2024-06-28 20:00:00+00:00,7.0
2024-06-28 21:00:00+00:00,0.0
2024-06-28 22:00:00+00:00,0.0
2024-06-28 23:00:00+00:00,0.0
2024-06-29 00:00:00+00:00,0.0
2024-06-29 01:00:00+00:00,0.0
2024-06-29 02:00:00+00:00,0.0
2024-06-29 03:00:00+00:00,54.0
2024-06-29 04:00:00+00:00,959.0
2024-06-29 05:00:00+00:00,2977.0
2024-06-29 06:00:00+00:00,5956.0
2024-06-29 07:00:00+00:00,9652.0
2024-06-29 08:00:00+00:00,13210.0
2024-06-29 09:00:00+00:00,16339.0
2024-06-29 10:00:00+00:00,17961.0
2024-06-29 11:00:00+00:00,19200.0
2024-06-29 12:00:00+00:00,18744.0
2024-06-29 13:00:00+00:00,17177.0
2024-06-29 14:00:00+00:00,14698.0
2024-06-29 15:00:00+00:00,11321.0
2024-06-29 16:00:00+00:00,6333.0
2024-06-29 17:00:00+00:00,2459.0
2024-06-29 18:00:00+00:00,771.0
2024-06-29 19:00:00+00:00,196.0
2024-06-29 20:00:00+00:00,10.0
2024-06-29 21:00:00+00:00,0.0
2024-06-29 22:00:00+00:00,0.0
2024-06-29 23:00:00+00:00,0.0
2024-06-30 00:00:00+00:00,0.0
2024-06-30 01:00:00+00:00,0.0
2024-06-30 02:00:00+00:00,0.0
2024-06-30 03:00:00+00:00,9.0
2024-06-30 04:00:00+00:00,309.0
2024-06-30 05:00:00+00:00,1145.0
2024-06-30 06:00:00+00:00,2565.0
2024-06-30 07:00:00+00:00,5172.0
2024-06-30 08:00:00+00:00,9493.0
2024-06-30 09:00:00+00:00,13522.0
2024-06-30 10:00:00+00:00,14671.0
2024-06-30 11:00:00+00:00,13584.0
2024-06-30 12:00:00+00:00,13109.0
2024-06-30 13:00:00+00:00,12167.0
2024-06-30 14:00:00+00:00,8134.0
2024-06-30 15:00:00+00:00,6391.0
2024-06-30 16:00:00+00:00,3637.0
2024-06-30 17:00:00+00:00,1962.0
2024-06-30 18:00:00+00:00,837.0
2024-06-30 19:00:00+00:00,233.0
2024-06-30 20:00:00+00:00,7.0
2024-06-30 21:00:00+00:00,0.0
2024-06-30 22:00:00+00:00,0.0
2024-06-30 23:00:00+00:00,0.0
2024-07-01 00:00:00+00:00,0.0
2024-07-01 01:00:00+00:00,0.0
2024-07-01 02:00:00+00:00,0.0
2024-07-01 03:00:00+00:00,18.0
2024-07-01 04:00:00+00:00,614.0
2024-07-01 05:00:00+00:00,2667.0
2024-07-01 06:00:00+00:00,5741.0
2024-07-01 07:00:00+00:00,7519.0
2024-07-01 08:00:00+00:00,8534.0
2024-07-01 09:00:00+00:00,9155.0
2024-07-01 10:00:00+00:00,11436.0
2024-07-01 11:00:00+00:00,12901.0
2024-07-01 12:00:00+00:00,11349.0
2024-07-01 13:00:00+00:00,10131.0
2024-07-01 14:00:00+00:00,8347.0
2024-07-01 15:00:00+00:00,7353.0
2024-07-01 16:00:00+00:00,5906.0
2024-07-01 17:00:00+00:00,3573.0
2024-07-01 18:00:00+00:00,1843.0
2024-07-01 19:00:00+00:00,499.0
2024-07-01 20:00:00+00:00,12.0
2024-07-01 21:00:00+00:00,0.0
2024-07-01 22:00:00+00:00,0.0
2024-07-01 23:00:00+00:00,0.0
2024-07-02 00:00:00+00:00,0.0
2024-07-02 01:00:00+00:00,0.0
2024-07-02 02:00:00+00:00,0.0
2024-07-02 03:00:00+00:00,17.0
2024-07-02 04:00:00+00:00,201.0
2024-07-02 05:00:00+00:00,802.0
2024-07-02 06:00:00+00:00,1929.0
2024-07-02 07:00:00+00:00,3019.0
2024-07-02 08:00:00+00:00,3938.0
2024-07-02 09:00:00+00:00,5019.0
2024-07-02 10:00:00+00:00,6067.0
2024-07-02 11:00:00+00:00,6546.0
2024-07-02 12:00:00+00:00,7491.0
2024-07-02 13:00:00+00:00,8625.0
2024-07-02 14:00:00+00:00,9552.0
2024-07-02 15:00:00+00:00,7937.0
2024-07-02 16:00:00+00:00,5536.0
2024-07-02 17:00:00+00:00,3378.0
2024-07-02 18:00:00+00:00,1327.0
2024-07-02 19:00:00+00:00,397.0
2024-07-02 20:00:00+00:00,10.0
2024-07-02 21:00:00+00:00,0.0
2024-07-02 22:00:00+00:00,0.0
2024-07-02 23:00:00+00:00,0.0
2024-07-03 00:00:00+00:00,0.0
2024-07-03 01:00:00+00:00,0.0
2024-07-03 02:00:00+00:00,0.0
2024-07-03 03:00:00+00:00,29.0
2024-07-03 04:00:00+00:00,732.0
2024-07-03 05:00:00+00:00,1942.0
2024-07-03 06:00:00+00:00,2700.0
2024-07-03 07:00:00+00:00,3203.0
2024-07-03 08:00:00+00:00,2934.0
2024-07-03 09:00:00+00:00,3209.0
2024-07-03 10:00:00+00:00,3945.0
2024-07-03 11:00:00+00:00,5279.0
2024-07-03 12:00:00+00:00,8508.0
2024-07-03 13:00:00+00:00,10972.0
2024-07-03 14:00:00+00:00,9816.0
2024-07-03 15:00:00+00:00,7635.0
2024-07-03 16:00:00+00:00,5569.0
2024-07-03 17:00:00+00:00,2978.0
2024-07-03 18:00:00+00:00,1357.0
2024-07-03 19:00:00+00:00,256.0
2024-07-03 20:00:00+00:00,4.0
2024-07-03 21:00:00+00:00,0.0
2024-07-03 22:00:00+00:00,0.0
2024-07-03 23:00:00+00:00,0.0
2024-07-04 00:00:00+00:00,0.0
2024-07-04 01:00:00+00:00,0.0
2024-07-04 02:00:00+00:00,0.0
2024-07-04 03:00:00+00:00,10.0
2024-07-04 04:00:00+00:00,284.0
2024-07-04 05:00:00+00:00,1567.0
2024-07-04 06:00:00+00:00,4303.0
2024-07-04 07:00:00+00:00,7803.0
2024-07-04 08:00:00+00:00,11773.0
2024-07-04 09:00:00+00:00,13936.0
2024-07-04 10:00:00+00:00,16371.0
2024-07-04 11:00:00+00:00,17792.0
2024-07-04 12:00:00+00:00,18195.0
2024-07-04 13:00:00+00:00,16827.0
2024-07-04 14:00:00+00:00,13894.0
2024-07-04 15:00:00+00:00,12350.0
2024-07-04 16:00:00+00:00,8670.0
2024-07-04 17:00:00+00:00,5239.0
2024-07-04 18:00:00+00:00,2462.0
2024-07-04 19:00:00+00:00,590.0
2024-07-04 20:00:00+00:00,3.0
2024-07-04 21:00:00+00:00,0.0
2024-07-04 22:00:00+00:00,0.0
2024-07-04 23:00:00+00:00,0.0
2024-07-05 00:00:00+00:00,0.0
2024-07-05 01:00:00+00:00,0.0
2024-07-05 02:00:00+00:00,0.0
2024-07-05 03:00:00+00:00,19.0
2024-07-05 04:00:00+00:00,464.0
2024-07-05 05:00:00+00:00,1700.0
2024-07-05 06:00:00+00:00,3319.0
2024-07-05 07:00:00+00:00,4556.0
2024-07-05 08:00:00+00:00,5554.0
2024-07-05 09:00:00+00:00,6121.0
2024-07-05 10:00:00+00:00,6203.0
2024-07-05 11:00:00+00:00,6399.0
2024-07-05 12:00:00+00:00,6555.0
2024-07-05 13:00:00+00:00,6498.0
2024-07-05 14:00:00+00:00,4457.0
2024-07-05 15:00:00+00:00,3575.0
2024-07-05 16:00:00+00:00,2495.0
2024-07-05 17:00:00+00:00,1627.0
2024-07-05 18:00:00+00:00,782.0
2024-07-05 19:00:00+00:00,214.0
2024-07-05 20:00:00+00:00,6.0
2024-07-05 21:00:00+00:00,0.0
2024-07-05 22:00:00+00:00,0.0
2024-07-05 23:00:00+00:00,0.0
2024-07-06 00:00:00+00:00,0.0
2024-07-06 01:00:00+00:00,0.0
2024-07-06 02:00:00+00:00,0.0
2024-07-06 03:00:00+00:00,14.0
2024-07-06 04:00:00+00:00,457.0
2024-07-06 05:00:00+00:00,1981.0
2024-07-06 06:00:00+00:00,4064.0
2024-07-06 07:00:00+00:00,5144.0
2024-07-06 08:00:00+00:00,5679.0
2024-07-06 09:00:00+00:00,6933.0
2024-07-06 10:00:00+00:00,8119.0
2024-07-06 11:00:00+00:00,10795.0
2024-07-06 12:00:00+00:00,13212.0
2024-07-06 13:00:00+00:00,14458.0
2024-07-06 14:00:00+00:00,12577.0
2024-07-06 15:00:00+00:00,9861.0
2024-07-06 16:00:00+00:00,6874.0
2024-07-06 17:00:00+00:00,4172.0
2024-07-06 18:00:00+00:00,2206.0
2024-07-06 19:00:00+00:00,499.0
2024-07-06 20:00:00+00:00,0.0
2024-07-06 21:00:00+00:00,0.0
2024-07-06 22:00:00+00:00,0.0
2024-07-06 23:00:00+00:00,0.0
2024-07-07 00:00:00+00:00,0.0
2024-07-07 01:00:00+00:00,0.0
2024-07-07 02:00:00+00:00,0.0
2024-07-07 03:00:00+00:00,22.0
2024-07-07 04:00:00+00:00,767.0
2024-07-07 05:00:00+00:00,3086.0
2024-07-07 06:00:00+00:00,5923.0
2024-07-07 07:00:00+00:00,9669.0
2024-07-07 08:00:00+00:00,11598.0
2024-07-07 09:00:00+00:00,12196.0
2024-07-07 10:00:00+00:00,11090.0
2024-07-07 11:00:00+00:00,10876.0
2024-07-07 12:00:00+00:00,8358.0
2024-07-07 13:00:00+00:00,8231.0
2024-07-07 14:00:00+00:00,6061.0
2024-07-07 15:00:00+00:00,5050.0
2024-07-07 16:00:00+00:00,5077.0
2024-07-07 17:00:00+00:00,3132.0
2024-07-07 18:00:00+00:00,1456.0
2024-07-07 19:00:00+00:00,521.0
2024-07-07 20:00:00+00:00,0.0
2024-07-07 21:00:00+00:00,0.0
2024-07-07 22:00:00+00:00,0.0
2024-07-07 23:00:00+00:00,0.0
2024-07-08 00:00:00+00:00,0.0
2024-07-08 01:00:00+00:00,0.0
2024-07-08 02:00:00+00:00,0.0
2024-07-08 03:00:00+00:00,19.0
2024-07-08 04:00:00+00:00,692.0
2024-07-08 05:00:00+00:00,2556.0
2024-07-08 06:00:00+00:00,5504.0
2024-07-08 07:00:00+00:00,8926.0
2024-07-08 08:00:00+00:00,12391.0
2024-07-08 09:00:00+00:00,14527.0
2024-07-08 10:00:00+00:00,15737.0
2024-07-08 11:00:00+00:00,15429.0
2024-07-08 12:00:00+00:00,13650.0
2024-07-08 13:00:00+00:00,12126.0
2024-07-08 14:00:00+00:00,8658.0
2024-07-08 15:00:00+00:00,6819.0
2024-07-08 16:00:00+00:00,4323.0
2024-07-08 17:00:00+00:00,2483.0
2024-07-08 18:00:00+00:00,1094.0
2024-07-08 19:00:00+00:00,244.0
2024-07-08 20:00:00+00:00,0.0
2024-07-08 21:00:00+00:00,0.0
2024-07-08 22:00:00+00:00,0.0
2024-07-08 23:00:00+00:00,0.0
2024-07-09 00:00:00+00:00,0.0
2024-07-09 01:00:00+00:00,0.0
2024-07-09 02:00:00+00:00,0.0
2024-07-09 03:00:00+00:00,9.0
2024-07-09 04:00:00+00:00,463.0
2024-07-09 05:00:00+00:00,2262.0
2024-07-09 06:00:00+00:00,5396.0
2024-07-09 07:00:00+00:00,8312.0
2024-07-09 08:00:00+00:00,10635.0
2024-07-09 09:00:00+00:00,12646.0
2024-07-09 10:00:00+00:00,14394.0
2024-07-09 11:00:00+00:00,15041.0
2024-07-09 12:00:00+00:00,14168.0
2024-07-09 13:00:00+00:00,12886.0
2024-07-09 14:00:00+00:00,10499.0
2024-07-09 15:00:00+00:00,7825.0
2024-07-09 16:00:00+00:00,4349.0
2024-07-09 17:00:00+00:00,1502.0
2024-07-09 18:00:00+00:00,315.0
2024-07-09 19:00:00+00:00,81.0
2024-07-09 20:00:00+00:00,0.0
2024-07-09 21:00:00+00:00,0.0
2024-07-09 22:00:00+00:00,0.0
2024-07-09 23:00:00+00:00,0.0
2024-07-10 00:00:00+00:00,0.0
2024-07-10 01:00:00+00:00,0.0
2024-07-10 02:00:00+00:00,0.0
2024-07-10 03:00:00+00:00,7.0
2024-07-10 04:00:00+00:00,256.0
2024-07-10 05:00:00+00:00,1146.0
2024-07-10 06:00:00+00:00,3341.0
2024-07-10 07:00:00+00:00,6020.0
2024-07-10 08:00:00+00:00,8114.0
2024-07-10 09:00:00+00:00,10625.0
2024-07-10 10:00:00+00:00,11319.0
2024-07-10 11:00:00+00:00,12581.0
2024-07-10 12:00:00+00:00,13873.0
2024-07-10 13:00:00+00:00,13596.0
2024-07-10 14:00:00+00:00,11957.0
2024-07-10 15:00:00+00:00,10320.0
2024-07-10 16:00:00+00:00,8806.0
2024-07-10 17:00:00+00:00,5260.0
2024-07-10 18:00:00+00:00,2463.0
2024-07-10 19:00:00+00:00,552.0
2024-07-10 20:00:00+00:00,0.0
2024-07-10 21:00:00+00:00,0.0
2024-07-10 22:00:00+00:00,0.0
2024-07-10 23:00:00+00:00,0.0
2024-07-11 00:00:00+00:00,0.0
2024-07-11 01:00:00+00:00,0.0
2024-07-11 02:00:00+00:00,0.0
2024-07-11 03:00:00+00:00,18.0
2024-07-11 04:00:00+00:00,452.0
2024-07-11 05:00:00+00:00,1872.0
2024-07-11 06:00:00+00:00,5252.0
2024-07-11 07:00:00+00:00,8428.0
2024-07-11 08:00:00+00:00,10923.0
2024-07-11 09:00:00+00:00,12557.0
2024-07-11 10:00:00+00:00,14130.0
2024-07-11 11:00:00+00:00,14418.0
2024-07-11 12:00:00+00:00,14785.0
2024-07-11 13:00:00+00:00,14560.0
2024-07-11 14:00:00+00:00,12601.0
2024-07-11 15:00:00+00:00,10364.0
2024-07-11 16:00:00+00:00,7655.0
2024-07-11 17:00:00+00:00,4196.0
2024-07-11 18:00:00+00:00,2168.0
2024-07-11 19:00:00+00:00,512.0
2024-07-11 20:00:00+00:00,0.0
2024-07-11 21:00:00+00:00,0.0
2024-07-11 22:00:00+00:00,0.0
2024-07-11 23:00:00+00:00,0.0
2024-07-12 00:00:00+00:00,0.0
2024-07-12 01:00:00+00:00,0.0
2024-07-12 02:00:00+00:00,0.0
2024-07-12 03:00:00+00:00,16.0
2024-07-12 04:00:00+00:00,437.0
2024-07-12 05:00:00+00:00,1315.0
2024-07-12 06:00:00+00:00,1664.0
2024-07-12 07:00:00+00:00,2018.0
2024-07-12 08:00:00+00:00,2272.0
2024-07-12 09:00:00+00:00,1849.0
2024-07-12 10:00:00+00:00,1645.0
2024-07-12 11:00:00+00:00,2118.0
2024-07-12 12:00:00+00:00,2994.0
2024-07-12 13:00:00+00:00,3721.0
2024-07-12 14:00:00+00:00,4100.0
2024-07-12 15:00:00+00:00,3730.0
2024-07-12 16:00:00+00:00,2540.0
2024-07-12 17:00:00+00:00,1776.0
2024-07-12 18:00:00+00:00,869.0
2024-07-12 19:00:00+00:00,230.0
2024-07-12 20:00:00+00:00,0.0
2024-07-12 21:00:00+00:00,0.0
2024-07-12 22:00:00+00:00,0.0
2024-07-12 23:00:00+00:00,0.0
2024-07-13 00:00:00+00:00,0.0
2024-07-13 01:00:00+00:00,0.0
2024-07-13 02:00:00+00:00,0.0
2024-07-13 03:00:00+00:00,6.0
2024-07-13 04:00:00+00:00,266.0
2024-07-13 05:00:00+00:00,951.0
2024-07-13 06:00:00+00:00,2159.0
2024-07-13 07:00:00+00:00,3923.0
2024-07-13 08:00:00+00:00,6051.0
2024-07-13 09:00:00+00:00,7362.0
2024-07-13 10:00:00+00:00,9351.0
2024-07-13 11:00:00+00:00,10279.0
2024-07-13 12:00:00+00:00,8289.0
2024-07-13 13:00:00+00:00,8495.0
2024-07-13 14:00:00+00:00,8007.0
2024-07-13 15:00:00+00:00,6551.0
2024-07-13 16:00:00+00:00,5212.0
2024-07-13 17:00:00+00:00,3446.0
2024-07-13 18:00:00+00:00,1635.0
2024-07-13 19:00:00+00:00,419.0
2024-07-13 20:00:00+00:00,0.0
2024-07-13 21:00:00+00:00,0.0
2024-07-13 22:00:00+00:00,0.0
2024-07-13 23:00:00+00:00,0.0
2024-07-14 00:00:00+00:00,0.0
2024-07-14 01:00:00+00:00,0.0
2024-07-14 02:00:00+00:00,0.0
2024-07-14 03:00:00+00:00,11.0
2024-07-14 04:00:00+00:00,510.0
2024-07-14 05:00:00+00:00,2016.0
2024-07-14 06:00:00+00:00,4708.0
2024-07-14 07:00:00+00:00,8466.0
2024-07-14 08:00:00+00:00,12406.0
2024-07-14 09:00:00+00:00,14382.0
2024-07-14 10:00:00+00:00,14765.0
2024-07-14 11:00:00+00:00,14071.0
2024-07-14 12:00:00+00:00,14439.0
2024-07-14 13:00:00+00:00,14067.0
2024-07-14 14:00:00+00:00,11630.0
2024-07-14 15:00:00+00:00,8807.0
2024-07-14 16:00:00+00:00,6299.0
2024-07-14 17:00:00+00:00,4334.0
2024-07-14 18:00:00+00:00,2185.0
2024-07-14 19:00:00+00:00,483.0
2024-07-14 20:00:00+00:00,0.0
2024-07-14 21:00:00+00:00,0.0
2024-07-14 22:00:00+00:00,0.0
2024-07-14 23:00:00+00:00,0.0
2024-07-15 00:00:00+00:00,0.0
2024-07-15 01:00:00+00:00,0.0
2024-07-15 02:00:00+00:00,0.0
2024-07-15 03:00:00+00:00,9.0
2024-07-15 04:00:00+00:00,532.0
2024-07-15 05:00:00+00:00,2661.0
2024-07-15 06:00:00+00:00,5813.0
2024-07-15 07:00:00+00:00,9474.0
2024-07-15 08:00:00+00:00,13043.0
2024-07-15 09:00:00+00:00,15733.0
2024-07-15 10:00:00+00:00,16431.0
2024-07-15 11:00:00+00:00,17844.0
2024-07-15 12:00:00+00:00,17825.0
2024-07-15 13:00:00+00:00,15216.0
2024-07-15 14:00:00+00:00,11962.0
2024-07-15 15:00:00+00:00,8845.0
2024-07-15 16:00:00+00:00,4939.0
2024-07-15 17:00:00+00:00,2058.0
2024-07-15 18:00:00+00:00,629.0
2024-07-15 19:00:00+00:00,172.0
2024-07-15 20:00:00+00:00,0.0
2024-07-15 21:00:00+00:00,0.0
2024-07-15 22:00:00+00:00,0.0
2024-07-15 23:00:00+00:00,0.0
2024-07-16 00:00:00+00:00,0.0
2024-07-16 01:00:00+00:00,0.0
2024-07-16 02:00:00+00:00,0.0
2024-07-16 03:00:00+00:00,4.0
2024-07-16 04:00:00+00:00,389.0
2024-07-16 05:00:00+00:00,1904.0
2024-07-16 06:00:00+00:00,4386.0
2024-07-16 07:00:00+00:00,7160.0
2024-07-16 08:00:00+00:00,9289.0
2024-07-16 09:00:00+00:00,10496.0
2024-07-16 10:00:00+00:00,12166.0
2024-07-16 11:00:00+00:00,11603.0
2024-07-16 12:00:00+00:00,11931.0
2024-07-16 13:00:00+00:00,8964.0
2024-07-16 14:00:00+00:00,10607.0
2024-07-16 15:00:00+00:00,6701.0
2024-07-16 16:00:00+00:00,6054.0
2024-07-16 17:00:00+00:00,3110.0
2024-07-16 18:00:00+00:00,1530.0
2024-07-16 19:00:00+00:00,241.0
2024-07-16 20:00:00+00:00,0.0
2024-07-16 21:00:00+00:00,0.0
2024-07-16 22:00:00+00:00,0.0
2024-07-16 23:00:00+00:00,0.0
2024-07-17 00:00:00+00:00,0.0
2024-07-17 01:00:00+00:00,0.0
2024-07-17 02:00:00+00:00,0.0
2024-07-17 03:00:00+00:00,3.0
2024-07-17 04:00:00+00:00,226.0
2024-07-17 05:00:00+00:00,1146.0
2024-07-17 06:00:00+00:00,2966.0
2024-07-17 07:00:00+00:00,5290.0
2024-07-17 08:00:00+00:00,8093.0
2024-07-17 09:00:00+00:00,10512.0
2024-07-17 10:00:00+00:00,12395.0
2024-07-17 11:00:00+00:00,15170.0
2024-07-17 12:00:00+00:00,15353.0
2024-07-17 13:00:00+00:00,15020.0
2024-07-17 14:00:00+00:00,13831.0
2024-07-17 15:00:00+00:00,10675.0
2024-07-17 16:00:00+00:00,7717.0
2024-07-17 17:00:00+00:00,5133.0
2024-07-17 18:00:00+00:00,2251.0
2024-07-17 19:00:00+00:00,405.0
2024-07-17 20:00:00+00:00,0.0
2024-07-17 21:00:00+00:00,0.0
2024-07-17 22:00:00+00:00,0.0
2024-07-17 23:00:00+00:00,0.0
2024-07-18 00:00:00+00:00,0.0
2024-07-18 01:00:00+00:00,0.0
2024-07-18 02:00:00+00:00,0.0
2024-07-18 03:00:00+00:00,5.0
2024-07-18 04:00:00+00:00,448.0
2024-07-18 05:00:00+00:00,2243.0
2024-07-18 06:00:00+00:00,4810.0
2024-07-18 07:00:00+00:00,7700.0
2024-07-18 08:00:00+00:00,11177.0
2024-07-18 09:00:00+00:00,14494.0
2024-07-18 10:00:00+00:00,16811.0
2024-07-18 11:00:00+00:00,17409.0
2024-07-18 12:00:00+00:00,17727.0
2024-07-18 13:00:00+00:00,16404.0
2024-07-18 14:00:00+00:00,13877.0
2024-07-18 15:00:00+00:00,12115.0
2024-07-18 16:00:00+00:00,8446.0
2024-07-18 17:00:00+00:00,5196.0
2024-07-18 18:00:00+00:00,2296.0
2024-07-18 19:00:00+00:00,382.0
2024-07-18 20:00:00+00:00,0.0
2024-07-18 21:00:00+00:00,0.0
2024-07-18 22:00:00+00:00,0.0
2024-07-18 23:00:00+00:00,0.0
2024-07-19 00:00:00+00:00,0.0
2024-07-19 01:00:00+00:00,0.0
2024-07-19 02:00:00+00:00,0.0
2024-07-19 03:00:00+00:00,7.0
2024-07-19 04:00:00+00:00,398.0
2024-07-19 05:00:00+00:00,1646.0
2024-07-19 06:00:00+00:00,3568.0
2024-07-19 07:00:00+00:00,5660.0
2024-07-19 08:00:00+00:00,9592.0
2024-07-19 09:00:00+00:00,12358.0
2024-07-19 10:00:00+00:00,13289.0
2024-07-19 11:00:00+00:00,15844.0
2024-07-19 12:00:00+00:00,16354.0
2024-07-19 13:00:00+00:00,13604.0
2024-07-19 14:00:00+00:00,12881.0
2024-07-19 15:00:00+00:00,10522.0
2024-07-19 16:00:00+00:00,7997.0
2024-07-19 17:00:00+00:00,5294.0
2024-07-19 18:00:00+00:00,2279.0
2024-07-19 19:00:00+00:00,413.0
2024-07-19 20:00:00+00:00,0.0
2024-07-19 21:00:00+00:00,0.0
2024-07-19 22:00:00+00:00,0.0
2024-07-19 23:00:00+00:00,0.0
2024-07-20 00:00:00+00:00,0.0
2024-07-20 01:00:00+00:00,0.0
2024-07-20 02:00:00+00:00,0.0
2024-07-20 03:00:00+00:00,3.0
2024-07-20 04:00:00+00:00,423.0
2024-07-20 05:00:00+00:00,2377.0
2024-07-20 06:00:00+00:00,5554.0
2024-07-20 07:00:00+00:00,9223.0
2024-07-20 08:00:00+00:00,12675.0
2024-07-20 09:00:00+00:00,15739.0
2024-07-20 10:00:00+00:00,17620.0
2024-07-20 11:00:00+00:00,18539.0
2024-07-20 12:00:00+00:00,17866.0
2024-07-20 13:00:00+00:00,16279.0
2024-07-20 14:00:00+00:00,13265.0
2024-07-20 15:00:00+00:00,10853.0
2024-07-20 16:00:00+00:00,7365.0
2024-07-20 17:00:00+00:00,4371.0
2024-07-20 18:00:00+00:00,2062.0
2024-07-20 19:00:00+00:00,512.0
2024-07-20 20:00:00+00:00,0.0
2024-07-20 21:00:00+00:00,0.0
2024-07-20 22:00:00+00:00,0.0
2024-07-20 23:00:00+00:00,0.0
2024-07-21 00:00:00+00:00,0.0
2024-07-21 01:00:00+00:00,0.0
2024-07-21 02:00:00+00:00,0.0
2024-07-21 03:00:00+00:00,5.0
2024-07-21 04:00:00+00:00,366.0
2024-07-21 05:00:00+00:00,1672.0
2024-07-21 06:00:00+00:00,3879.0
2024-07-21 07:00:00+00:00,5643.0
2024-07-21 08:00:00+00:00,6242.0
2024-07-21 09:00:00+00:00,7022.0
2024-07-21 10:00:00+00:00,6550.0
2024-07-21 11:00:00+00:00,7556.0
2024-07-21 12:00:00+00:00,8895.0
2024-07-21 13:00:00+00:00,8319.0
2024-07-21 14:00:00+00:00,7023.0
2024-07-21 15:00:00+00:00,4455.0
2024-07-21 16:00:00+00:00,3174.0
2024-07-21 17:00:00+00:00,2671.0
2024-07-21 18:00:00+00:00,1268.0
2024-07-21 19:00:00+00:00,272.0
2024-07-21 20:00:00+00:00,0.0
2024-07-21 21:00:00+00:00,0.0
2024-07-21 22:00:00+00:00,0.0
2024-07-21 23:00:00+00:00,0.0
2024-07-22 00:00:00+00:00,0.0
2024-07-22 01:00:00+00:00,0.0
2024-07-22 02:00:00+00:00,0.0
2024-07-22 03:00:00+00:00,1.0
2024-07-22 04:00:00+00:00,394.0
2024-07-22 05:00:00+00:00,2365.0
2024-07-22 06:00:00+00:00,4909.0
2024-07-22 07:00:00+00:00,7619.0
2024-07-22 08:00:00+00:00,10506.0
2024-07-22 09:00:00+00:00,12931.0
2024-07-22 10:00:00+00:00,14142.0
2024-07-22 11:00:00+00:00,15053.0
2024-07-22 12:00:00+00:00,14258.0
2024-07-22 13:00:00+00:00,14593.0
2024-07-22 14:00:00+00:00,12013.0
2024-07-22 15:00:00+00:00,8885.0
2024-07-22 16:00:00+00:00,5855.0
2024-07-22 17:00:00+00:00,2860.0
2024-07-22 18:00:00+00:00,885.0
2024-07-22 19:00:00+00:00,183.0
2024-07-22 20:00:00+00:00,0.0
2024-07-22 21:00:00+00:00,0.0
2024-07-22 22:00:00+00:00,0.0
2024-07-22 23:00:00+00:00,0.0
2024-07-23 00:00:00+00:00,0.0
2024-07-23 01:00:00+00:00,0.0
2024-07-23 02:00:00+00:00,0.0
2024-07-23 03:00:00+00:00,2.0
2024-07-23 04:00:00+00:00,179.0
2024-07-23 05:00:00+00:00,780.0
2024-07-23 06:00:00+00:00,1732.0
2024-07-23 07:00:00+00:00,3518.0
2024-07-23 08:00:00+00:00,4800.0
2024-07-23 09:00:00+00:00,7227.0
2024-07-23 10:00:00+00:00,9875.0
2024-07-23 11:00:00+00:00,11579.0
2024-07-23 12:00:00+00:00,12136.0
2024-07-23 13:00:00+00:00,11371.0
2024-07-23 14:00:00+00:00,9922.0
2024-07-23 15:00:00+00:00,8266.0
2024-07-23 16:00:00+00:00,7182.0
2024-07-23 17:00:00+00:00,4204.0
2024-07-23 18:00:00+00:00,1557.0
2024-07-23 19:00:00+00:00,220.0
2024-07-23 20:00:00+00:00,0.0
2024-07-23 21:00:00+00:00,0.0
2024-07-23 22:00:00+00:00,0.0
2024-07-23 23:00:00+00:00,0.0
2024-07-24 00:00:00+00:00,0.0
2024-07-24 01:00:00+00:00,0.0
2024-07-24 02:00:00+00:00,0.0
2024-07-24 03:00:00+00:00,0.0
2024-07-24 04:00:00+00:00,250.0
2024-07-24 05:00:00+00:00,1446.0
2024-07-24 06:00:00+00:00,3977.0
2024-07-24 07:00:00+00:00,6586.0
2024-07-24 08:00:00+00:00,9496.0
2024-07-24 09:00:00+00:00,13400.0
2024-07-24 10:00:00+00:00,15020.0
2024-07-24 11:00:00+00:00,15966.0
2024-07-24 12:00:00+00:00,16138.0
2024-07-24 13:00:00+00:00,16549.0
2024-07-24 14:00:00+00:00,13206.0
2024-07-24 15:00:00+00:00,12030.0
2024-07-24 16:00:00+00:00,8723.0
2024-07-24 17:00:00+00:00,5227.0
2024-07-24 18:00:00+00:00,2018.0
2024-07-24 19:00:00+00:00,249.0
2024-07-24 20:00:00+00:00,0.0
2024-07-24 21:00:00+00:00,0.0
2024-07-24 22:00:00+00:00,0.0
2024-07-24 23:00:00+00:00,0.0
2024-07-25 00:00:00+00:00,0.0
2024-07-25 01:00:00+00:00,0.0
2024-07-25 02:00:00+00:00,0.0
2024-07-25 03:00:00+00:00,0.0
2024-07-25 04:00:00+00:00,233.0
2024-07-25 05:00:00+00:00,1184.0
2024-07-25 06:00:00+00:00,2538.0
2024-07-25 07:00:00+00:00,4517.0
2024-07-25 08:00:00+00:00,6094.0
2024-07-25 09:00:00+00:00,8157.0
2024-07-25 10:00:00+00:00,11616.0
2024-07-25 11:00:00+00:00,12036.0
2024-07-25 12:00:00+00:00,11036.0
2024-07-25 13:00:00+00:00,9768.0
2024-07-25 14:00:00+00:00,6034.0
2024-07-25 15:00:00+00:00,3858.0
2024-07-25 16:00:00+00:00,2403.0
2024-07-25 17:00:00+00:00,1303.0
2024-07-25 18:00:00+00:00,456.0
2024-07-25 19:00:00+00:00,95.0
2024-07-25 20:00:00+00:00,0.0
2024-07-25 21:00:00+00:00,0.0
2024-07-25 22:00:00+00:00,0.0
2024-07-25 23:00:00+00:00,0.0
2024-07-26 00:00:00+00:00,0.0
2024-07-26 01:00:00+00:00,0.0
2024-07-26 02:00:00+00:00,0.0
2024-07-26 03:00:00+00:00,0.0
2024-07-26 04:00:00+00:00,83.0
2024-07-26 05:00:00+00:00,645.0
2024-07-26 06:00:00+00:00,1781.0
2024-07-26 07:00:00+00:00,3219.0
2024-07-26 08:00:00+00:00,6492.0
2024-07-26 09:00:00+00:00,10312.0
2024-07-26 10:00:00+00:00,13399.0
2024-07-26 11:00:00+00:00,14011.0
2024-07-26 12:00:00+00:00,14655.0
2024-07-26 13:00:00+00:00,14110.0
2024-07-26 14:00:00+00:00,12745.0
2024-07-26 15:00:00+00:00,9404.0
2024-07-26 16:00:00+00:00,5699.0
2024-07-26 17:00:00+00:00,2668.0
2024-07-26 18:00:00+00:00,1177.0
2024-07-26 19:00:00+00:00,351.0
2024-07-26 20:00:00+00:00,0.0
2024-07-26 21:00:00+00:00,0.0
2024-07-26 22:00:00+00:00,0.0
2024-07-26 23:00:00+00:00,0.0
2024-07-27 00:00:00+00:00,0.0
2024-07-27 01:00:00+00:00,0.0
2024-07-27 02:00:00+00:00,0.0
2024-07-27 03:00:00+00:00,0.0
2024-07-27 04:00:00+00:00,260.0
2024-07-27 05:00:00+00:00,1576.0
2024-07-27 06:00:00+00:00,3979.0
2024-07-27 07:00:00+00:00,7591.0
2024-07-27 08:00:00+00:00,11074.0
2024-07-27 09:00:00+00:00,12995.0
2024-07-27 10:00:00+00:00,13068.0
2024-07-27 11:00:00+00:00,13299.0
2024-07-27 12:00:00+00:00,13194.0
2024-07-27 13:00:00+00:00,10967.0
2024-07-27 14:00:00+00:00,8353.0
2024-07-27 15:00:00+00:00,8100.0
2024-07-27 16:00:00+00:00,5199.0
2024-07-27 17:00:00+00:00,3257.0
2024-07-27 18:00:00+00:00,1934.0
2024-07-27 19:00:00+00:00,388.0
2024-07-27 20:00:00+00:00,0.0
2024-07-27 21:00:00+00:00,0.0
2024-07-27 22:00:00+00:00,0.0
2024-07-27 23:00:00+00:00,0.0
2024-07-28 00:00:00+00:00,0.0
2024-07-28 01:00:00+00:00,0.0
2024-07-28 02:00:00+00:00,0.0
2024-07-28 03:00:00+00:00,0.0
2024-07-28 04:00:00+00:00,250.0
2024-07-28 05:00:00+00:00,2000.0
2024-07-28 06:00:00+00:00,5109.0
2024-07-28 07:00:00+00:00,8562.0
2024-07-28 08:00:00+00:00,12034.0
2024-07-28 09:00:00+00:00,14955.0
2024-07-28 10:00:00+00:00,17352.0
2024-07-28 11:00:00+00:00,18739.0
2024-07-28 12:00:00+00:00,18393.0
2024-07-28 13:00:00+00:00,17126.0
2024-07-28 14:00:00+00:00,13640.0
2024-07-28 15:00:00+00:00,11633.0
2024-07-28 16:00:00+00:00,8866.0
2024-07-28 17:00:00+00:00,4881.0
2024-07-28 18:00:00+00:00,1911.0
2024-07-28 19:00:00+00:00,278.0
2024-07-28 20:00:00+00:00,0.0
2024-07-28 21:00:00+00:00,0.0
2024-07-28 22:00:00+00:00,0.0
2024-07-28 23:00:00+00:00,0.0
2024-07-29 00:00:00+00:00,0.0
2024-07-29 01:00:00+00:00,0.0
2024-07-29 02:00:00+00:00,0.0
2024-07-29 03:00:00+00:00,0.0
2024-07-29 04:00:00+00:00,262.0
2024-07-29 05:00:00+00:00,2177.0
2024-07-29 06:00:00+00:00,5489.0
2024-07-29 07:00:00+00:00,9449.0
2024-07-29 08:00:00+00:00,13202.0
2024-07-29 09:00:00+00:00,16279.0
2024-07-29 10:00:00+00:00,18482.0
2024-07-29 11:00:00+00:00,19500.0
2024-07-29 12:00:00+00:00,19515.0
2024-07-29 13:00:00+00:00,18269.0
2024-07-29 14:00:00+00:00,16091.0
2024-07-29 15:00:00+00:00,12914.0
2024-07-29 16:00:00+00:00,9172.0
2024-07-29 17:00:00+00:00,5362.0
2024-07-29 18:00:00+00:00,2088.0
2024-07-29 19:00:00+00:00,175.0
2024-07-29 20:00:00+00:00,0.0
2024-07-29 21:00:00+00:00,0.0
2024-07-29 22:00:00+00:00,0.0
2024-07-29 23:00:00+00:00,0.0
2024-07-30 00:00:00+00:00,0.0
2024-07-30 01:00:00+00:00,0.0
2024-07-30 02:00:00+00:00,0.0
2024-07-30 03:00:00+00:00,0.0
2024-07-30 04:00:00+00:00,222.0
2024-07-30 05:00:00+00:00,1819.0
2024-07-30 06:00:00+00:00,4877.0
2024-07-30 07:00:00+00:00,8709.0
2024-07-30 08:00:00+00:00,12429.0
2024-07-30 09:00:00+00:00,15447.0
2024-07-30 10:00:00+00:00,17476.0
2024-07-30 11:00:00+00:00,18454.0
2024-07-30 12:00:00+00:00,18435.0
2024-07-30 13:00:00+00:00,17204.0
2024-07-30 14:00:00+00:00,15000.0
2024-07-30 15:00:00+00:00,12351.0
2024-07-30 16:00:00+00:00,8666.0
2024-07-30 17:00:00+00:00,4998.0
2024-07-30 18:00:00+00:00,1740.0
2024-07-30 19:00:00+00:00,103.0
2024-07-30 20:00:00+00:00,0.0
2024-07-30 21:00:00+00:00,0.0
2024-07-30 22:00:00+00:00,0.0
2024-07-30 23:00:00+00:00,0.0
2024-07-31 00:00:00+00:00,0.0
2024-07-31 01:00:00+00:00,0.0
2024-07-31 02:00:00+00:00,0.0
2024-07-31 03:00:00+00:00,0.0
2024-07-31 04:00:00+00:00,181.0
2024-07-31 05:00:00+00:00,1256.0
2024-07-31 06:00:00+00:00,3378.0
2024-07-31 07:00:00+00:00,6266.0
2024-07-31 08:00:00+00:00,9379.0
2024-07-31 09:00:00+00:00,10737.0
2024-07-31 10:00:00+00:00,12162.0
2024-07-31 11:00:00+00:00,13136.0
2024-07-31 12:00:00+00:00,12388.0
2024-07-31 13:00:00+00:00,12749.0
2024-07-31 14:00:00+00:00,12402.0
2024-07-31 15:00:00+00:00,9965.0
2024-07-31 16:00:00+00:00,7924.0
2024-07-31 17:00:00+00:00,4696.0
2024-07-31 18:00:00+00:00,1834.0
2024-07-31 19:00:00+00:00,175.0
2024-07-31 20:00:00+00:00,0.0
2024-07-31 21:00:00+00:00,0.0
2024-07-31 22:00:00+00:00,0.0
2024-07-31 23:00:00+00:00,0.0
2024-08-01 00:00:00+00:00,0.0
2024-08-01 01:00:00+00:00,0.0
2024-08-01 02:00:00+00:00,0.0
2024-08-01 03:00:00+00:00,0.0
2024-08-01 04:00:00+00:00,246.0
2024-08-01 05:00:00+00:00,1427.0
2024-08-01 06:00:00+00:00,2659.0
2024-08-01 07:00:00+00:00,4091.0
2024-08-01 08:00:00+00:00,6045.0
2024-08-01 09:00:00+00:00,7463.0
2024-08-01 10:00:00+00:00,7870.0
2024-08-01 11:00:00+00:00,7981.0
2024-08-01 12:00:00+00:00,6940.0
2024-08-01 13:00:00+00:00,6110.0
2024-08-01 14:00:00+00:00,5528.0
2024-08-01 15:00:00+00:00,5074.0
2024-08-01 16:00:00+00:00,3831.0
2024-08-01 17:00:00+00:00,2560.0
2024-08-01 18:00:00+00:00,1161.0
2024-08-01 19:00:00+00:00,198.0
2024-08-01 20:00:00+00:00,0.0
2024-08-01 21:00:00+00:00,0.0
2024-08-01 22:00:00+00:00,0.0
2024-08-01 23:00:00+00:00,0.0
2024-08-02 00:00:00+00:00,0.0
2024-08-02 01:00:00+00:00,0.0
2024-08-02 02:00:00+00:00,0.0
2024-08-02 03:00:00+00:00,0.0
2024-08-02 04:00:00+00:00,127.0
2024-08-02 05:00:00+00:00,1225.0
2024-08-02 06:00:00+00:00,3781.0
2024-08-02 07:00:00+00:00,7412.0
2024-08-02 08:00:00+00:00,10978.0
2024-08-02 09:00:00+00:00,13199.0
2024-08-02 10:00:00+00:00,14234.0
2024-08-02 11:00:00+00:00,16650.0
2024-08-02 12:00:00+00:00,16447.0
2024-08-02 13:00:00+00:00,16070.0
2024-08-02 14:00:00+00:00,14122.0
2024-08-02 15:00:00+00:00,11031.0
2024-08-02 16:00:00+00:00,7933.0
2024-08-02 17:00:00+00:00,4481.0
2024-08-02 18:00:00+00:00,1529.0
2024-08-02 19:00:00+00:00,78.0
2024-08-02 20:00:00+00:00,0.0
2024-08-02 21:00:00+00:00,0.0
2024-08-02 22:00:00+00:00,0.0
2024-08-02 23:00:00+00:00,0.0
2024-08-03 00:00:00+00:00,0.0
2024-08-03 01:00:00+00:00,0.0
2024-08-03 02:00:00+00:00,0.0
2024-08-03 03:00:00+00:00,0.0
2024-08-03 04:00:00+00:00,138.0
2024-08-03 05:00:00+00:00,1096.0
2024-08-03 06:00:00+00:00,3156.0
2024-08-03 07:00:00+00:00,6017.0
2024-08-03 08:00:00+00:00,8489.0
2024-08-03 09:00:00+00:00,10824.0
2024-08-03 10:00:00+00:00,11807.0
2024-08-03 11:00:00+00:00,11404.0
2024-08-03 12:00:00+00:00,11479.0
2024-08-03 13:00:00+00:00,9715.0
2024-08-03 14:00:00+00:00,8065.0
2024-08-03 15:00:00+00:00,4298.0
2024-08-03 16:00:00+00:00,2941.0
2024-08-03 17:00:00+00:00,1947.0
2024-08-03 18:00:00+00:00,956.0
2024-08-03 19:00:00+00:00,88.0
2024-08-03 20:00:00+00:00,0.0
2024-08-03 21:00:00+00:00,0.0
2024-08-03 22:00:00+00:00,0.0
2024-08-03 23:00:00+00:00,0.0
2024-08-04 00:00:00+00:00,0.0
2024-08-04 01:00:00+00:00,0.0
2024-08-04 02:00:00+00:00,0.0
2024-08-04 03:00:00+00:00,0.0
2024-08-04 04:00:00+00:00,144.0
2024-08-04 05:00:00+00:00,1303.0
2024-08-04 06:00:00+00:00,3664.0
2024-08-04 07:00:00+00:00,6349.0
2024-08-04 08:00:00+00:00,8924.0
2024-08-04 09:00:00+00:00,10094.0
2024-08-04 10:00:00+00:00,10513.0
2024-08-04 11:00:00+00:00,9432.0
2024-08-04 12:00:00+00:00,10024.0
2024-08-04 13:00:00+00:00,9868.0
2024-08-04 14:00:00+00:00,8984.0
2024-08-04 15:00:00+00:00,7123.0
2024-08-04 16:00:00+00:00,6524.0
2024-08-04 17:00:00+00:00,3852.0
2024-08-04 18:00:00+00:00,939.0
2024-08-04 19:00:00+00:00,67.0
2024-08-04 20:00:00+00:00,0.0
2024-08-04 21:00:00+00:00,0.0
2024-08-04 22:00:00+00:00,0.0
2024-08-04 23:00:00+00:00,0.0
2024-08-05 00:00:00+00:00,0.0
2024-08-05 01:00:00+00:00,0.0
2024-08-05 02:00:00+00:00,0.0
2024-08-05 03:00:00+00:00,0.0
2024-08-05 04:00:00+00:00,92.0
2024-08-05 05:00:00+00:00,1093.0
2024-08-05 06:00:00+00:00,3261.0
2024-08-05 07:00:00+00:00,6534.0
2024-08-05 08:00:00+00:00,9592.0
2024-08-05 09:00:00+00:00,13152.0
2024-08-05 10:00:00+00:00,15262.0
2024-08-05 11:00:00+00:00,17553.0
2024-08-05 12:00:00+00:00,17644.0
2024-08-05 13:00:00+00:00,17082.0
2024-08-05 14:00:00+00:00,14694.0
2024-08-05 15:00:00+00:00,11993.0
2024-08-05 16:00:00+00:00,8166.0
2024-08-05 17:00:00+00:00,4666.0
2024-08-05 18:00:00+00:00,1606.0
2024-08-05 19:00:00+00:00,55.0
2024-08-05 20:00:00+00:00,0.0
2024-08-05 21:00:00+00:00,0.0
2024-08-05 22:00:00+00:00,0.0
2024-08-05 23:00:00+00:00,0.0
2024-08-06 00:00:00+00:00,0.0
2024-08-06 01:00:00+00:00,0.0
2024-08-06 02:00:00+00:00,0.0
2024-08-06 03:00:00+00:00,0.0
2024-08-06 04:00:00+00:00,122.0
2024-08-06 05:00:00+00:00,1593.0
2024-08-06 06:00:00+00:00,4771.0
2024-08-06 07:00:00+00:00,8702.0
2024-08-06 08:00:00+00:00,12298.0
2024-08-06 09:00:00+00:00,15006.0
2024-08-06 10:00:00+00:00,17064.0
2024-08-06 11:00:00+00:00,17969.0
2024-08-06 12:00:00+00:00,17493.0
2024-08-06 13:00:00+00:00,16121.0
2024-08-06 14:00:00+00:00,14127.0
2024-08-06 15:00:00+00:00,11054.0
2024-08-06 16:00:00+00:00,7316.0
2024-08-06 17:00:00+00:00,3815.0
2024-08-06 18:00:00+00:00,1354.0
2024-08-06 19:00:00+00:00,124.0
2024-08-06 20:00:00+00:00,0.0
2024-08-06 21:00:00+00:00,0.0
2024-08-06 22:00:00+00:00,0.0
2024-08-06 23:00:00+00:00,0.0
2024-08-07 00:00:00+00:00,0.0
2024-08-07 01:00:00+00:00,0.0
2024-08-07 02:00:00+00:00,0.0
2024-08-07 03:00:00+00:00,0.0
2024-08-07 04:00:00+00:00,64.0
2024-08-07 05:00:00+00:00,625.0
2024-08-07 06:00:00+00:00,1785.0
2024-08-07 07:00:00+00:00,3632.0
2024-08-07 08:00:00+00:00,5991.0
2024-08-07 09:00:00+00:00,7373.0
2024-08-07 10:00:00+00:00,9802.0
2024-08-07 11:00:00+00:00,11226.0
2024-08-07 12:00:00+00:00,12977.0
2024-08-07 13:00:00+00:00,14037.0
2024-08-07 14:00:00+00:00,12505.0
2024-08-07 15:00:00+00:00,10756.0
2024-08-07 16:00:00+00:00,7680.0
2024-08-07 17:00:00+00:00,4125.0
2024-08-07 18:00:00+00:00,1192.0
2024-08-07 19:00:00+00:00,31.0
2024-08-07 20:00:00+00:00,0.0
2024-08-07 21:00:00+00:00,0.0
2024-08-07 22:00:00+00:00,0.0
2024-08-07 23:00:00+00:00,0.0
2024-08-08 00:00:00+00:00,0.0
2024-08-08 01:00:00+00:00,0.0
2024-08-08 02:00:00+00:00,0.0
2024-08-08 03:00:00+00:00,0.0
2024-08-08 04:00:00+00:00,44.0
2024-08-08 05:00:00+00:00,895.0
2024-08-08 06:00:00+00:00,3557.0
2024-08-08 07:00:00+00:00,7846.0
2024-08-08 08:00:00+00:00,10559.0
2024-08-08 09:00:00+00:00,12254.0
2024-08-08 10:00:00+00:00,15026.0
2024-08-08 11:00:00+00:00,16777.0
2024-08-08 12:00:00+00:00,16522.0
2024-08-08 13:00:00+00:00,15733.0
2024-08-08 14:00:00+00:00,14513.0
2024-08-08 15:00:00+00:00,10907.0
2024-08-08 16:00:00+00:00,6509.0
2024-08-08 17:00:00+00:00,3670.0
2024-08-08 18:00:00+00:00,1217.0
2024-08-08 19:00:00+00:00,23.0
2024-08-08 20:00:00+00:00,0.0
2024-08-08 21:00:00+00:00,0.0
2024-08-08 22:00:00+00:00,0.0
2024-08-08 23:00:00+00:00,0.0
2024-08-09 00:00:00+00:00,0.0
2024-08-09 01:00:00+00:00,0.0
2024-08-09 02:00:00+00:00,0.0
2024-08-09 03:00:00+00:00,0.0
2024-08-09 04:00:00+00:00,23.0
2024-08-09 05:00:00+00:00,291.0
2024-08-09 06:00:00+00:00,880.0
2024-08-09 07:00:00+00:00,1765.0
2024-08-09 08:00:00+00:00,2708.0
2024-08-09 09:00:00+00:00,3606.0
2024-08-09 10:00:00+00:00,5768.0
2024-08-09 11:00:00+00:00,8217.0
2024-08-09 12:00:00+00:00,10374.0
2024-08-09 13:00:00+00:00,12683.0
2024-08-09 14:00:00+00:00,12082.0
2024-08-09 15:00:00+00:00,10067.0
2024-08-09 16:00:00+00:00,7291.0
2024-08-09 17:00:00+00:00,4215.0
2024-08-09 18:00:00+00:00,1280.0
2024-08-09 19:00:00+00:00,33.0
2024-08-09 20:00:00+00:00,0.0
2024-08-09 21:00:00+00:00,0.0
2024-08-09 22:00:00+00:00,0.0
2024-08-09 23:00:00+00:00,0.0
2024-08-10 00:00:00+00:00,0.0
2024-08-10 01:00:00+00:00,0.0
2024-08-10 02:00:00+00:00,0.0
2024-08-10 03:00:00+00:00,0.0
2024-08-10 04:00:00+00:00,69.0
2024-08-10 05:00:00+00:00,1180.0
2024-08-10 06:00:00+00:00,3779.0
2024-08-10 07:00:00+00:00,7374.0
2024-08-10 08:00:00+00:00,10621.0
2024-08-10 09:00:00+00:00,13939.0
2024-08-10 10:00:00+00:00,16674.0
2024-08-10 11:00:00+00:00,18544.0
2024-08-10 12:00:00+00:00,17949.0
2024-08-10 13:00:00+00:00,16019.0
2024-08-10 14:00:00+00:00,12228.0
2024-08-10 15:00:00+00:00,7985.0
2024-08-10 16:00:00+00:00,4115.0
2024-08-10 17:00:00+00:00,1954.0
2024-08-10 18:00:00+00:00,627.0
2024-08-10 19:00:00+00:00,20.0
2024-08-10 20:00:00+00:00,0.0
2024-08-10 21:00:00+00:00,0.0
2024-08-10 22:00:00+00:00,0.0
2024-08-10 23:00:00+00:00,0.0
2024-08-11 00:00:00+00:00,0.0
2024-08-11 01:00:00+00:00,0.0
2024-08-11 02:00:00+00:00,0.0
2024-08-11 03:00:00+00:00,0.0
2024-08-11 04:00:00+00:00,53.0
2024-08-11 05:00:00+00:00,1269.0
2024-08-11 06:00:00+00:00,4344.0
2024-08-11 07:00:00+00:00,8351.0
2024-08-11 08:00:00+00:00,11430.0
2024-08-11 09:00:00+00:00,14487.0
2024-08-11 10:00:00+00:00,17291.0
2024-08-11 11:00:00+00:00,18188.0
2024-08-11 12:00:00+00:00,17214.0
2024-08-11 13:00:00+00:00,15903.0
2024-08-11 14:00:00+00:00,14183.0
2024-08-11 15:00:00+00:00,11489.0
2024-08-11 16:00:00+00:00,8057.0
2024-08-11 17:00:00+00:00,4437.0
2024-08-11 18:00:00+00:00,1349.0
2024-08-11 19:00:00+00:00,20.0
2024-08-11 20:00:00+00:00,0.0
2024-08-11 21:00:00+00:00,0.0
2024-08-11 22:00:00+00:00,0.0
2024-08-11 23:00:00+00:00,0.0
2024-08-12 00:00:00+00:00,0.0
2024-08-12 01:00:00+00:00,0.0
2024-08-12 02:00:00+00:00,0.0
2024-08-12 03:00:00+00:00,0.0
2024-08-12 04:00:00+00:00,69.0
2024-08-12 05:00:00+00:00,1325.0
2024-08-12 06:00:00+00:00,4534.0
2024-08-12 07:00:00+00:00,8519.0
2024-08-12 08:00:00+00:00,12256.0
2024-08-12 09:00:00+00:00,15305.0
2024-08-12 10:00:00+00:00,17550.0
2024-08-12 11:00:00+00:00,18688.0
2024-08-12 12:00:00+00:00,18564.0
2024-08-12 13:00:00+00:00,17200.0
2024-08-12 14:00:00+00:00,14927.0
2024-08-12 15:00:00+00:00,11753.0
2024-08-12 16:00:00+00:00,7869.0
2024-08-12 17:00:00+00:00,4060.0
2024-08-12 18:00:00+00:00,1017.0
2024-08-12 19:00:00+00:00,5.0
2024-08-12 20:00:00+00:00,0.0
2024-08-12 21:00:00+00:00,0.0
2024-08-12 22:00:00+00:00,0.0
2024-08-12 23:00:00+00:00,0.0
2024-08-13 00:00:00+00:00,0.0
2024-08-13 01:00:00+00:00,0.0
2024-08-13 02:00:00+00:00,0.0
2024-08-13 03:00:00+00:00,0.0
2024-08-13 04:00:00+00:00,52.0
2024-08-13 05:00:00+00:00,1014.0
2024-08-13 06:00:00+00:00,3451.0
2024-08-13 07:00:00+00:00,6648.0
2024-08-13 08:00:00+00:00,10168.0
2024-08-13 09:00:00+00:00,12446.0
2024-08-13 10:00:00+00:00,14051.0
2024-08-13 11:00:00+00:00,15087.0
2024-08-13 12:00:00+00:00,15421.0
2024-08-13 13:00:00+00:00,14011.0
2024-08-13 14:00:00+00:00,12154.0
2024-08-13 15:00:00+00:00,9656.0
2024-08-13 16:00:00+00:00,6835.0
2024-08-13 17:00:00+00:00,3376.0
2024-08-13 18:00:00+00:00,971.0
2024-08-13 19:00:00+00:00,15.0
2024-08-13 20:00:00+00:00,0.0
2024-08-13 21:00:00+00:00,0.0
2024-08-13 22:00:00+00:00,0.0
2024-08-13 23:00:00+00:00,0.0
2024-08-14 00:00:00+00:00,0.0
2024-08-14 01:00:00+00:00,0.0
2024-08-14 02:00:00+00:00,0.0
2024-08-14 03:00:00+00:00,0.0
2024-08-14 04:00:00+00:00,26.0
2024-08-14 05:00:00+00:00,699.0
2024-08-14 06:00:00+00:00,2424.0
2024-08-14 07:00:00+00:00,5468.0
2024-08-14 08:00:00+00:00,7829.0
2024-08-14 09:00:00+00:00,8924.0
2024-08-14 10:00:00+00:00,8188.0
2024-08-14 11:00:00+00:00,6626.0
2024-08-14 12:00:00+00:00,4689.0
2024-08-14 13:00:00+00:00,4140.0
2024-08-14 14:00:00+00:00,4126.0
2024-08-14 15:00:00+00:00,3555.0
2024-08-14 16:00:00+00:00,2844.0
2024-08-14 17:00:00+00:00,1727.0
2024-08-14 18:00:00+00:00,562.0
2024-08-14 19:00:00+00:00,20.0
2024-08-14 20:00:00+00:00,0.0
2024-08-14 21:00:00+00:00,0.0
2024-08-14 22:00:00+00:00,0.0
2024-08-14 23:00:00+00:00,0.0
2024-08-15 00:00:00+00:00,0.0
2024-08-15 01:00:00+00:00,0.0
2024-08-15 02:00:00+00:00,0.0
2024-08-15 03:00:00+00:00,0.0
2024-08-15 04:00:00+00:00,31.0
2024-08-15 05:00:00+00:00,772.0
2024-08-15 06:00:00+00:00,2766.0
2024-08-15 07:00:00+00:00,5644.0
2024-08-15 08:00:00+00:00,9553.0
2024-08-15 09:00:00+00:00,12457.0
2024-08-15 10:00:00+00:00,14645.0
2024-08-15 11:00:00+00:00,14832.0
2024-08-15 12:00:00+00:00,13886.0
2024-08-15 13:00:00+00:00,13178.0
2024-08-15 14:00:00+00:00,12207.0
2024-08-15 15:00:00+00:00,10346.0
2024-08-15 16:00:00+00:00,7013.0
2024-08-15 17:00:00+00:00,3667.0
2024-08-15 18:00:00+00:00,928.0
2024-08-15 19:00:00+00:00,3.0
2024-08-15 20:00:00+00:00,0.0
2024-08-15 21:00:00+00:00,0.0
2024-08-15 22:00:00+00:00,0.0
2024-08-15 23:00:00+00:00,0.0
2024-08-16 00:00:00+00:00,0.0
2024-08-16 01:00:00+00:00,0.0
2024-08-16 02:00:00+00:00,0.0
2024-08-16 03:00:00+00:00,0.0
2024-08-16 04:00:00+00:00,20.0
2024-08-16 05:00:00+00:00,430.0
2024-08-16 06:00:00+00:00,1362.0
2024-08-16 07:00:00+00:00,2340.0
2024-08-16 08:00:00+00:00,3387.0
2024-08-16 09:00:00+00:00,5389.0
2024-08-16 10:00:00+00:00,6933.0
2024-08-16 11:00:00+00:00,6631.0
2024-08-16 12:00:00+00:00,7936.0
2024-08-16 13:00:00+00:00,8256.0
2024-08-16 14:00:00+00:00,7797.0
2024-08-16 15:00:00+00:00,5180.0
2024-08-16 16:00:00+00:00,3390.0
2024-08-16 17:00:00+00:00,1330.0
2024-08-16 18:00:00+00:00,457.0
2024-08-16 19:00:00+00:00,0.0
2024-08-16 20:00:00+00:00,0.0
2024-08-16 21:00:00+00:00,0.0
2024-08-16 22:00:00+00:00,0.0
2024-08-16 23:00:00+00:00,0.0
2024-08-17 00:00:00+00:00,0.0
2024-08-17 01:00:00+00:00,0.0
2024-08-17 02:00:00+00:00,0.0
2024-08-17 03:00:00+00:00,0.0
2024-08-17 04:00:00+00:00,21.0
2024-08-17 05:00:00+00:00,804.0
2024-08-17 06:00:00+00:00,3189.0
2024-08-17 07:00:00+00:00,6847.0
2024-08-17 08:00:00+00:00,10854.0
2024-08-17 09:00:00+00:00,13898.0
2024-08-17 10:00:00+00:00,16088.0
2024-08-17 11:00:00+00:00,16799.0
2024-08-17 12:00:00+00:00,16772.0
2024-08-17 13:00:00+00:00,15614.0
2024-08-17 14:00:00+00:00,13251.0
2024-08-17 15:00:00+00:00,10235.0
2024-08-17 16:00:00+00:00,6169.0
2024-08-17 17:00:00+00:00,3262.0
2024-08-17 18:00:00+00:00,838.0
2024-08-17 19:00:00+00:00,0.0
2024-08-17 20:00:00+00:00,0.0
2024-08-17 21:00:00+00:00,0.0
2024-08-17 22:00:00+00:00,0.0
2024-08-17 23:00:00+00:00,0.0
2024-08-18 00:00:00+00:00,0.0
2024-08-18 01:00:00+00:00,0.0
2024-08-18 02:00:00+00:00,0.0
2024-08-18 03:00:00+00:00,0.0
2024-08-18 04:00:00+00:00,8.0
2024-08-18 05:00:00+00:00,492.0
2024-08-18 06:00:00+00:00,2322.0
2024-08-18 07:00:00+00:00,5288.0
2024-08-18 08:00:00+00:00,7945.0
2024-08-18 09:00:00+00:00,11032.0
2024-08-18 10:00:00+00:00,11870.0
2024-08-18 11:00:00+00:00,12620.0
2024-08-18 12:00:00+00:00,13168.0
2024-08-18 13:00:00+00:00,11598.0
2024-08-18 14:00:00+00:00,10560.0
2024-08-18 15:00:00+00:00,8072.0
2024-08-18 16:00:00+00:00,5618.0
2024-08-18 17:00:00+00:00,2968.0
2024-08-18 18:00:00+00:00,610.0
2024-08-18 19:00:00+00:00,0.0
2024-08-18 20:00:00+00:00,0.0
2024-08-18 21:00:00+00:00,0.0
2024-08-18 22:00:00+00:00,0.0
2024-08-18 23:00:00+00:00,0.0
2024-08-19 00:00:00+00:00,0.0
2024-08-19 01:00:00+00:00,0.0
2024-08-19 02:00:00+00:00,0.0
2024-08-19 03:00:00+00:00,0.0
2024-08-19 04:00:00+00:00,22.0
2024-08-19 05:00:00+00:00,830.0
2024-08-19 06:00:00+00:00,3206.0
2024-08-19 07:00:00+00:00,6793.0
2024-08-19 08:00:00+00:00,10648.0
2024-08-19 09:00:00+00:00,13625.0
2024-08-19 10:00:00+00:00,15130.0
2024-08-19 11:00:00+00:00,16102.0
2024-08-19 12:00:00+00:00,15476.0
2024-08-19 13:00:00+00:00,14387.0
2024-08-19 14:00:00+00:00,12263.0
2024-08-19 15:00:00+00:00,8542.0
2024-08-19 16:00:00+00:00,5377.0
2024-08-19 17:00:00+00:00,2706.0
2024-08-19 18:00:00+00:00,614.0
2024-08-19 19:00:00+00:00,0.0
2024-08-19 20:00:00+00:00,0.0
2024-08-19 21:00:00+00:00,0.0
2024-08-19 22:00:00+00:00,0.0
2024-08-19 23:00:00+00:00,0.0
2024-08-20 00:00:00+00:00,0.0
2024-08-20 01:00:00+00:00,0.0
2024-08-20 02:00:00+00:00,0.0
2024-08-20 03:00:00+00:00,0.0
2024-08-20 04:00:00+00:00,9.0
2024-08-20 05:00:00+00:00,594.0
2024-08-20 06:00:00+00:00,2662.0
2024-08-20 07:00:00+00:00,5871.0
2024-08-20 08:00:00+00:00,9157.0
2024-08-20 09:00:00+00:00,11556.0
2024-08-20 10:00:00+00:00,13336.0
2024-08-20 11:00:00+00:00,13020.0
2024-08-20 12:00:00+00:00,11332.0
2024-08-20 13:00:00+00:00,8816.0
2024-08-20 14:00:00+00:00,4747.0
2024-08-20 15:00:00+00:00,2796.0
2024-08-20 16:00:00+00:00,1755.0
2024-08-20 17:00:00+00:00,528.0
2024-08-20 18:00:00+00:00,100.0
2024-08-20 19:00:00+00:00,0.0
2024-08-20 20:00:00+00:00,0.0
2024-08-20 21:00:00+00:00,0.0
2024-08-20 22:00:00+00:00,0.0
2024-08-20 23:00:00+00:00,0.0
2024-08-21 00:00:00+00:00,0.0
2024-08-21 01:00:00+00:00,0.0
2024-08-21 02:00:00+00:00,0.0
2024-08-21 03:00:00+00:00,0.0
2024-08-21 04:00:00+00:00,10.0
2024-08-21 05:00:00+00:00,763.0
2024-08-21 06:00:00+00:00,3558.0
2024-08-21 07:00:00+00:00,7515.0
2024-08-21 08:00:00+00:00,9537.0
2024-08-21 09:00:00+00:00,11727.0
2024-08-21 10:00:00+00:00,12421.0
2024-08-21 11:00:00+00:00,12877.0
2024-08-21 12:00:00+00:00,13941.0
2024-08-21 13:00:00+00:00,14548.0
2024-08-21 14:00:00+00:00,11146.0
2024-08-21 15:00:00+00:00,9523.0
2024-08-21 16:00:00+00:00,6654.0
2024-08-21 17:00:00+00:00,3249.0
2024-08-21 18:00:00+00:00,696.0
2024-08-21 19:00:00+00:00,0.0
2024-08-21 20:00:00+00:00,0.0
2024-08-21 21:00:00+00:00,0.0
2024-08-21 22:00:00+00:00,0.0
2024-08-21 23:00:00+00:00,0.0
2024-08-22 00:00:00+00:00,0.0
2024-08-22 01:00:00+00:00,0.0
2024-08-22 02:00:00+00:00,0.0
2024-08-22 03:00:00+00:00,0.0
2024-08-22 04:00:00+00:00,6.0
2024-08-22 05:00:00+00:00,449.0
2024-08-22 06:00:00+00:00,2305.0
2024-08-22 07:00:00+00:00,5813.0
2024-08-22 08:00:00+00:00,9909.0
2024-08-22 09:00:00+00:00,12242.0
2024-08-22 10:00:00+00:00,11687.0
2024-08-22 11:00:00+00:00,12675.0
2024-08-22 12:00:00+00:00,12445.0
2024-08-22 13:00:00+00:00,11861.0
2024-08-22 14:00:00+00:00,7669.0
2024-08-22 15:00:00+00:00,4742.0
2024-08-22 16:00:00+00:00,2591.0
2024-08-22 17:00:00+00:00,929.0
2024-08-22 18:00:00+00:00,330.0
2024-08-22 19:00:00+00:00,0.0
2024-08-22 20:00:00+00:00,0.0
2024-08-22 21:00:00+00:00,0.0
2024-08-22 22:00:00+00:00,0.0
2024-08-22 23:00:00+00:00,0.0
2024-08-23 00:00:00+00:00,0.0
2024-08-23 01:00:00+00:00,0.0
2024-08-23 02:00:00+00:00,0.0
2024-08-23 03:00:00+00:00,0.0
2024-08-23 04:00:00+00:00,6.0
2024-08-23 05:00:00+00:00,457.0
2024-08-23 06:00:00+00:00,1983.0
2024-08-23 07:00:00+00:00,4566.0
2024-08-23 08:00:00+00:00,6714.0
2024-08-23 09:00:00+00:00,6831.0
2024-08-23 10:00:00+00:00,5331.0
2024-08-23 11:00:00+00:00,5735.0
2024-08-23 12:00:00+00:00,8549.0
2024-08-23 13:00:00+00:00,10011.0
2024-08-23 14:00:00+00:00,10396.0
2024-08-23 15:00:00+00:00,9218.0
2024-08-23 16:00:00+00:00,6192.0
2024-08-23 17:00:00+00:00,2532.0
2024-08-23 18:00:00+00:00,426.0
2024-08-23 19:00:00+00:00,0.0
2024-08-23 20:00:00+00:00,0.0
2024-08-23 21:00:00+00:00,0.0
2024-08-23 22:00:00+00:00,0.0
2024-08-23 23:00:00+00:00,0.0
2024-08-24 00:00:00+00:00,0.0
2024-08-24 01:00:00+00:00,0.0
2024-08-24 02:00:00+00:00,0.0
2024-08-24 03:00:00+00:00,0.0
2024-08-24 04:00:00+00:00,8.0
2024-08-24 05:00:00+00:00,280.0
2024-08-24 06:00:00+00:00,1198.0
2024-08-24 07:00:00+00:00,3050.0
2024-08-24 08:00:00+00:00,5625.0
2024-08-24 09:00:00+00:00,7578.0
2024-08-24 10:00:00+00:00,9571.0
2024-08-24 11:00:00+00:00,11155.0
2024-08-24 12:00:00+00:00,13645.0
2024-08-24 13:00:00+00:00,12354.0
2024-08-24 14:00:00+00:00,9011.0
2024-08-24 15:00:00+00:00,5511.0
2024-08-24 16:00:00+00:00,2577.0
2024-08-24 17:00:00+00:00,679.0
2024-08-24 18:00:00+00:00,144.0
2024-08-24 19:00:00+00:00,0.0
2024-08-24 20:00:00+00:00,0.0
2024-08-24 21:00:00+00:00,0.0
2024-08-24 22:00:00+00:00,0.0
2024-08-24 23:00:00+00:00,0.0
2024-08-25 00:00:00+00:00,0.0
2024-08-25 01:00:00+00:00,0.0
2024-08-25 02:00:00+00:00,0.0
2024-08-25 03:00:00+00:00,0.0
2024-08-25 04:00:00+00:00,3.0
2024-08-25 05:00:00+00:00,649.0
2024-08-25 06:00:00+00:00,3463.0
2024-08-25 07:00:00+00:00,7455.0
2024-08-25 08:00:00+00:00,10942.0
2024-08-25 09:00:00+00:00,13014.0
2024-08-25 10:00:00+00:00,14886.0
2024-08-25 11:00:00+00:00,15077.0
2024-08-25 12:00:00+00:00,14151.0
2024-08-25 13:00:00+00:00,14337.0
2024-08-25 14:00:00+00:00,11499.0
2024-08-25 15:00:00+00:00,8262.0
2024-08-25 16:00:00+00:00,5836.0
2024-08-25 17:00:00+00:00,2350.0
2024-08-25 18:00:00+00:00,468.0
2024-08-25 19:00:00+00:00,0.0
2024-08-25 20:00:00+00:00,0.0
2024-08-25 21:00:00+00:00,0.0
2024-08-25 22:00:00+00:00,0.0
2024-08-25 23:00:00+00:00,0.0
2024-08-26 00:00:00+00:00,0.0
2024-08-26 01:00:00+00:00,0.0
2024-08-26 02:00:00+00:00,0.0
2024-08-26 03:00:00+00:00,0.0
2024-08-26 04:00:00+00:00,4.0
2024-08-26 05:00:00+00:00,481.0
2024-08-26 06:00:00+00:00,2389.0
2024-08-26 07:00:00+00:00,5589.0
2024-08-26 08:00:00+00:00,8595.0
2024-08-26 09:00:00+00:00,11325.0
2024-08-26 10:00:00+00:00,12810.0
2024-08-26 11:00:00+00:00,12017.0
2024-08-26 12:00:00+00:00,12736.0
2024-08-26 13:00:00+00:00,11313.0
2024-08-26 14:00:00+00:00,9458.0
2024-08-26 15:00:00+00:00,7934.0
2024-08-26 16:00:00+00:00,5463.0
2024-08-26 17:00:00+00:00,2587.0
2024-08-26 18:00:00+00:00,213.0
2024-08-26 19:00:00+00:00,0.0
2024-08-26 20:00:00+00:00,0.0
2024-08-26 21:00:00+00:00,0.0
2024-08-26 22:00:00+00:00,0.0
2024-08-26 23:00:00+00:00,0.0
2024-08-27 00:00:00+00:00,0.0
2024-08-27 01:00:00+00:00,0.0
2024-08-27 02:00:00+00:00,0.0
2024-08-27 03:00:00+00:00,0.0
2024-08-27 04:00:00+00:00,6.0
2024-08-27 05:00:00+00:00,669.0
2024-08-27 06:00:00+00:00,3324.0
2024-08-27 07:00:00+00:00,7192.0
2024-08-27 08:00:00+00:00,11099.0
2024-08-27 09:00:00+00:00,14191.0
2024-08-27 10:00:00+00:00,16629.0
2024-08-27 11:00:00+00:00,17008.0
2024-08-27 12:00:00+00:00,17095.0
2024-08-27 13:00:00+00:00,15601.0
2024-08-27 14:00:00+00:00,13845.0
2024-08-27 15:00:00+00:00,10144.0
2024-08-27 16:00:00+00:00,6619.0
2024-08-27 17:00:00+00:00,2865.0
2024-08-27 18:00:00+00:00,304.0
2024-08-27 19:00:00+00:00,0.0
2024-08-27 20:00:00+00:00,0.0
2024-08-27 21:00:00+00:00,0.0
2024-08-27 22:00:00+00:00,0.0
2024-08-27 23:00:00+00:00,0.0
2024-08-28 00:00:00+00:00,0.0
2024-08-28 01:00:00+00:00,0.0
2024-08-28 02:00:00+00:00,0.0
2024-08-28 03:00:00+00:00,0.0
2024-08-28 04:00:00+00:00,50.0
2024-08-28 05:00:00+00:00,1004.0
2024-08-28 06:00:00+00:00,3362.0
2024-08-28 07:00:00+00:00,6697.0
2024-08-28 08:00:00+00:00,10062.0
2024-08-28 09:00:00+00:00,12623.0
2024-08-28 10:00:00+00:00,14649.0
2024-08-28 11:00:00+00:00,18321.0
2024-08-28 12:00:00+00:00,17604.0
2024-08-28 13:00:00+00:00,16140.0
2024-08-28 14:00:00+00:00,13570.0
2024-08-28 15:00:00+00:00,10187.0
2024-08-28 16:00:00+00:00,6442.0
2024-08-28 17:00:00+00:00,2423.0
2024-08-28 18:00:00+00:00,207.0
2024-08-28 19:00:00+00:00,0.0
2024-08-28 20:00:00+00:00,0.0
2024-08-28 21:00:00+00:00,0.0
2024-08-28 22:00:00+00:00,0.0
2024-08-28 23:00:00+00:00,0.0
2024-08-29 00:00:00+00:00,0.0
2024-08-29 01:00:00+00:00,0.0
2024-08-29 02:00:00+00:00,0.0
2024-08-29 03:00:00+00:00,0.0
2024-08-29 04:00:00+00:00,2.0
2024-08-29 05:00:00+00:00,481.0
2024-08-29 06:00:00+00:00,2954.0
2024-08-29 07:00:00+00:00,6559.0
2024-08-29 08:00:00+00:00,10203.0
2024-08-29 09:00:00+00:00,12798.0
2024-08-29 10:00:00+00:00,14681.0
2024-08-29 11:00:00+00:00,15447.0
2024-08-29 12:00:00+00:00,15512.0
2024-08-29 13:00:00+00:00,12210.0
2024-08-29 14:00:00+00:00,9951.0
2024-08-29 15:00:00+00:00,8014.0
2024-08-29 16:00:00+00:00,4674.0
2024-08-29 17:00:00+00:00,2131.0
2024-08-29 18:00:00+00:00,329.0
2024-08-29 19:00:00+00:00,0.0
2024-08-29 20:00:00+00:00,0.0
2024-08-29 21:00:00+00:00,0.0
2024-08-29 22:00:00+00:00,0.0
2024-08-29 23:00:00+00:00,0.0
2024-08-30 00:00:00+00:00,0.0
2024-08-30 01:00:00+00:00,0.0
2024-08-30 02:00:00+00:00,0.0
2024-08-30 03:00:00+00:00,0.0
2024-08-30 04:00:00+00:00,1.0
2024-08-30 05:00:00+00:00,245.0
2024-08-30 06:00:00+00:00,1549.0
2024-08-30 07:00:00+00:00,4094.0
2024-08-30 08:00:00+00:00,6623.0
2024-08-30 09:00:00+00:00,9349.0
2024-08-30 10:00:00+00:00,11052.0
2024-08-30 11:00:00+00:00,11877.0
2024-08-30 12:00:00+00:00,11323.0
2024-08-30 13:00:00+00:00,11876.0
2024-08-30 14:00:00+00:00,10579.0
2024-08-30 15:00:00+00:00,8058.0
2024-08-30 16:00:00+00:00,4558.0
2024-08-30 17:00:00+00:00,1925.0
2024-08-30 18:00:00+00:00,133.0
2024-08-30 19:00:00+00:00,0.0
2024-08-30 20:00:00+00:00,0.0
2024-08-30 21:00:00+00:00,0.0
2024-08-30 22:00:00+00:00,0.0
2024-08-30 23:00:00+00:00,0.0
2024-08-31 00:00:00+00:00,0.0
2024-08-31 01:00:00+00:00,0.0
2024-08-31 02:00:00+00:00,0.0
2024-08-31 03:00:00+00:00,0.0
2024-08-31 04:00:00+00:00,0.0
2024-08-31 05:00:00+00:00,275.0
2024-08-31 06:00:00+00:00,1941.0
2024-08-31 07:00:00+00:00,5011.0
2024-08-31 08:00:00+00:00,9012.0
2024-08-31 09:00:00+00:00,13193.0
2024-08-31 10:00:00+00:00,15576.0
2024-08-31 11:00:00+00:00,17067.0
2024-08-31 12:00:00+00:00,16830.0
2024-08-31 13:00:00+00:00,15310.0
2024-08-31 14:00:00+00:00,12633.0
2024-08-31 15:00:00+00:00,9270.0
2024-08-31 16:00:00+00:00,5221.0
2024-08-31 17:00:00+00:00,2072.0
2024-08-31 18:00:00+00:00,171.0
2024-08-31 19:00:00+00:00,0.0
2024-08-31 20:00:00+00:00,0.0
2024-08-31 21:00:00+00:00,0.0
2024-08-31 22:00:00+00:00,0.0
2024-08-31 23:00:00+00:00,0.0
2024-09-01 00:00:00+00:00,0.0
2024-09-01 01:00:00+00:00,0.0
2024-09-01 02:00:00+00:00,0.0
2024-09-01 03:00:00+00:00,0.0
2024-09-01 04:00:00+00:00,0.0
2024-09-01 05:00:00+00:00,364.0
2024-09-01 06:00:00+00:00,2186.0
2024-09-01 07:00:00+00:00,5284.0
2024-09-01 08:00:00+00:00,9282.0
2024-09-01 09:00:00+00:00,12853.0
2024-09-01 10:00:00+00:00,15348.0
2024-09-01 11:00:00+00:00,16015.0
2024-09-01 12:00:00+00:00,16210.0
2024-09-01 13:00:00+00:00,14935.0
2024-09-01 14:00:00+00:00,12746.0
2024-09-01 15:00:00+00:00,9251.0
2024-09-01 16:00:00+00:00,5238.0
2024-09-01 17:00:00+00:00,1956.0
2024-09-01 18:00:00+00:00,117.0
2024-09-01 19:00:00+00:00,0.0
2024-09-01 20:00:00+00:00,0.0
2024-09-01 21:00:00+00:00,0.0
2024-09-01 22:00:00+00:00,0.0
2024-09-01 23:00:00+00:00,0.0
2024-09-02 00:00:00+00:00,0.0
2024-09-02 01:00:00+00:00,0.0
2024-09-02 02:00:00+00:00,0.0
2024-09-02 03:00:00+00:00,0.0
2024-09-02 04:00:00+00:00,0.0
2024-09-02 05:00:00+00:00,363.0
2024-09-02 06:00:00+00:00,2474.0
2024-09-02 07:00:00+00:00,5695.0
2024-09-02 08:00:00+00:00,9282.0
2024-09-02 09:00:00+00:00,12046.0
2024-09-02 10:00:00+00:00,14483.0
2024-09-02 11:00:00+00:00,15428.0
2024-09-02 12:00:00+00:00,15665.0
2024-09-02 13:00:00+00:00,13540.0
2024-09-02 14:00:00+00:00,10902.0
2024-09-02 15:00:00+00:00,6773.0
2024-09-02 16:00:00+00:00,3777.0
2024-09-02 17:00:00+00:00,1212.0
2024-09-02 18:00:00+00:00,184.0
2024-09-02 19:00:00+00:00,0.0
2024-09-02 20:00:00+00:00,0.0
2024-09-02 21:00:00+00:00,0.0
2024-09-02 22:00:00+00:00,0.0
2024-09-02 23:00:00+00:00,0.0
2024-09-03 00:00:00+00:00,0.0
2024-09-03 01:00:00+00:00,0.0
2024-09-03 02:00:00+00:00,0.0
2024-09-03 03:00:00+00:00,0.0
2024-09-03 04:00:00+00:00,0.0
2024-09-03 05:00:00+00:00,291.0
2024-09-03 06:00:00+00:00,1811.0
2024-09-03 07:00:00+00:00,4162.0
2024-09-03 08:00:00+00:00,6509.0
2024-09-03 09:00:00+00:00,7903.0
2024-09-03 10:00:00+00:00,8969.0
2024-09-03 11:00:00+00:00,8255.0
2024-09-03 12:00:00+00:00,7486.0
2024-09-03 13:00:00+00:00,6511.0
2024-09-03 14:00:00+00:00,5026.0
2024-09-03 15:00:00+00:00,4352.0
2024-09-03 16:00:00+00:00,2237.0
2024-09-03 17:00:00+00:00,838.0
2024-09-03 18:00:00+00:00,57.0
2024-09-03 19:00:00+00:00,0.0
2024-09-03 20:00:00+00:00,0.0
2024-09-03 21:00:00+00:00,0.0
2024-09-03 22:00:00+00:00,0.0
2024-09-03 23:00:00+00:00,0.0
2024-09-04 00:00:00+00:00,0.0
2024-09-04 01:00:00+00:00,0.0
2024-09-04 02:00:00+00:00,0.0
2024-09-04 03:00:00+00:00,0.0
2024-09-04 04:00:00+00:00,0.0
2024-09-04 05:00:00+00:00,153.0
2024-09-04 06:00:00+00:00,1147.0
2024-09-04 07:00:00+00:00,2518.0
2024-09-04 08:00:00+00:00,3828.0
2024-09-04 09:00:00+00:00,4801.0
2024-09-04 10:00:00+00:00,5522.0
2024-09-04 11:00:00+00:00,6700.0
2024-09-04 12:00:00+00:00,7707.0
2024-09-04 13:00:00+00:00,7338.0
2024-09-04 14:00:00+00:00,5573.0
2024-09-04 15:00:00+00:00,3533.0
2024-09-04 16:00:00+00:00,2257.0
2024-09-04 17:00:00+00:00,829.0
2024-09-04 18:00:00+00:00,58.0
2024-09-04 19:00:00+00:00,0.0
2024-09-04 20:00:00+00:00,0.0
2024-09-04 21:00:00+00:00,0.0
2024-09-04 22:00:00+00:00,0.0
2024-09-04 23:00:00+00:00,0.0
2024-09-05 00:00:00+00:00,0.0
2024-09-05 01:00:00+00:00,0.0
2024-09-05 02:00:00+00:00,0.0
2024-09-05 03:00:00+00:00,0.0
2024-09-05 04:00:00+00:00,0.0
2024-09-05 05:00:00+00:00,130.0
2024-09-05 06:00:00+00:00,844.0
2024-09-05 07:00:00+00:00,2058.0
2024-09-05 08:00:00+00:00,4065.0
2024-09-05 09:00:00+00:00,7154.0
2024-09-05 10:00:00+00:00,10961.0
2024-09-05 11:00:00+00:00,13850.0
2024-09-05 12:00:00+00:00,14505.0
2024-09-05 13:00:00+00:00,14241.0
2024-09-05 14:00:00+00:00,11835.0
2024-09-05 15:00:00+00:00,8806.0
2024-09-05 16:00:00+00:00,4999.0
2024-09-05 17:00:00+00:00,1655.0
2024-09-05 18:00:00+00:00,43.0
2024-09-05 19:00:00+00:00,0.0
2024-09-05 20:00:00+00:00,0.0
2024-09-05 21:00:00+00:00,0.0
2024-09-05 22:00:00+00:00,0.0
2024-09-05 23:00:00+00:00,0.0
2024-09-06 00:00:00+00:00,0.0
2024-09-06 01:00:00+00:00,0.0
2024-09-06 02:00:00+00:00,0.0
2024-09-06 03:00:00+00:00,0.0
2024-09-06 04:00:00+00:00,0.0
2024-09-06 05:00:00+00:00,206.0
2024-09-06 06:00:00+00:00,1846.0
2024-09-06 07:00:00+00:00,4836.0
2024-09-06 08:00:00+00:00,8016.0
2024-09-06 09:00:00+00:00,9266.0
2024-09-06 10:00:00+00:00,10498.0
2024-09-06 11:00:00+00:00,10847.0
2024-09-06 12:00:00+00:00,10253.0
2024-09-06 13:00:00+00:00,9181.0
2024-09-06 14:00:00+00:00,5515.0
2024-09-06 15:00:00+00:00,3382.0
2024-09-06 16:00:00+00:00,1674.0
2024-09-06 17:00:00+00:00,518.0
2024-09-06 18:00:00+00:00,32.0
2024-09-06 19:00:00+00:00,0.0
2024-09-06 20:00:00+00:00,0.0
2024-09-06 21:00:00+00:00,0.0
2024-09-06 22:00:00+00:00,0.0
2024-09-06 23:00:00+00:00,0.0
2024-09-07 00:00:00+00:00,0.0
2024-09-07 01:00:00+00:00,0.0
2024-09-07 02:00:00+00:00,0.0
2024-09-07 03:00:00+00:00,0.0
2024-09-07 04:00:00+00:00,0.0
2024-09-07 05:00:00+00:00,184.0
2024-09-07 06:00:00+00:00,1441.0
2024-09-07 07:00:00+00:00,3768.0
2024-09-07 08:00:00+00:00,6990.0
2024-09-07 09:00:00+00:00,10180.0
2024-09-07 10:00:00+00:00,13339.0
2024-09-07 11:00:00+00:00,15298.0
2024-09-07 12:00:00+00:00,14955.0
2024-09-07 13:00:00+00:00,13879.0
2024-09-07 14:00:00+00:00,12210.0
2024-09-07 15:00:00+00:00,8121.0
2024-09-07 16:00:00+00:00,4203.0
2024-09-07 17:00:00+00:00,1224.0
2024-09-07 18:00:00+00:00,35.0
2024-09-07 19:00:00+00:00,0.0
2024-09-07 20:00:00+00:00,0.0
2024-09-07 21:00:00+00:00,0.0
2024-09-07 22:00:00+00:00,0.0
2024-09-07 23:00:00+00:00,0.0
2024-09-08 00:00:00+00:00,0.0
2024-09-08 01:00:00+00:00,0.0
2024-09-08 02:00:00+00:00,0.0
2024-09-08 03:00:00+00:00,0.0
2024-09-08 04:00:00+00:00,0.0
2024-09-08 05:00:00+00:00,73.0
2024-09-08 06:00:00+00:00,1194.0
2024-09-08 07:00:00+00:00,3908.0
2024-09-08 08:00:00+00:00,7372.0
2024-09-08 09:00:00+00:00,10499.0
2024-09-08 10:00:00+00:00,12763.0
2024-09-08 11:00:00+00:00,14241.0
2024-09-08 12:00:00+00:00,15048.0
2024-09-08 13:00:00+00:00,13672.0
2024-09-08 14:00:00+00:00,10357.0
2024-09-08 15:00:00+00:00,6924.0
2024-09-08 16:00:00+00:00,3707.0
2024-09-08 17:00:00+00:00,1414.0
2024-09-08 18:00:00+00:00,47.0
2024-09-08 19:00:00+00:00,0.0
2024-09-08 20:00:00+00:00,0.0
2024-09-08 21:00:00+00:00,0.0
2024-09-08 22:00:00+00:00,0.0
2024-09-08 23:00:00+00:00,0.0
2024-09-09 00:00:00+00:00,0.0
2024-09-09 01:00:00+00:00,0.0
2024-09-09 02:00:00+00:00,0.0
2024-09-09 03:00:00+00:00,0.0
2024-09-09 04:00:00+00:00,0.0
2024-09-09 05:00:00+00:00,92.0
2024-09-09 06:00:00+00:00,1217.0
2024-09-09 07:00:00+00:00,3555.0
2024-09-09 08:00:00+00:00,5873.0
2024-09-09 09:00:00+00:00,8730.0
2024-09-09 10:00:00+00:00,10885.0
2024-09-09 11:00:00+00:00,9356.0
2024-09-09 12:00:00+00:00,9465.0
2024-09-09 13:00:00+00:00,8683.0
2024-09-09 14:00:00+00:00,6468.0
2024-09-09 15:00:00+00:00,5318.0
2024-09-09 16:00:00+00:00,2771.0
2024-09-09 17:00:00+00:00,760.0
2024-09-09 18:00:00+00:00,30.0
2024-09-09 19:00:00+00:00,0.0
2024-09-09 20:00:00+00:00,0.0
2024-09-09 21:00:00+00:00,0.0
2024-09-09 22:00:00+00:00,0.0
2024-09-09 23:00:00+00:00,0.0
2024-09-10 00:00:00+00:00,0.0
2024-09-10 01:00:00+00:00,0.0
2024-09-10 02:00:00+00:00,0.0
2024-09-10 03:00:00+00:00,0.0
2024-09-10 04:00:00+00:00,0.0
2024-09-10 05:00:00+00:00,102.0
2024-09-10 06:00:00+00:00,1214.0
2024-09-10 07:00:00+00:00,4158.0
2024-09-10 08:00:00+00:00,7423.0
2024-09-10 09:00:00+00:00,8324.0
2024-09-10 10:00:00+00:00,6335.0
2024-09-10 11:00:00+00:00,4045.0
2024-09-10 12:00:00+00:00,2753.0
2024-09-10 13:00:00+00:00,2472.0
2024-09-10 14:00:00+00:00,2449.0
2024-09-10 15:00:00+00:00,1523.0
2024-09-10 16:00:00+00:00,793.0
2024-09-10 17:00:00+00:00,301.0
2024-09-10 18:00:00+00:00,13.0
2024-09-10 19:00:00+00:00,0.0
2024-09-10 20:00:00+00:00,0.0
2024-09-10 21:00:00+00:00,0.0
2024-09-10 22:00:00+00:00,0.0
2024-09-10 23:00:00+00:00,0.0
2024-09-11 00:00:00+00:00,0.0
2024-09-11 01:00:00+00:00,0.0
2024-09-11 02:00:00+00:00,0.0
2024-09-11 03:00:00+00:00,0.0
2024-09-11 04:00:00+00:00,0.0
2024-09-11 05:00:00+00:00,147.0
2024-09-11 06:00:00+00:00,1791.0
2024-09-11 07:00:00+00:00,5159.0
2024-09-11 08:00:00+00:00,7614.0
2024-09-11 09:00:00+00:00,9278.0
2024-09-11 10:00:00+00:00,10245.0
2024-09-11 11:00:00+00:00,10480.0
2024-09-11 12:00:00+00:00,11182.0
2024-09-11 13:00:00+00:00,9298.0
2024-09-11 14:00:00+00:00,6341.0
2024-09-11 15:00:00+00:00,5033.0
2024-09-11 16:00:00+00:00,2761.0
2024-09-11 17:00:00+00:00,1093.0
2024-09-11 18:00:00+00:00,19.0
2024-09-11 19:00:00+00:00,0.0
2024-09-11 20:00:00+00:00,0.0
2024-09-11 21:00:00+00:00,0.0
2024-09-11 22:00:00+00:00,0.0
2024-09-11 23:00:00+00:00,0.0
2024-09-12 00:00:00+00:00,0.0
2024-09-12 01:00:00+00:00,0.0
2024-09-12 02:00:00+00:00,0.0
2024-09-12 03:00:00+00:00,0.0
2024-09-12 04:00:00+00:00,0.0
2024-09-12 05:00:00+00:00,159.0
2024-09-12 06:00:00+00:00,1858.0
2024-09-12 07:00:00+00:00,4103.0
2024-09-12 08:00:00+00:00,7534.0
2024-09-12 09:00:00+00:00,9465.0
2024-09-12 10:00:00+00:00,11098.0
2024-09-12 11:00:00+00:00,9958.0
2024-09-12 12:00:00+00:00,9980.0
2024-09-12 13:00:00+00:00,10597.0
2024-09-12 14:00:00+00:00,9531.0
2024-09-12 15:00:00+00:00,7451.0
2024-09-12 16:00:00+00:00,4471.0
2024-09-12 17:00:00+00:00,1349.0
2024-09-12 18:00:00+00:00,0.0
2024-09-12 19:00:00+00:00,0.0
2024-09-12 20:00:00+00:00,0.0
2024-09-12 21:00:00+00:00,0.0
2024-09-12 22:00:00+00:00,0.0
2024-09-12 23:00:00+00:00,0.0
2024-09-13 00:00:00+00:00,0.0
2024-09-13 01:00:00+00:00,0.0
2024-09-13 02:00:00+00:00,0.0
2024-09-13 03:00:00+00:00,0.0
2024-09-13 04:00:00+00:00,0.0
2024-09-13 05:00:00+00:00,123.0
2024-09-13 06:00:00+00:00,1834.0
2024-09-13 07:00:00+00:00,4896.0
2024-09-13 08:00:00+00:00,9128.0
2024-09-13 09:00:00+00:00,10866.0
2024-09-13 10:00:00+00:00,11373.0
2024-09-13 11:00:00+00:00,10229.0
2024-09-13 12:00:00+00:00,12183.0
2024-09-13 13:00:00+00:00,12632.0
2024-09-13 14:00:00+00:00,10519.0
2024-09-13 15:00:00+00:00,7219.0
2024-09-13 16:00:00+00:00,4309.0
2024-09-13 17:00:00+00:00,1149.0
2024-09-13 18:00:00+00:00,0.0
2024-09-13 19:00:00+00:00,0.0
2024-09-13 20:00:00+00:00,0.0
2024-09-13 21:00:00+00:00,0.0
2024-09-13 22:00:00+00:00,0.0
2024-09-13 23:00:00+00:00,0.0
2024-09-14 00:00:00+00:00,0.0
2024-09-14 01:00:00+00:00,0.0
2024-09-14 02:00:00+00:00,0.0
2024-09-14 03:00:00+00:00,0.0
2024-09-14 04:00:00+00:00,0.0
2024-09-14 05:00:00+00:00,145.0
2024-09-14 06:00:00+00:00,2084.0
2024-09-14 07:00:00+00:00,5829.0
2024-09-14 08:00:00+00:00,9979.0
2024-09-14 09:00:00+00:00,12922.0
2024-09-14 10:00:00+00:00,13711.0
2024-09-14 11:00:00+00:00,13811.0
2024-09-14 12:00:00+00:00,12854.0
2024-09-14 13:00:00+00:00,11529.0
2024-09-14 14:00:00+00:00,8804.0
2024-09-14 15:00:00+00:00,7302.0
2024-09-14 16:00:00+00:00,3684.0
2024-09-14 17:00:00+00:00,1058.0
2024-09-14 18:00:00+00:00,0.0
2024-09-14 19:00:00+00:00,0.0
2024-09-14 20:00:00+00:00,0.0
2024-09-14 21:00:00+00:00,0.0
2024-09-14 22:00:00+00:00,0.0
2024-09-14 23:00:00+00:00,0.0
2024-09-15 00:00:00+00:00,0.0
2024-09-15 01:00:00+00:00,0.0
2024-09-15 02:00:00+00:00,0.0
2024-09-15 03:00:00+00:00,0.0
2024-09-15 04:00:00+00:00,0.0
2024-09-15 05:00:00+00:00,93.0
2024-09-15 06:00:00+00:00,1586.0
2024-09-15 07:00:00+00:00,4804.0
2024-09-15 08:00:00+00:00,8419.0
2024-09-15 09:00:00+00:00,11533.0
2024-09-15 10:00:00+00:00,12875.0
2024-09-15 11:00:00+00:00,11483.0
2024-09-15 12:00:00+00:00,9963.0
2024-09-15 13:00:00+00:00,8668.0
2024-09-15 14:00:00+00:00,7122.0
2024-09-15 15:00:00+00:00,4783.0
2024-09-15 16:00:00+00:00,2989.0
2024-09-15 17:00:00+00:00,721.0
2024-09-15 18:00:00+00:00,0.0
2024-09-15 19:00:00+00:00,0.0
2024-09-15 20:00:00+00:00,0.0
2024-09-15 21:00:00+00:00,0.0
2024-09-15 22:00:00+00:00,0.0
2024-09-15 23:00:00+00:00,0.0
2024-09-16 00:00:00+00:00,0.0
2024-09-16 01:00:00+00:00,0.0
2024-09-16 02:00:00+00:00,0.0
2024-09-16 03:00:00+00:00,0.0
2024-09-16 04:00:00+00:00,0.0
2024-09-16 05:00:00+00:00,62.0
2024-09-16 06:00:00+00:00,968.0
2024-09-16 07:00:00+00:00,2691.0
2024-09-16 08:00:00+00:00,5829.0
2024-09-16 09:00:00+00:00,8440.0
2024-09-16 10:00:00+00:00,9234.0
2024-09-16 11:00:00+00:00,10234.0
2024-09-16 12:00:00+00:00,10845.0
2024-09-16 13:00:00+00:00,11063.0
2024-09-16 14:00:00+00:00,8489.0
2024-09-16 15:00:00+00:00,6479.0
2024-09-16 16:00:00+00:00,3701.0
2024-09-16 17:00:00+00:00,849.0
2024-09-16 18:00:00+00:00,0.0
2024-09-16 19:00:00+00:00,0.0
2024-09-16 20:00:00+00:00,0.0
2024-09-16 21:00:00+00:00,0.0
2024-09-16 22:00:00+00:00,0.0
2024-09-16 23:00:00+00:00,0.0
2024-09-17 00:00:00+00:00,0.0
2024-09-17 01:00:00+00:00,0.0
2024-09-17 02:00:00+00:00,0.0
2024-09-17 03:00:00+00:00,0.0
2024-09-17 04:00:00+00:00,0.0
2024-09-17 05:00:00+00:00,65.0
2024-09-17 06:00:00+00:00,1194.0
2024-09-17 07:00:00+00:00,3914.0
2024-09-17 08:00:00+00:00,6943.0
2024-09-17 09:00:00+00:00,8302.0
2024-09-17 10:00:00+00:00,10075.0
2024-09-17 11:00:00+00:00,11937.0
2024-09-17 12:00:00+00:00,12004.0
2024-09-17 13:00:00+00:00,11658.0
2024-09-17 14:00:00+00:00,10112.0
2024-09-17 15:00:00+00:00,7349.0
2024-09-17 16:00:00+00:00,3337.0
2024-09-17 17:00:00+00:00,580.0
2024-09-17 18:00:00+00:00,0.0
2024-09-17 19:00:00+00:00,0.0
2024-09-17 20:00:00+00:00,0.0
2024-09-17 21:00:00+00:00,0.0
2024-09-17 22:00:00+00:00,0.0
2024-09-17 23:00:00+00:00,0.0
2024-09-18 00:00:00+00:00,0.0
2024-09-18 01:00:00+00:00,0.0
2024-09-18 02:00:00+00:00,0.0
2024-09-18 03:00:00+00:00,0.0
2024-09-18 04:00:00+00:00,0.0
2024-09-18 05:00:00+00:00,38.0
2024-09-18 06:00:00+00:00,704.0
2024-09-18 07:00:00+00:00,2105.0
2024-09-18 08:00:00+00:00,4063.0
2024-09-18 09:00:00+00:00,7456.0
2024-09-18 10:00:00+00:00,11715.0
2024-09-18 11:00:00+00:00,14617.0
2024-09-18 12:00:00+00:00,14695.0
2024-09-18 13:00:00+00:00,13366.0
2024-09-18 14:00:00+00:00,10766.0
2024-09-18 15:00:00+00:00,7278.0
2024-09-18 16:00:00+00:00,3560.0
2024-09-18 17:00:00+00:00,596.0
2024-09-18 18:00:00+00:00,0.0
2024-09-18 19:00:00+00:00,0.0
2024-09-18 20:00:00+00:00,0.0
2024-09-18 21:00:00+00:00,0.0
2024-09-18 22:00:00+00:00,0.0
2024-09-18 23:00:00+00:00,0.0
2024-09-19 00:00:00+00:00,0.0
2024-09-19 01:00:00+00:00,0.0
2024-09-19 02:00:00+00:00,0.0
2024-09-19 03:00:00+00:00,0.0
2024-09-19 04:00:00+00:00,0.0
2024-09-19 05:00:00+00:00,40.0
2024-09-19 06:00:00+00:00,933.0
2024-09-19 07:00:00+00:00,3169.0
2024-09-19 08:00:00+00:00,5811.0
2024-09-19 09:00:00+00:00,9129.0
2024-09-19 10:00:00+00:00,13149.0
2024-09-19 11:00:00+00:00,15252.0
2024-09-19 12:00:00+00:00,14844.0
2024-09-19 13:00:00+00:00,13152.0
2024-09-19 14:00:00+00:00,10521.0
2024-09-19 15:00:00+00:00,7027.0
2024-09-19 16:00:00+00:00,3302.0
2024-09-19 17:00:00+00:00,540.0
2024-09-19 18:00:00+00:00,0.0
2024-09-19 19:00:00+00:00,0.0
2024-09-19 20:00:00+00:00,0.0
2024-09-19 21:00:00+00:00,0.0
2024-09-19 22:00:00+00:00,0.0
2024-09-19 23:00:00+00:00,0.0
2024-09-20 00:00:00+00:00,0.0
2024-09-20 01:00:00+00:00,0.0
2024-09-20 02:00:00+00:00,0.0
2024-09-20 03:00:00+00:00,0.0
2024-09-20 04:00:00+00:00,0.0
2024-09-20 05:00:00+00:00,45.0
2024-09-20 06:00:00+00:00,1293.0
2024-09-20 07:00:00+00:00,4783.0
2024-09-20 08:00:00+00:00,8988.0
2024-09-20 09:00:00+00:00,12311.0
2024-09-20 10:00:00+00:00,14554.0
2024-09-20 11:00:00+00:00,15480.0
2024-09-20 12:00:00+00:00,15157.0
2024-09-20 13:00:00+00:00,13549.0
2024-09-20 14:00:00+00:00,10954.0
2024-09-20 15:00:00+00:00,7357.0
2024-09-20 16:00:00+00:00,3475.0
2024-09-20 17:00:00+00:00,516.0
2024-09-20 18:00:00+00:00,0.0
2024-09-20 19:00:00+00:00,0.0
2024-09-20 20:00:00+00:00,0.0
2024-09-20 21:00:00+00:00,0.0
2024-09-20 22:00:00+00:00,0.0
2024-09-20 23:00:00+00:00,0.0
2024-09-21 00:00:00+00:00,0.0
2024-09-21 01:00:00+00:00,0.0
2024-09-21 02:00:00+00:00,0.0
2024-09-21 03:00:00+00:00,0.0
2024-09-21 04:00:00+00:00,0.0
2024-09-21 05:00:00+00:00,41.0
2024-09-21 06:00:00+00:00,1360.0
2024-09-21 07:00:00+00:00,4846.0
2024-09-21 08:00:00+00:00,9031.0
2024-09-21 09:00:00+00:00,12226.0
2024-09-21 10:00:00+00:00,14560.0
2024-09-21 11:00:00+00:00,15284.0
2024-09-21 12:00:00+00:00,15067.0
2024-09-21 13:00:00+00:00,13476.0
2024-09-21 14:00:00+00:00,10730.0
2024-09-21 15:00:00+00:00,7042.0
2024-09-21 16:00:00+00:00,3317.0
2024-09-21 17:00:00+00:00,425.0
2024-09-21 18:00:00+00:00,0.0
2024-09-21 19:00:00+00:00,0.0
2024-09-21 20:00:00+00:00,0.0
2024-09-21 21:00:00+00:00,0.0
2024-09-21 22:00:00+00:00,0.0
2024-09-21 23:00:00+00:00,0.0
2024-09-22 00:00:00+00:00,0.0
2024-09-22 01:00:00+00:00,0.0
2024-09-22 02:00:00+00:00,0.0
2024-09-22 03:00:00+00:00,0.0
2024-09-22 04:00:00+00:00,0.0
2024-09-22 05:00:00+00:00,47.0
2024-09-22 06:00:00+00:00,1287.0
2024-09-22 07:00:00+00:00,4485.0
2024-09-22 08:00:00+00:00,7473.0
2024-09-22 09:00:00+00:00,10686.0
2024-09-22 10:00:00+00:00,12569.0
2024-09-22 11:00:00+00:00,13680.0
2024-09-22 12:00:00+00:00,12006.0
2024-09-22 13:00:00+00:00,8848.0
2024-09-22 14:00:00+00:00,5817.0
2024-09-22 15:00:00+00:00,3938.0
2024-09-22 16:00:00+00:00,1638.0
2024-09-22 17:00:00+00:00,197.0
2024-09-22 18:00:00+00:00,0.0
2024-09-22 19:00:00+00:00,0.0
2024-09-22 20:00:00+00:00,0.0
2024-09-22 21:00:00+00:00,0.0
2024-09-22 22:00:00+00:00,0.0
2024-09-22 23:00:00+00:00,0.0
2024-09-23 00:00:00+00:00,0.0
2024-09-23 01:00:00+00:00,0.0
2024-09-23 02:00:00+00:00,0.0
2024-09-23 03:00:00+00:00,0.0
2024-09-23 04:00:00+00:00,0.0
2024-09-23 05:00:00+00:00,14.0
2024-09-23 06:00:00+00:00,451.0
2024-09-23 07:00:00+00:00,2398.0
2024-09-23 08:00:00+00:00,4981.0
2024-09-23 09:00:00+00:00,7501.0
2024-09-23 10:00:00+00:00,9435.0
2024-09-23 11:00:00+00:00,9925.0
2024-09-23 12:00:00+00:00,9758.0
2024-09-23 13:00:00+00:00,10160.0
2024-09-23 14:00:00+00:00,7384.0
2024-09-23 15:00:00+00:00,5175.0
2024-09-23 16:00:00+00:00,2469.0
2024-09-23 17:00:00+00:00,343.0
2024-09-23 18:00:00+00:00,0.0
2024-09-23 19:00:00+00:00,0.0
2024-09-23 20:00:00+00:00,0.0
2024-09-23 21:00:00+00:00,0.0
2024-09-23 22:00:00+00:00,0.0
2024-09-23 23:00:00+00:00,0.0
2024-09-24 00:00:00+00:00,0.0
2024-09-24 01:00:00+00:00,0.0
2024-09-24 02:00:00+00:00,0.0
2024-09-24 03:00:00+00:00,0.0
2024-09-24 04:00:00+00:00,0.0
2024-09-24 05:00:00+00:00,12.0
2024-09-24 06:00:00+00:00,642.0
2024-09-24 07:00:00+00:00,2869.0
2024-09-24 08:00:00+00:00,5707.0
2024-09-24 09:00:00+00:00,7319.0
2024-09-24 10:00:00+00:00,7348.0
2024-09-24 11:00:00+00:00,8746.0
2024-09-24 12:00:00+00:00,10057.0
2024-09-24 13:00:00+00:00,7609.0
2024-09-24 14:00:00+00:00,5156.0
2024-09-24 15:00:00+00:00,2308.0
2024-09-24 16:00:00+00:00,968.0
2024-09-24 17:00:00+00:00,156.0
2024-09-24 18:00:00+00:00,0.0
2024-09-24 19:00:00+00:00,0.0
2024-09-24 20:00:00+00:00,0.0
2024-09-24 21:00:00+00:00,0.0
2024-09-24 22:00:00+00:00,0.0
2024-09-24 23:00:00+00:00,0.0
2024-09-25 00:00:00+00:00,0.0
2024-09-25 01:00:00+00:00,0.0
2024-09-25 02:00:00+00:00,0.0
2024-09-25 03:00:00+00:00,0.0
2024-09-25 04:00:00+00:00,0.0
2024-09-25 05:00:00+00:00,7.0
2024-09-25 06:00:00+00:00,335.0
2024-09-25 07:00:00+00:00,1132.0
2024-09-25 08:00:00+00:00,2511.0
2024-09-25 09:00:00+00:00,4744.0
2024-09-25 10:00:00+00:00,5847.0
2024-09-25 11:00:00+00:00,6975.0
2024-09-25 12:00:00+00:00,7887.0
2024-09-25 13:00:00+00:00,6808.0
2024-09-25 14:00:00+00:00,4868.0
2024-09-25 15:00:00+00:00,2629.0
2024-09-25 16:00:00+00:00,1116.0
2024-09-25 17:00:00+00:00,114.0
2024-09-25 18:00:00+00:00,0.0
2024-09-25 19:00:00+00:00,0.0
2024-09-25 20:00:00+00:00,0.0
2024-09-25 21:00:00+00:00,0.0
2024-09-25 22:00:00+00:00,0.0
2024-09-25 23:00:00+00:00,0.0
2024-09-26 00:00:00+00:00,0.0
2024-09-26 01:00:00+00:00,0.0
2024-09-26 02:00:00+00:00,0.0
2024-09-26 03:00:00+00:00,0.0
2024-09-26 04:00:00+00:00,0.0
2024-09-26 05:00:00+00:00,10.0
2024-09-26 06:00:00+00:00,492.0
2024-09-26 07:00:00+00:00,2498.0
2024-09-26 08:00:00+00:00,5016.0
2024-09-26 09:00:00+00:00,7231.0
2024-09-26 10:00:00+00:00,6777.0
2024-09-26 11:00:00+00:00,8672.0
2024-09-26 12:00:00+00:00,9560.0
2024-09-26 13:00:00+00:00,8832.0
2024-09-26 14:00:00+00:00,6984.0
2024-09-26 15:00:00+00:00,3959.0
2024-09-26 16:00:00+00:00,1367.0
2024-09-26 17:00:00+00:00,169.0
2024-09-26 18:00:00+00:00,0.0
2024-09-26 19:00:00+00:00,0.0
2024-09-26 20:00:00+00:00,0.0
2024-09-26 21:00:00+00:00,0.0
2024-09-26 22:00:00+00:00,0.0
2024-09-26 23:00:00+00:00,0.0
2024-09-27 00:00:00+00:00,0.0
2024-09-27 01:00:00+00:00,0.0
2024-09-27 02:00:00+00:00,0.0
2024-09-27 03:00:00+00:00,0.0
2024-09-27 04:00:00+00:00,0.0
2024-09-27 05:00:00+00:00,21.0
2024-09-27 06:00:00+00:00,803.0
2024-09-27 07:00:00+00:00,3077.0
2024-09-27 08:00:00+00:00,5009.0
2024-09-27 09:00:00+00:00,5426.0
2024-09-27 10:00:00+00:00,5016.0
2024-09-27 11:00:00+00:00,4455.0
2024-09-27 12:00:00+00:00,3119.0
2024-09-27 13:00:00+00:00,1635.0
2024-09-27 14:00:00+00:00,1489.0
2024-09-27 15:00:00+00:00,1322.0
2024-09-27 16:00:00+00:00,797.0
2024-09-27 17:00:00+00:00,132.0
2024-09-27 18:00:00+00:00,0.0
2024-09-27 19:00:00+00:00,0.0
2024-09-27 20:00:00+00:00,0.0
2024-09-27 21:00:00+00:00,0.0
2024-09-27 22:00:00+00:00,0.0
2024-09-27 23:00:00+00:00,0.0
2024-09-28 00:00:00+00:00,0.0
2024-09-28 01:00:00+00:00,0.0
2024-09-28 02:00:00+00:00,0.0
2024-09-28 03:00:00+00:00,0.0
2024-09-28 04:00:00+00:00,0.0
2024-09-28 05:00:00+00:00,8.0
2024-09-28 06:00:00+00:00,622.0
2024-09-28 07:00:00+00:00,3236.0
2024-09-28 08:00:00+00:00,6584.0
2024-09-28 09:00:00+00:00,9640.0
2024-09-28 10:00:00+00:00,11119.0
2024-09-28 11:00:00+00:00,11491.0
2024-09-28 12:00:00+00:00,11897.0
2024-09-28 13:00:00+00:00,10147.0
2024-09-28 14:00:00+00:00,7121.0
2024-09-28 15:00:00+00:00,4721.0
2024-09-28 16:00:00+00:00,2048.0
2024-09-28 17:00:00+00:00,176.0
2024-09-28 18:00:00+00:00,0.0
2024-09-28 19:00:00+00:00,0.0
2024-09-28 20:00:00+00:00,0.0
2024-09-28 21:00:00+00:00,0.0
2024-09-28 22:00:00+00:00,0.0
2024-09-28 23:00:00+00:00,0.0
2024-09-29 00:00:00+00:00,0.0
2024-09-29 01:00:00+00:00,0.0
2024-09-29 02:00:00+00:00,0.0
2024-09-29 03:00:00+00:00,0.0
2024-09-29 04:00:00+00:00,0.0
2024-09-29 05:00:00+00:00,10.0
2024-09-29 06:00:00+00:00,1029.0
2024-09-29 07:00:00+00:00,4488.0
2024-09-29 08:00:00+00:00,9037.0
2024-09-29 09:00:00+00:00,11893.0
2024-09-29 10:00:00+00:00,12732.0
2024-09-29 11:00:00+00:00,11982.0
2024-09-29 12:00:00+00:00,10307.0
2024-09-29 13:00:00+00:00,8670.0
2024-09-29 14:00:00+00:00,5630.0
2024-09-29 15:00:00+00:00,3261.0
2024-09-29 16:00:00+00:00,1665.0
2024-09-29 17:00:00+00:00,120.0
2024-09-29 18:00:00+00:00,0.0
2024-09-29 19:00:00+00:00,0.0
2024-09-29 20:00:00+00:00,0.0
2024-09-29 21:00:00+00:00,0.0
2024-09-29 22:00:00+00:00,0.0
2024-09-29 23:00:00+00:00,0.0
2024-09-30 00:00:00+00:00,0.0
2024-09-30 01:00:00+00:00,0.0
2024-09-30 02:00:00+00:00,0.0
2024-09-30 03:00:00+00:00,0.0
2024-09-30 04:00:00+00:00,0.0
2024-09-30 05:00:00+00:00,5.0
2024-09-30 06:00:00+00:00,649.0
2024-09-30 07:00:00+00:00,2904.0
2024-09-30 08:00:00+00:00,5303.0
2024-09-30 09:00:00+00:00,6760.0
2024-09-30 10:00:00+00:00,6373.0
2024-09-30 11:00:00+00:00,5478.0
2024-09-30 12:00:00+00:00,4376.0
2024-09-30 13:00:00+00:00,3392.0
2024-09-30 14:00:00+00:00,2386.0
2024-09-30 15:00:00+00:00,1215.0
2024-09-30 16:00:00+00:00,514.0
2024-09-30 17:00:00+00:00,34.0
2024-09-30 18:00:00+00:00,0.0
2024-09-30 19:00:00+00:00,0.0
2024-09-30 20:00:00+00:00,0.0
2024-09-30 21:00:00+00:00,0.0
2024-09-30 22:00:00+00:00,0.0
2024-09-30 23:00:00+00:00,0.0
2024-10-01 00:00:00+00:00,0.0
2024-10-01 01:00:00+00:00,0.0
2024-10-01 02:00:00+00:00,0.0
2024-10-01 03:00:00+00:00,0.0
2024-10-01 04:00:00+00:00,0.0
2024-10-01 05:00:00+00:00,2.0
2024-10-01 06:00:00+00:00,174.0
2024-10-01 07:00:00+00:00,1031.0
2024-10-01 08:00:00+00:00,2135.0
2024-10-01 09:00:00+00:00,2980.0
2024-10-01 10:00:00+00:00,3182.0
2024-10-01 11:00:00+00:00,3073.0
2024-10-01 12:00:00+00:00,3662.0
2024-10-01 13:00:00+00:00,3154.0
2024-10-01 14:00:00+00:00,2269.0
2024-10-01 15:00:00+00:00,1697.0
2024-10-01 16:00:00+00:00,877.0
2024-10-01 17:00:00+00:00,63.0
2024-10-01 18:00:00+00:00,0.0
2024-10-01 19:00:00+00:00,0.0
2024-10-01 20:00:00+00:00,0.0
2024-10-01 21:00:00+00:00,0.0
2024-10-01 22:00:00+00:00,0.0
2024-10-01 23:00:00+00:00,0.0
2024-10-02 00:00:00+00:00,0.0
2024-10-02 01:00:00+00:00,0.0
2024-10-02 02:00:00+00:00,0.0
2024-10-02 03:00:00+00:00,0.0
2024-10-02 04:00:00+00:00,0.0
2024-10-02 05:00:00+00:00,2.0
2024-10-02 06:00:00+00:00,255.0
2024-10-02 07:00:00+00:00,1214.0
2024-10-02 08:00:00+00:00,2541.0
2024-10-02 09:00:00+00:00,3757.0
2024-10-02 10:00:00+00:00,4638.0
2024-10-02 11:00:00+00:00,4559.0
2024-10-02 12:00:00+00:00,4109.0
2024-10-02 13:00:00+00:00,4183.0
2024-10-02 14:00:00+00:00,3165.0
2024-10-02 15:00:00+00:00,1597.0
2024-10-02 16:00:00+00:00,655.0
2024-10-02 17:00:00+00:00,42.0
2024-10-02 18:00:00+00:00,0.0
2024-10-02 19:00:00+00:00,0.0
2024-10-02 20:00:00+00:00,0.0
2024-10-02 21:00:00+00:00,0.0
2024-10-02 22:00:00+00:00,0.0
2024-10-02 23:00:00+00:00,0.0
2024-10-03 00:00:00+00:00,0.0
2024-10-03 01:00:00+00:00,0.0
2024-10-03 02:00:00+00:00,0.0
2024-10-03 03:00:00+00:00,0.0
2024-10-03 04:00:00+00:00,0.0
2024-10-03 05:00:00+00:00,3.0
2024-10-03 06:00:00+00:00,715.0
2024-10-03 07:00:00+00:00,4047.0
2024-10-03 08:00:00+00:00,8226.0
2024-10-03 09:00:00+00:00,11733.0
2024-10-03 10:00:00+00:00,12786.0
2024-10-03 11:00:00+00:00,12782.0
2024-10-03 12:00:00+00:00,12025.0
2024-10-03 13:00:00+00:00,11238.0
2024-10-03 14:00:00+00:00,8471.0
2024-10-03 15:00:00+00:00,5391.0
2024-10-03 16:00:00+00:00,1867.0
2024-10-03 17:00:00+00:00,72.0
2024-10-03 18:00:00+00:00,0.0
2024-10-03 19:00:00+00:00,0.0
2024-10-03 20:00:00+00:00,0.0
2024-10-03 21:00:00+00:00,0.0
2024-10-03 22:00:00+00:00,0.0
2024-10-03 23:00:00+00:00,0.0
2024-10-04 00:00:00+00:00,0.0
2024-10-04 01:00:00+00:00,0.0
2024-10-04 02:00:00+00:00,0.0
2024-10-04 03:00:00+00:00,0.0
2024-10-04 04:00:00+00:00,0.0
2024-10-04 05:00:00+00:00,2.0
2024-10-04 06:00:00+00:00,671.0
2024-10-04 07:00:00+00:00,3921.0
2024-10-04 08:00:00+00:00,8030.0
2024-10-04 09:00:00+00:00,11883.0
2024-10-04 10:00:00+00:00,13922.0
2024-10-04 11:00:00+00:00,14174.0
2024-10-04 12:00:00+00:00,13081.0
2024-10-04 13:00:00+00:00,10578.0
2024-10-04 14:00:00+00:00,8427.0
2024-10-04 15:00:00+00:00,5093.0
2024-10-04 16:00:00+00:00,2186.0
2024-10-04 17:00:00+00:00,34.0
2024-10-04 18:00:00+00:00,0.0
2024-10-04 19:00:00+00:00,0.0
2024-10-04 20:00:00+00:00,0.0
2024-10-04 21:00:00+00:00,0.0
2024-10-04 22:00:00+00:00,0.0
2024-10-04 23:00:00+00:00,0.0
2024-10-05 00:00:00+00:00,0.0
2024-10-05 01:00:00+00:00,0.0
2024-10-05 02:00:00+00:00,0.0
2024-10-05 03:00:00+00:00,0.0
2024-10-05 04:00:00+00:00,0.0
2024-10-05 05:00:00+00:00,2.0
2024-10-05 06:00:00+00:00,602.0
2024-10-05 07:00:00+00:00,3750.0
2024-10-05 08:00:00+00:00,7990.0
2024-10-05 09:00:00+00:00,11816.0
2024-10-05 10:00:00+00:00,13840.0
2024-10-05 11:00:00+00:00,14094.0
2024-10-05 12:00:00+00:00,13379.0
2024-10-05 13:00:00+00:00,12112.0
2024-10-05 14:00:00+00:00,9455.0
2024-10-05 15:00:00+00:00,5778.0
2024-10-05 16:00:00+00:00,1922.0
2024-10-05 17:00:00+00:00,16.0
2024-10-05 18:00:00+00:00,0.0
2024-10-05 19:00:00+00:00,0.0
2024-10-05 20:00:00+00:00,0.0
2024-10-05 21:00:00+00:00,0.0
2024-10-05 22:00:00+00:00,0.0
2024-10-05 23:00:00+00:00,0.0
2024-10-06 00:00:00+00:00,0.0
2024-10-06 01:00:00+00:00,0.0
2024-10-06 02:00:00+00:00,0.0
2024-10-06 03:00:00+00:00,0.0
2024-10-06 04:00:00+00:00,0.0
2024-10-06 05:00:00+00:00,0.0
2024-10-06 06:00:00+00:00,636.0
2024-10-06 07:00:00+00:00,3092.0
2024-10-06 08:00:00+00:00,6419.0
2024-10-06 09:00:00+00:00,9400.0
2024-10-06 10:00:00+00:00,10103.0
2024-10-06 11:00:00+00:00,11494.0
2024-10-06 12:00:00+00:00,11322.0
2024-10-06 13:00:00+00:00,10874.0
2024-10-06 14:00:00+00:00,8522.0
2024-10-06 15:00:00+00:00,5386.0
2024-10-06 16:00:00+00:00,1664.0
2024-10-06 17:00:00+00:00,18.0
2024-10-06 18:00:00+00:00,0.0
2024-10-06 19:00:00+00:00,0.0
2024-10-06 20:00:00+00:00,0.0
2024-10-06 21:00:00+00:00,0.0
2024-10-06 22:00:00+00:00,0.0
2024-10-06 23:00:00+00:00,0.0
2024-10-07 00:00:00+00:00,0.0
2024-10-07 01:00:00+00:00,0.0
2024-10-07 02:00:00+00:00,0.0
2024-10-07 03:00:00+00:00,0.0
2024-10-07 04:00:00+00:00,0.0
2024-10-07 05:00:00+00:00,0.0
2024-10-07 06:00:00+00:00,234.0
2024-10-07 07:00:00+00:00,2598.0
2024-10-07 08:00:00+00:00,6991.0
2024-10-07 09:00:00+00:00,10028.0
2024-10-07 10:00:00+00:00,11474.0
2024-10-07 11:00:00+00:00,11686.0
2024-10-07 12:00:00+00:00,10845.0
2024-10-07 13:00:00+00:00,9820.0
2024-10-07 14:00:00+00:00,7643.0
2024-10-07 15:00:00+00:00,3749.0
2024-10-07 16:00:00+00:00,870.0
2024-10-07 17:00:00+00:00,2.0
2024-10-07 18:00:00+00:00,0.0
2024-10-07 19:00:00+00:00,0.0
2024-10-07 20:00:00+00:00,0.0
2024-10-07 21:00:00+00:00,0.0
2024-10-07 22:00:00+00:00,0.0
2024-10-07 23:00:00+00:00,0.0
2024-10-08 00:00:00+00:00,0.0
2024-10-08 01:00:00+00:00,0.0
2024-10-08 02:00:00+00:00,0.0
2024-10-08 03:00:00+00:00,0.0
2024-10-08 04:00:00+00:00,0.0
2024-10-08 05:00:00+00:00,0.0
2024-10-08 06:00:00+00:00,179.0
2024-10-08 07:00:00+00:00,1424.0
2024-10-08 08:00:00+00:00,4625.0
2024-10-08 09:00:00+00:00,8186.0
2024-10-08 10:00:00+00:00,9670.0
2024-10-08 11:00:00+00:00,9163.0
2024-10-08 12:00:00+00:00,8172.0
2024-10-08 13:00:00+00:00,6476.0
2024-10-08 14:00:00+00:00,4619.0
2024-10-08 15:00:00+00:00,3213.0
2024-10-08 16:00:00+00:00,1332.0
2024-10-08 17:00:00+00:00,0.0
2024-10-08 18:00:00+00:00,0.0
2024-10-08 19:00:00+00:00,0.0
2024-10-08 20:00:00+00:00,0.0
2024-10-08 21:00:00+00:00,0.0
2024-10-08 22:00:00+00:00,0.0
2024-10-08 23:00:00+00:00,0.0
2024-10-09 00:00:00+00:00,0.0
2024-10-09 01:00:00+00:00,0.0
2024-10-09 02:00:00+00:00,0.0
2024-10-09 03:00:00+00:00,0.0
2024-10-09 04:00:00+00:00,0.0
2024-10-09 05:00:00+00:00,0.0
2024-10-09 06:00:00+00:00,217.0
2024-10-09 07:00:00+00:00,1728.0
2024-10-09 08:00:00+00:00,4356.0
2024-10-09 09:00:00+00:00,5793.0
2024-10-09 10:00:00+00:00,5423.0
2024-10-09 11:00:00+00:00,4801.0
2024-10-09 12:00:00+00:00,3858.0
2024-10-09 13:00:00+00:00,3037.0
2024-10-09 14:00:00+00:00,1952.0
2024-10-09 15:00:00+00:00,851.0
2024-10-09 16:00:00+00:00,255.0
2024-10-09 17:00:00+00:00,0.0
2024-10-09 18:00:00+00:00,0.0
2024-10-09 19:00:00+00:00,0.0
2024-10-09 20:00:00+00:00,0.0
2024-10-09 21:00:00+00:00,0.0
2024-10-09 22:00:00+00:00,0.0
2024-10-09 23:00:00+00:00,0.0
2024-10-10 00:00:00+00:00,0.0
2024-10-10 01:00:00+00:00,0.0
2024-10-10 02:00:00+00:00,0.0
2024-10-10 03:00:00+00:00,0.0
2024-10-10 04:00:00+00:00,0.0
2024-10-10 05:00:00+00:00,0.0
2024-10-10 06:00:00+00:00,159.0
2024-10-10 07:00:00+00:00,1550.0
2024-10-10 08:00:00+00:00,4282.0
2024-10-10 09:00:00+00:00,6674.0
2024-10-10 10:00:00+00:00,7704.0
2024-10-10 11:00:00+00:00,7865.0
2024-10-10 12:00:00+00:00,7383.0
2024-10-10 13:00:00+00:00,5832.0
2024-10-10 14:00:00+00:00,4473.0
2024-10-10 15:00:00+00:00,2622.0
2024-10-10 16:00:00+00:00,711.0
2024-10-10 17:00:00+00:00,0.0
2024-10-10 18:00:00+00:00,0.0
2024-10-10 19:00:00+00:00,0.0
2024-10-10 20:00:00+00:00,0.0
2024-10-10 21:00:00+00:00,0.0
2024-10-10 22:00:00+00:00,0.0
2024-10-10 23:00:00+00:00,0.0
2024-10-11 00:00:00+00:00,0.0
2024-10-11 01:00:00+00:00,0.0
2024-10-11 02:00:00+00:00,0.0
2024-10-11 03:00:00+00:00,0.0
2024-10-11 04:00:00+00:00,0.0
2024-10-11 05:00:00+00:00,0.0
2024-10-11 06:00:00+00:00,344.0
2024-10-11 07:00:00+00:00,2830.0
2024-10-11 08:00:00+00:00,6527.0
2024-10-11 09:00:00+00:00,9762.0
2024-10-11 10:00:00+00:00,11597.0
2024-10-11 11:00:00+00:00,10249.0
2024-10-11 12:00:00+00:00,9230.0
2024-10-11 13:00:00+00:00,7609.0
2024-10-11 14:00:00+00:00,5857.0
2024-10-11 15:00:00+00:00,3568.0
2024-10-11 16:00:00+00:00,1187.0
2024-10-11 17:00:00+00:00,0.0
2024-10-11 18:00:00+00:00,0.0
2024-10-11 19:00:00+00:00,0.0
2024-10-11 20:00:00+00:00,0.0
2024-10-11 21:00:00+00:00,0.0
2024-10-11 22:00:00+00:00,0.0
2024-10-11 23:00:00+00:00,0.0
2024-10-12 00:00:00+00:00,0.0
2024-10-12 01:00:00+00:00,0.0
2024-10-12 02:00:00+00:00,0.0
2024-10-12 03:00:00+00:00,0.0
2024-10-12 04:00:00+00:00,0.0
2024-10-12 05:00:00+00:00,0.0
2024-10-12 06:00:00+00:00,204.0
2024-10-12 07:00:00+00:00,1780.0
2024-10-12 08:00:00+00:00,4166.0
2024-10-12 09:00:00+00:00,6038.0
2024-10-12 10:00:00+00:00,6347.0
2024-10-12 11:00:00+00:00,6379.0
2024-10-12 12:00:00+00:00,5826.0
2024-10-12 13:00:00+00:00,4901.0
2024-10-12 14:00:00+00:00,4144.0
2024-10-12 15:00:00+00:00,1961.0
2024-10-12 16:00:00+00:00,450.0
2024-10-12 17:00:00+00:00,0.0
2024-10-12 18:00:00+00:00,0.0
2024-10-12 19:00:00+00:00,0.0
2024-10-12 20:00:00+00:00,0.0
2024-10-12 21:00:00+00:00,0.0
2024-10-12 22:00:00+00:00,0.0
2024-10-12 23:00:00+00:00,0.0
2024-10-13 00:00:00+00:00,0.0
2024-10-13 01:00:00+00:00,0.0
2024-10-13 02:00:00+00:00,0.0
2024-10-13 03:00:00+00:00,0.0
2024-10-13 04:00:00+00:00,0.0
2024-10-13 05:00:00+00:00,0.0
2024-10-13 06:00:00+00:00,194.0
2024-10-13 07:00:00+00:00,1876.0
2024-10-13 08:00:00+00:00,4741.0
2024-10-13 09:00:00+00:00,7702.0
2024-10-13 10:00:00+00:00,8986.0
2024-10-13 11:00:00+00:00,8554.0
2024-10-13 12:00:00+00:00,7855.0
2024-10-13 13:00:00+00:00,6382.0
2024-10-13 14:00:00+00:00,5360.0
2024-10-13 15:00:00+00:00,2690.0
2024-10-13 16:00:00+00:00,593.0
2024-10-13 17:00:00+00:00,0.0
2024-10-13 18:00:00+00:00,0.0
2024-10-13 19:00:00+00:00,0.0
2024-10-13 20:00:00+00:00,0.0
2024-10-13 21:00:00+00:00,0.0
2024-10-13 22:00:00+00:00,0.0
2024-10-13 23:00:00+00:00,0.0
2024-10-14 00:00:00+00:00,0.0
2024-10-14 01:00:00+00:00,0.0
2024-10-14 02:00:00+00:00,0.0
2024-10-14 03:00:00+00:00,0.0
2024-10-14 04:00:00+00:00,0.0
2024-10-14 05:00:00+00:00,0.0
2024-10-14 06:00:00+00:00,117.0
2024-10-14 07:00:00+00:00,1116.0
2024-10-14 08:00:00+00:00,2442.0
2024-10-14 09:00:00+00:00,3509.0
2024-10-14 10:00:00+00:00,4292.0
2024-10-14 11:00:00+00:00,4496.0
2024-10-14 12:00:00+00:00,4008.0
2024-10-14 13:00:00+00:00,5599.0
2024-10-14 14:00:00+00:00,6418.0
2024-10-14 15:00:00+00:00,4071.0
2024-10-14 16:00:00+00:00,749.0
2024-10-14 17:00:00+00:00,0.0
2024-10-14 18:00:00+00:00,0.0
2024-10-14 19:00:00+00:00,0.0
2024-10-14 20:00:00+00:00,0.0
2024-10-14 21:00:00+00:00,0.0
2024-10-14 22:00:00+00:00,0.0
2024-10-14 23:00:00+00:00,0.0
2024-10-15 00:00:00+00:00,0.0
2024-10-15 01:00:00+00:00,0.0
2024-10-15 02:00:00+00:00,0.0
2024-10-15 03:00:00+00:00,0.0
2024-10-15 04:00:00+00:00,0.0
2024-10-15 05:00:00+00:00,0.0
2024-10-15 06:00:00+00:00,226.0
2024-10-15 07:00:00+00:00,2399.0
2024-10-15 08:00:00+00:00,5625.0
2024-10-15 09:00:00+00:00,8977.0
2024-10-15 10:00:00+00:00,10486.0
2024-10-15 11:00:00+00:00,11015.0
2024-10-15 12:00:00+00:00,10776.0
2024-10-15 13:00:00+00:00,9313.0
2024-10-15 14:00:00+00:00,6775.0
2024-10-15 15:00:00+00:00,3070.0
2024-10-15 16:00:00+00:00,539.0
2024-10-15 17:00:00+00:00,0.0
2024-10-15 18:00:00+00:00,0.0
2024-10-15 19:00:00+00:00,0.0
2024-10-15 20:00:00+00:00,0.0
2024-10-15 21:00:00+00:00,0.0
2024-10-15 22:00:00+00:00,0.0
2024-10-15 23:00:00+00:00,0.0
2024-10-16 00:00:00+00:00,0.0
2024-10-16 01:00:00+00:00,0.0
2024-10-16 02:00:00+00:00,0.0
2024-10-16 03:00:00+00:00,0.0
2024-10-16 04:00:00+00:00,0.0
2024-10-16 05:00:00+00:00,0.0
2024-10-16 06:00:00+00:00,179.0
2024-10-16 07:00:00+00:00,1657.0
2024-10-16 08:00:00+00:00,4491.0
2024-10-16 09:00:00+00:00,7317.0
2024-10-16 10:00:00+00:00,8221.0
2024-10-16 11:00:00+00:00,8228.0
2024-10-16 12:00:00+00:00,7727.0
2024-10-16 13:00:00+00:00,6821.0
2024-10-16 14:00:00+00:00,4806.0
2024-10-16 15:00:00+00:00,2180.0
2024-10-16 16:00:00+00:00,598.0
2024-10-16 17:00:00+00:00,0.0
2024-10-16 18:00:00+00:00,0.0
2024-10-16 19:00:00+00:00,0.0
2024-10-16 20:00:00+00:00,0.0
2024-10-16 21:00:00+00:00,0.0
2024-10-16 22:00:00+00:00,0.0
2024-10-16 23:00:00+00:00,0.0
2024-10-17 00:00:00+00:00,0.0
2024-10-17 01:00:00+00:00,0.0
2024-10-17 02:00:00+00:00,0.0
2024-10-17 03:00:00+00:00,0.0
2024-10-17 04:00:00+00:00,0.0
2024-10-17 05:00:00+00:00,0.0
2024-10-17 06:00:00+00:00,80.0
2024-10-17 07:00:00+00:00,915.0
2024-10-17 08:00:00+00:00,2168.0
2024-10-17 09:00:00+00:00,4051.0
2024-10-17 10:00:00+00:00,4842.0
2024-10-17 11:00:00+00:00,4563.0
2024-10-17 12:00:00+00:00,4330.0
2024-10-17 13:00:00+00:00,4260.0
2024-10-17 14:00:00+00:00,3316.0
2024-10-17 15:00:00+00:00,1857.0
2024-10-17 16:00:00+00:00,420.0
2024-10-17 17:00:00+00:00,0.0
2024-10-17 18:00:00+00:00,0.0
2024-10-17 19:00:00+00:00,0.0
2024-10-17 20:00:00+00:00,0.0
2024-10-17 21:00:00+00:00,0.0
2024-10-17 22:00:00+00:00,0.0
2024-10-17 23:00:00+00:00,0.0
2024-10-18 00:00:00+00:00,0.0
2024-10-18 01:00:00+00:00,0.0
2024-10-18 02:00:00+00:00,0.0
2024-10-18 03:00:00+00:00,0.0
2024-10-18 04:00:00+00:00,0.0
2024-10-18 05:00:00+00:00,0.0
2024-10-18 06:00:00+00:00,97.0
2024-10-18 07:00:00+00:00,1039.0
2024-10-18 08:00:00+00:00,2574.0
2024-10-18 09:00:00+00:00,4500.0
2024-10-18 10:00:00+00:00,6257.0
2024-10-18 11:00:00+00:00,7656.0
2024-10-18 12:00:00+00:00,6427.0
2024-10-18 13:00:00+00:00,4566.0
2024-10-18 14:00:00+00:00,3036.0
2024-10-18 15:00:00+00:00,1864.0
2024-10-18 16:00:00+00:00,335.0
2024-10-18 17:00:00+00:00,0.0
2024-10-18 18:00:00+00:00,0.0
2024-10-18 19:00:00+00:00,0.0
2024-10-18 20:00:00+00:00,0.0
2024-10-18 21:00:00+00:00,0.0
2024-10-18 22:00:00+00:00,0.0
2024-10-18 23:00:00+00:00,0.0
2024-10-19 00:00:00+00:00,0.0
2024-10-19 01:00:00+00:00,0.0
2024-10-19 02:00:00+00:00,0.0
2024-10-19 03:00:00+00:00,0.0
2024-10-19 04:00:00+00:00,0.0
2024-10-19 05:00:00+00:00,0.0
2024-10-19 06:00:00+00:00,24.0
2024-10-19 07:00:00+00:00,489.0
2024-10-19 08:00:00+00:00,1877.0
2024-10-19 09:00:00+00:00,3579.0
2024-10-19 10:00:00+00:00,5014.0
2024-10-19 11:00:00+00:00,5253.0
2024-10-19 12:00:00+00:00,4175.0
2024-10-19 13:00:00+00:00,3870.0
2024-10-19 14:00:00+00:00,2529.0
2024-10-19 15:00:00+00:00,1440.0
2024-10-19 16:00:00+00:00,317.0
2024-10-19 17:00:00+00:00,0.0
2024-10-19 18:00:00+00:00,0.0
2024-10-19 19:00:00+00:00,0.0
2024-10-19 20:00:00+00:00,0.0
2024-10-19 21:00:00+00:00,0.0
2024-10-19 22:00:00+00:00,0.0
2024-10-19 23:00:00+00:00,0.0
2024-10-20 00:00:00+00:00,0.0
2024-10-20 01:00:00+00:00,0.0
2024-10-20 02:00:00+00:00,0.0
2024-10-20 03:00:00+00:00,0.0
2024-10-20 04:00:00+00:00,0.0
2024-10-20 05:00:00+00:00,0.0
2024-10-20 06:00:00+00:00,87.0
2024-10-20 07:00:00+00:00,793.0
2024-10-20 08:00:00+00:00,2318.0
2024-10-20 09:00:00+00:00,4132.0
2024-10-20 10:00:00+00:00,6368.0
2024-10-20 11:00:00+00:00,8602.0
2024-10-20 12:00:00+00:00,8401.0
2024-10-20 13:00:00+00:00,5681.0
2024-10-20 14:00:00+00:00,2652.0
2024-10-20 15:00:00+00:00,770.0
2024-10-20 16:00:00+00:00,85.0
2024-10-20 17:00:00+00:00,0.0
2024-10-20 18:00:00+00:00,0.0
2024-10-20 19:00:00+00:00,0.0
2024-10-20 20:00:00+00:00,0.0
2024-10-20 21:00:00+00:00,0.0
2024-10-20 22:00:00+00:00,0.0
2024-10-20 23:00:00+00:00,0.0
2024-10-21 00:00:00+00:00,0.0
2024-10-21 01:00:00+00:00,0.0
2024-10-21 02:00:00+00:00,0.0
2024-10-21 03:00:00+00:00,0.0
2024-10-21 04:00:00+00:00,0.0
2024-10-21 05:00:00+00:00,0.0
2024-10-21 06:00:00+00:00,39.0
2024-10-21 07:00:00+00:00,522.0
2024-10-21 08:00:00+00:00,1419.0
2024-10-21 09:00:00+00:00,2066.0
2024-10-21 10:00:00+00:00,2971.0
2024-10-21 11:00:00+00:00,3878.0
2024-10-21 12:00:00+00:00,3912.0
2024-10-21 13:00:00+00:00,3365.0
2024-10-21 14:00:00+00:00,2001.0
2024-10-21 15:00:00+00:00,691.0
2024-10-21 16:00:00+00:00,76.0
2024-10-21 17:00:00+00:00,0.0
2024-10-21 18:00:00+00:00,0.0
2024-10-21 19:00:00+00:00,0.0
2024-10-21 20:00:00+00:00,0.0
2024-10-21 21:00:00+00:00,0.0
2024-10-21 22:00:00+00:00,0.0
2024-10-21 23:00:00+00:00,0.0
2024-10-22 00:00:00+00:00,0.0
2024-10-22 01:00:00+00:00,0.0
2024-10-22 02:00:00+00:00,0.0
2024-10-22 03:00:00+00:00,0.0
2024-10-22 04:00:00+00:00,0.0
2024-10-22 05:00:00+00:00,0.0
2024-10-22 06:00:00+00:00,105.0
2024-10-22 07:00:00+00:00,1674.0
2024-10-22 08:00:00+00:00,5601.0
2024-10-22 09:00:00+00:00,8405.0
2024-10-22 10:00:00+00:00,10126.0
2024-10-22 11:00:00+00:00,10831.0
2024-10-22 12:00:00+00:00,10310.0
2024-10-22 13:00:00+00:00,9175.0
2024-10-22 14:00:00+00:00,6321.0
2024-10-22 15:00:00+00:00,2752.0
2024-10-22 16:00:00+00:00,338.0
2024-10-22 17:00:00+00:00,0.0
2024-10-22 18:00:00+00:00,0.0
2024-10-22 19:00:00+00:00,0.0
2024-10-22 20:00:00+00:00,0.0
2024-10-22 21:00:00+00:00,0.0
2024-10-22 22:00:00+00:00,0.0
2024-10-22 23:00:00+00:00,0.0
2024-10-23 00:00:00+00:00,0.0
2024-10-23 01:00:00+00:00,0.0
2024-10-23 02:00:00+00:00,0.0
2024-10-23 03:00:00+00:00,0.0
2024-10-23 04:00:00+00:00,0.0
2024-10-23 05:00:00+00:00,0.0
2024-10-23 06:00:00+00:00,82.0
2024-10-23 07:00:00+00:00,1359.0
2024-10-23 08:00:00+00:00,3600.0
2024-10-23 09:00:00+00:00,5890.0
2024-10-23 10:00:00+00:00,6936.0
2024-10-23 11:00:00+00:00,7916.0
2024-10-23 12:00:00+00:00,7324.0
2024-10-23 13:00:00+00:00,5437.0
2024-10-23 14:00:00+00:00,3861.0
2024-10-23 15:00:00+00:00,2151.0
2024-10-23 16:00:00+00:00,300.0
2024-10-23 17:00:00+00:00,0.0
2024-10-23 18:00:00+00:00,0.0
2024-10-23 19:00:00+00:00,0.0
2024-10-23 20:00:00+00:00,0.0
2024-10-23 21:00:00+00:00,0.0
2024-10-23 22:00:00+00:00,0.0
2024-10-23 23:00:00+00:00,0.0
2024-10-24 00:00:00+00:00,0.0
2024-10-24 01:00:00+00:00,0.0
2024-10-24 02:00:00+00:00,0.0
2024-10-24 03:00:00+00:00,0.0
2024-10-24 04:00:00+00:00,0.0
2024-10-24 05:00:00+00:00,0.0
2024-10-24 06:00:00+00:00,76.0
2024-10-24 07:00:00+00:00,1704.0
2024-10-24 08:00:00+00:00,5354.0
2024-10-24 09:00:00+00:00,8961.0
2024-10-24 10:00:00+00:00,10865.0
2024-10-24 11:00:00+00:00,10823.0
2024-10-24 12:00:00+00:00,10122.0
2024-10-24 13:00:00+00:00,8767.0
2024-10-24 14:00:00+00:00,6203.0
2024-10-24 15:00:00+00:00,2819.0
2024-10-24 16:00:00+00:00,239.0
2024-10-24 17:00:00+00:00,0.0
2024-10-24 18:00:00+00:00,0.0
2024-10-24 19:00:00+00:00,0.0
2024-10-24 20:00:00+00:00,0.0
2024-10-24 21:00:00+00:00,0.0
2024-10-24 22:00:00+00:00,0.0
2024-10-24 23:00:00+00:00,0.0
2024-10-25 00:00:00+00:00,0.0
2024-10-25 01:00:00+00:00,0.0
2024-10-25 02:00:00+00:00,0.0
2024-10-25 03:00:00+00:00,0.0
2024-10-25 04:00:00+00:00,0.0
2024-10-25 05:00:00+00:00,0.0
2024-10-25 06:00:00+00:00,60.0
2024-10-25 07:00:00+00:00,1474.0
2024-10-25 08:00:00+00:00,4353.0
2024-10-25 09:00:00+00:00,7370.0
2024-10-25 10:00:00+00:00,9079.0
2024-10-25 11:00:00+00:00,10062.0
2024-10-25 12:00:00+00:00,9707.0
2024-10-25 13:00:00+00:00,8485.0
2024-10-25 14:00:00+00:00,5778.0
2024-10-25 15:00:00+00:00,2490.0
2024-10-25 16:00:00+00:00,165.0
2024-10-25 17:00:00+00:00,0.0
2024-10-25 18:00:00+00:00,0.0
2024-10-25 19:00:00+00:00,0.0
2024-10-25 20:00:00+00:00,0.0
2024-10-25 21:00:00+00:00,0.0
2024-10-25 22:00:00+00:00,0.0
2024-10-25 23:00:00+00:00,0.0
2024-10-26 00:00:00+00:00,0.0
2024-10-26 01:00:00+00:00,0.0
2024-10-26 02:00:00+00:00,0.0
2024-10-26 03:00:00+00:00,0.0
2024-10-26 04:00:00+00:00,0.0
2024-10-26 05:00:00+00:00,0.0
2024-10-26 06:00:00+00:00,50.0
2024-10-26 07:00:00+00:00,1000.0
2024-10-26 08:00:00+00:00,4155.0
2024-10-26 09:00:00+00:00,7939.0
2024-10-26 10:00:00+00:00,10234.0
2024-10-26 11:00:00+00:00,10801.0
2024-10-26 12:00:00+00:00,10510.0
2024-10-26 13:00:00+00:00,8488.0
2024-10-26 14:00:00+00:00,5048.0
2024-10-26 15:00:00+00:00,1660.0
2024-10-26 16:00:00+00:00,157.0
2024-10-26 17:00:00+00:00,0.0
2024-10-26 18:00:00+00:00,0.0
2024-10-26 19:00:00+00:00,0.0
2024-10-26 20:00:00+00:00,0.0
2024-10-26 21:00:00+00:00,0.0
2024-10-26 22:00:00+00:00,0.0
2024-10-26 23:00:00+00:00,0.0
2024-10-27 00:00:00+00:00,0.0
2024-10-27 01:00:00+00:00,0.0
2024-10-27 02:00:00+00:00,0.0
2024-10-27 03:00:00+00:00,0.0
2024-10-27 04:00:00+00:00,0.0
2024-10-27 05:00:00+00:00,0.0
2024-10-27 06:00:00+00:00,11.0
2024-10-27 07:00:00+00:00,518.0
2024-10-27 08:00:00+00:00,3115.0
2024-10-27 09:00:00+00:00,6846.0
2024-10-27 10:00:00+00:00,8738.0
2024-10-27 11:00:00+00:00,8965.0
2024-10-27 12:00:00+00:00,8484.0
2024-10-27 13:00:00+00:00,7467.0
2024-10-27 14:00:00+00:00,4747.0
2024-10-27 15:00:00+00:00,2054.0
2024-10-27 16:00:00+00:00,125.0
2024-10-27 17:00:00+00:00,0.0
2024-10-27 18:00:00+00:00,0.0
2024-10-27 19:00:00+00:00,0.0
2024-10-27 20:00:00+00:00,0.0
2024-10-27 21:00:00+00:00,0.0
2024-10-27 22:00:00+00:00,0.0
2024-10-27 23:00:00+00:00,0.0
2024-10-28 00:00:00+00:00,0.0
2024-10-28 01:00:00+00:00,0.0
2024-10-28 02:00:00+00:00,0.0
2024-10-28 03:00:00+00:00,0.0
2024-10-28 04:00:00+00:00,0.0
2024-10-28 05:00:00+00:00,0.0
2024-10-28 06:00:00+00:00,49.0
2024-10-28 07:00:00+00:00,977.0
2024-10-28 08:00:00+00:00,2838.0
2024-10-28 09:00:00+00:00,4089.0
2024-10-28 10:00:00+00:00,4048.0
2024-10-28 11:00:00+00:00,3971.0
2024-10-28 12:00:00+00:00,3861.0
2024-10-28 13:00:00+00:00,2922.0
2024-10-28 14:00:00+00:00,2134.0
2024-10-28 15:00:00+00:00,1003.0
2024-10-28 16:00:00+00:00,122.0
2024-10-28 17:00:00+00:00,0.0
2024-10-28 18:00:00+00:00,0.0
2024-10-28 19:00:00+00:00,0.0
2024-10-28 20:00:00+00:00,0.0
2024-10-28 21:00:00+00:00,0.0
2024-10-28 22:00:00+00:00,0.0
2024-10-28 23:00:00+00:00,0.0
2024-10-29 00:00:00+00:00,0.0
2024-10-29 01:00:00+00:00,0.0
2024-10-29 02:00:00+00:00,0.0
2024-10-29 03:00:00+00:00,0.0
2024-10-29 04:00:00+00:00,0.0
2024-10-29 05:00:00+00:00,0.0
2024-10-29 06:00:00+00:00,13.0
2024-10-29 07:00:00+00:00,402.0
2024-10-29 08:00:00+00:00,1415.0
2024-10-29 09:00:00+00:00,2489.0
2024-10-29 10:00:00+00:00,3363.0
2024-10-29 11:00:00+00:00,3861.0
2024-10-29 12:00:00+00:00,3295.0
2024-10-29 13:00:00+00:00,2669.0
2024-10-29 14:00:00+00:00,1693.0
2024-10-29 15:00:00+00:00,571.0
2024-10-29 16:00:00+00:00,29.0
2024-10-29 17:00:00+00:00,0.0
2024-10-29 18:00:00+00:00,0.0
2024-10-29 19:00:00+00:00,0.0
2024-10-29 20:00:00+00:00,0.0
2024-10-29 21:00:00+00:00,0.0
2024-10-29 22:00:00+00:00,0.0
2024-10-29 23:00:00+00:00,0.0
2024-10-30 00:00:00+00:00,0.0
2024-10-30 01:00:00+00:00,0.0
2024-10-30 02:00:00+00:00,0.0
2024-10-30 03:00:00+00:00,0.0
2024-10-30 04:00:00+00:00,0.0
2024-10-30 05:00:00+00:00,0.0
2024-10-30 06:00:00+00:00,17.0
2024-10-30 07:00:00+00:00,575.0
2024-10-30 08:00:00+00:00,2148.0
2024-10-30 09:00:00+00:00,3676.0
2024-10-30 10:00:00+00:00,4966.0
2024-10-30 11:00:00+00:00,4872.0
2024-10-30 12:00:00+00:00,4732.0
2024-10-30 13:00:00+00:00,2915.0
2024-10-30 14:00:00+00:00,1986.0
2024-10-30 15:00:00+00:00,792.0
2024-10-30 16:00:00+00:00,41.0
2024-10-30 17:00:00+00:00,0.0
2024-10-30 18:00:00+00:00,0.0
2024-10-30 19:00:00+00:00,0.0
2024-10-30 20:00:00+00:00,0.0
2024-10-30 21:00:00+00:00,0.0
2024-10-30 22:00:00+00:00,0.0
2024-10-30 23:00:00+00:00,0.0
2024-10-31 00:00:00+00:00,0.0
2024-10-31 01:00:00+00:00,0.0
2024-10-31 02:00:00+00:00,0.0
2024-10-31 03:00:00+00:00,0.0
2024-10-31 04:00:00+00:00,0.0
2024-10-31 05:00:00+00:00,0.0
2024-10-31 06:00:00+00:00,7.0
2024-10-31 07:00:00+00:00,307.0
2024-10-31 08:00:00+00:00,1454.0
2024-10-31 09:00:00+00:00,3009.0
2024-10-31 10:00:00+00:00,4189.0
2024-10-31 11:00:00+00:00,4574.0
2024-10-31 12:00:00+00:00,4294.0
2024-10-31 13:00:00+00:00,3478.0
2024-10-31 14:00:00+00:00,2261.0
2024-10-31 15:00:00+00:00,779.0
2024-10-31 16:00:00+00:00,27.0
2024-10-31 17:00:00+00:00,0.0
2024-10-31 18:00:00+00:00,0.0
2024-10-31 19:00:00+00:00,0.0
2024-10-31 20:00:00+00:00,0.0
2024-10-31 21:00:00+00:00,0.0
2024-10-31 22:00:00+00:00,0.0
2024-10-31 23:00:00+00:00,0.0
2024-11-01 00:00:00+00:00,0.0
2024-11-01 01:00:00+00:00,0.0
2024-11-01 02:00:00+00:00,0.0
2024-11-01 03:00:00+00:00,0.0
2024-11-01 04:00:00+00:00,0.0
2024-11-01 05:00:00+00:00,0.0
2024-11-01 06:00:00+00:00,7.0
2024-11-01 07:00:00+00:00,224.0
2024-11-01 08:00:00+00:00,822.0
2024-11-01 09:00:00+00:00,1363.0
2024-11-01 10:00:00+00:00,1837.0
2024-11-01 11:00:00+00:00,2145.0
2024-11-01 12:00:00+00:00,2069.0
2024-11-01 13:00:00+00:00,1462.0
2024-11-01 14:00:00+00:00,753.0
2024-11-01 15:00:00+00:00,211.0
2024-11-01 16:00:00+00:00,8.0
2024-11-01 17:00:00+00:00,0.0
2024-11-01 18:00:00+00:00,0.0
2024-11-01 19:00:00+00:00,0.0
2024-11-01 20:00:00+00:00,0.0
2024-11-01 21:00:00+00:00,0.0
2024-11-01 22:00:00+00:00,0.0
2024-11-01 23:00:00+00:00,0.0
2024-11-02 00:00:00+00:00,0.0
2024-11-02 01:00:00+00:00,0.0
2024-11-02 02:00:00+00:00,0.0
2024-11-02 03:00:00+00:00,0.0
2024-11-02 04:00:00+00:00,0.0
2024-11-02 05:00:00+00:00,0.0
2024-11-02 06:00:00+00:00,10.0
2024-11-02 07:00:00+00:00,620.0
2024-11-02 08:00:00+00:00,2712.0
2024-11-02 09:00:00+00:00,5318.0
2024-11-02 10:00:00+00:00,6729.0
2024-11-02 11:00:00+00:00,6774.0
2024-11-02 12:00:00+00:00,6729.0
2024-11-02 13:00:00+00:00,5944.0
2024-11-02 14:00:00+00:00,3296.0
2024-11-02 15:00:00+00:00,1067.0
2024-11-02 16:00:00+00:00,29.0
2024-11-02 17:00:00+00:00,0.0
2024-11-02 18:00:00+00:00,0.0
2024-11-02 19:00:00+00:00,0.0
2024-11-02 20:00:00+00:00,0.0
2024-11-02 21:00:00+00:00,0.0
2024-11-02 22:00:00+00:00,0.0
2024-11-02 23:00:00+00:00,0.0
2024-11-03 00:00:00+00:00,0.0
2024-11-03 01:00:00+00:00,0.0
2024-11-03 02:00:00+00:00,0.0
2024-11-03 03:00:00+00:00,0.0
2024-11-03 04:00:00+00:00,0.0
2024-11-03 05:00:00+00:00,0.0
2024-11-03 06:00:00+00:00,8.0
2024-11-03 07:00:00+00:00,984.0
2024-11-03 08:00:00+00:00,4206.0
2024-11-03 09:00:00+00:00,7116.0
2024-11-03 10:00:00+00:00,9114.0
2024-11-03 11:00:00+00:00,9974.0
2024-11-03 12:00:00+00:00,9460.0
2024-11-03 13:00:00+00:00,7711.0
2024-11-03 14:00:00+00:00,4986.0
2024-11-03 15:00:00+00:00,1423.0
2024-11-03 16:00:00+00:00,11.0
2024-11-03 17:00:00+00:00,0.0
2024-11-03 18:00:00+00:00,0.0
2024-11-03 19:00:00+00:00,0.0
2024-11-03 20:00:00+00:00,0.0
2024-11-03 21:00:00+00:00,0.0
2024-11-03 22:00:00+00:00,0.0
2024-11-03 23:00:00+00:00,0.0
2024-11-04 00:00:00+00:00,0.0
2024-11-04 01:00:00+00:00,0.0
2024-11-04 02:00:00+00:00,0.0
2024-11-04 03:00:00+00:00,0.0
2024-11-04 04:00:00+00:00,0.0
2024-11-04 05:00:00+00:00,0.0
2024-11-04 06:00:00+00:00,9.0
2024-11-04 07:00:00+00:00,760.0
2024-11-04 08:00:00+00:00,3450.0
2024-11-04 09:00:00+00:00,6389.0
2024-11-04 10:00:00+00:00,8450.0
2024-11-04 11:00:00+00:00,9154.0
2024-11-04 12:00:00+00:00,8929.0
2024-11-04 13:00:00+00:00,7235.0
2024-11-04 14:00:00+00:00,4509.0
2024-11-04 15:00:00+00:00,1274.0
2024-11-04 16:00:00+00:00,16.0
2024-11-04 17:00:00+00:00,0.0
2024-11-04 18:00:00+00:00,0.0
2024-11-04 19:00:00+00:00,0.0
2024-11-04 20:00:00+00:00,0.0
2024-11-04 21:00:00+00:00,0.0
2024-11-04 22:00:00+00:00,0.0
2024-11-04 23:00:00+00:00,0.0
2024-11-05 00:00:00+00:00,0.0
2024-11-05 01:00:00+00:00,0.0
2024-11-05 02:00:00+00:00,0.0
2024-11-05 03:00:00+00:00,0.0
2024-11-05 04:00:00+00:00,0.0
2024-11-05 05:00:00+00:00,0.0
2024-11-05 06:00:00+00:00,5.0
2024-11-05 07:00:00+00:00,737.0
2024-11-05 08:00:00+00:00,3428.0
2024-11-05 09:00:00+00:00,6395.0
2024-11-05 10:00:00+00:00,8602.0
2024-11-05 11:00:00+00:00,9225.0
2024-11-05 12:00:00+00:00,9282.0
2024-11-05 13:00:00+00:00,7203.0
2024-11-05 14:00:00+00:00,4230.0
2024-11-05 15:00:00+00:00,994.0
2024-11-05 16:00:00+00:00,2.0
2024-11-05 17:00:00+00:00,0.0
2024-11-05 18:00:00+00:00,0.0
2024-11-05 19:00:00+00:00,0.0
2024-11-05 20:00:00+00:00,0.0
2024-11-05 21:00:00+00:00,0.0
2024-11-05 22:00:00+00:00,0.0
2024-11-05 23:00:00+00:00,0.0
2024-11-06 00:00:00+00:00,0.0
2024-11-06 01:00:00+00:00,0.0
2024-11-06 02:00:00+00:00,0.0
2024-11-06 03:00:00+00:00,0.0
2024-11-06 04:00:00+00:00,0.0
2024-11-06 05:00:00+00:00,0.0
2024-11-06 06:00:00+00:00,3.0
2024-11-06 07:00:00+00:00,237.0
2024-11-06 08:00:00+00:00,1033.0
2024-11-06 09:00:00+00:00,1861.0
2024-11-06 10:00:00+00:00,2441.0
2024-11-06 11:00:00+00:00,2801.0
2024-11-06 12:00:00+00:00,2877.0
2024-11-06 13:00:00+00:00,2336.0
2024-11-06 14:00:00+00:00,1545.0
2024-11-06 15:00:00+00:00,424.0
2024-11-06 16:00:00+00:00,0.0
2024-11-06 17:00:00+00:00,0.0
2024-11-06 18:00:00+00:00,0.0
2024-11-06 19:00:00+00:00,0.0
2024-11-06 20:00:00+00:00,0.0
2024-11-06 21:00:00+00:00,0.0
2024-11-06 22:00:00+00:00,0.0
2024-11-06 23:00:00+00:00,0.0
2024-11-07 00:00:00+00:00,0.0
2024-11-07 01:00:00+00:00,0.0
2024-11-07 02:00:00+00:00,0.0
2024-11-07 03:00:00+00:00,0.0
2024-11-07 04:00:00+00:00,0.0
2024-11-07 05:00:00+00:00,0.0
2024-11-07 06:00:00+00:00,2.0
2024-11-07 07:00:00+00:00,142.0
2024-11-07 08:00:00+00:00,705.0
2024-11-07 09:00:00+00:00,1384.0
2024-11-07 10:00:00+00:00,1850.0
2024-11-07 11:00:00+00:00,2024.0
2024-11-07 12:00:00+00:00,1973.0
2024-11-07 13:00:00+00:00,1595.0
2024-11-07 14:00:00+00:00,924.0
2024-11-07 15:00:00+00:00,231.0
2024-11-07 16:00:00+00:00,0.0
2024-11-07 17:00:00+00:00,0.0
2024-11-07 18:00:00+00:00,0.0
2024-11-07 19:00:00+00:00,0.0
2024-11-07 20:00:00+00:00,0.0
2024-11-07 21:00:00+00:00,0.0
2024-11-07 22:00:00+00:00,0.0
2024-11-07 23:00:00+00:00,0.0
2024-11-08 00:00:00+00:00,0.0
2024-11-08 01:00:00+00:00,0.0
2024-11-08 02:00:00+00:00,0.0
2024-11-08 03:00:00+00:00,0.0
2024-11-08 04:00:00+00:00,0.0
2024-11-08 05:00:00+00:00,0.0
2024-11-08 06:00:00+00:00,1.0
2024-11-08 07:00:00+00:00,117.0
2024-11-08 08:00:00+00:00,623.0
2024-11-08 09:00:00+00:00,1258.0
2024-11-08 10:00:00+00:00,1613.0
2024-11-08 11:00:00+00:00,1783.0
2024-11-08 12:00:00+00:00,1653.0
2024-11-08 13:00:00+00:00,1288.0
2024-11-08 14:00:00+00:00,680.0
2024-11-08 15:00:00+00:00,154.0
2024-11-08 16:00:00+00:00,0.0
2024-11-08 17:00:00+00:00,0.0
2024-11-08 18:00:00+00:00,0.0
2024-11-08 19:00:00+00:00,0.0
2024-11-08 20:00:00+00:00,0.0
2024-11-08 21:00:00+00:00,0.0
2024-11-08 22:00:00+00:00,0.0
2024-11-08 23:00:00+00:00,0.0
2024-11-09 00:00:00+00:00,0.0
2024-11-09 01:00:00+00:00,0.0
2024-11-09 02:00:00+00:00,0.0
2024-11-09 03:00:00+00:00,0.0
2024-11-09 04:00:00+00:00,0.0
2024-11-09 05:00:00+00:00,0.0
2024-11-09 06:00:00+00:00,0.0
2024-11-09 07:00:00+00:00,122.0
2024-11-09 08:00:00+00:00,576.0
2024-11-09 09:00:00+00:00,1209.0
2024-11-09 10:00:00+00:00,1653.0
2024-11-09 11:00:00+00:00,1899.0
2024-11-09 12:00:00+00:00,1773.0
2024-11-09 13:00:00+00:00,1379.0
2024-11-09 14:00:00+00:00,841.0
2024-11-09 15:00:00+00:00,205.0
2024-11-09 16:00:00+00:00,0.0
2024-11-09 17:00:00+00:00,0.0
2024-11-09 18:00:00+00:00,0.0
2024-11-09 19:00:00+00:00,0.0
2024-11-09 20:00:00+00:00,0.0
2024-11-09 21:00:00+00:00,0.0
2024-11-09 22:00:00+00:00,0.0
2024-11-09 23:00:00+00:00,0.0
2024-11-10 00:00:00+00:00,0.0
2024-11-10 01:00:00+00:00,0.0
2024-11-10 02:00:00+00:00,0.0
2024-11-10 03:00:00+00:00,0.0
2024-11-10 04:00:00+00:00,0.0
2024-11-10 05:00:00+00:00,0.0
2024-11-10 06:00:00+00:00,0.0
2024-11-10 07:00:00+00:00,181.0
2024-11-10 08:00:00+00:00,980.0
2024-11-10 09:00:00+00:00,1976.0
2024-11-10 10:00:00+00:00,2908.0
2024-11-10 11:00:00+00:00,3190.0
2024-11-10 12:00:00+00:00,3153.0
2024-11-10 13:00:00+00:00,2563.0
2024-11-10 14:00:00+00:00,1475.0
2024-11-10 15:00:00+00:00,281.0
2024-11-10 16:00:00+00:00,0.0
2024-11-10 17:00:00+00:00,0.0
2024-11-10 18:00:00+00:00,0.0
2024-11-10 19:00:00+00:00,0.0
2024-11-10 20:00:00+00:00,0.0
2024-11-10 21:00:00+00:00,0.0
2024-11-10 22:00:00+00:00,0.0
2024-11-10 23:00:00+00:00,0.0
2024-11-11 00:00:00+00:00,0.0
2024-11-11 01:00:00+00:00,0.0
2024-11-11 02:00:00+00:00,0.0
2024-11-11 03:00:00+00:00,0.0
2024-11-11 04:00:00+00:00,0.0
2024-11-11 05:00:00+00:00,0.0
2024-11-11 06:00:00+00:00,0.0
2024-11-11 07:00:00+00:00,248.0
2024-11-11 08:00:00+00:00,2515.0
2024-11-11 09:00:00+00:00,6057.0
2024-11-11 10:00:00+00:00,7614.0
2024-11-11 11:00:00+00:00,7844.0
2024-11-11 12:00:00+00:00,6839.0
2024-11-11 13:00:00+00:00,4708.0
2024-11-11 14:00:00+00:00,2866.0
2024-11-11 15:00:00+00:00,689.0
2024-11-11 16:00:00+00:00,0.0
2024-11-11 17:00:00+00:00,0.0
2024-11-11 18:00:00+00:00,0.0
2024-11-11 19:00:00+00:00,0.0
2024-11-11 20:00:00+00:00,0.0
2024-11-11 21:00:00+00:00,0.0
2024-11-11 22:00:00+00:00,0.0
2024-11-11 23:00:00+00:00,0.0
2024-11-12 00:00:00+00:00,0.0
2024-11-12 01:00:00+00:00,0.0
2024-11-12 02:00:00+00:00,0.0
2024-11-12 03:00:00+00:00,0.0
2024-11-12 04:00:00+00:00,0.0
2024-11-12 05:00:00+00:00,0.0
2024-11-12 06:00:00+00:00,0.0
2024-11-12 07:00:00+00:00,211.0
2024-11-12 08:00:00+00:00,1790.0
2024-11-12 09:00:00+00:00,3637.0
2024-11-12 10:00:00+00:00,5701.0
2024-11-12 11:00:00+00:00,6974.0
2024-11-12 12:00:00+00:00,6371.0
2024-11-12 13:00:00+00:00,4692.0
2024-11-12 14:00:00+00:00,2636.0
2024-11-12 15:00:00+00:00,739.0
2024-11-12 16:00:00+00:00,0.0
2024-11-12 17:00:00+00:00,0.0
2024-11-12 18:00:00+00:00,0.0
2024-11-12 19:00:00+00:00,0.0
2024-11-12 20:00:00+00:00,0.0
2024-11-12 21:00:00+00:00,0.0
2024-11-12 22:00:00+00:00,0.0
2024-11-12 23:00:00+00:00,0.0
2024-11-13 00:00:00+00:00,0.0
2024-11-13 01:00:00+00:00,0.0
2024-11-13 02:00:00+00:00,0.0
2024-11-13 03:00:00+00:00,0.0
2024-11-13 04:00:00+00:00,0.0
2024-11-13 05:00:00+00:00,0.0
2024-11-13 06:00:00+00:00,0.0
2024-11-13 07:00:00+00:00,206.0
2024-11-13 08:00:00+00:00,1181.0
2024-11-13 09:00:00+00:00,2537.0
2024-11-13 10:00:00+00:00,3956.0
2024-11-13 11:00:00+00:00,4258.0
2024-11-13 12:00:00+00:00,3921.0
2024-11-13 13:00:00+00:00,3236.0
2024-11-13 14:00:00+00:00,1800.0
2024-11-13 15:00:00+00:00,400.0
2024-11-13 16:00:00+00:00,0.0
2024-11-13 17:00:00+00:00,0.0
2024-11-13 18:00:00+00:00,0.0
2024-11-13 19:00:00+00:00,0.0
2024-11-13 20:00:00+00:00,0.0
2024-11-13 21:00:00+00:00,0.0
2024-11-13 22:00:00+00:00,0.0
2024-11-13 23:00:00+00:00,0.0
2024-11-14 00:00:00+00:00,0.0
2024-11-14 01:00:00+00:00,0.0
2024-11-14 02:00:00+00:00,0.0
2024-11-14 03:00:00+00:00,0.0
2024-11-14 04:00:00+00:00,0.0
2024-11-14 05:00:00+00:00,0.0
2024-11-14 06:00:00+00:00,0.0
2024-11-14 07:00:00+00:00,168.0
2024-11-14 08:00:00+00:00,1129.0
2024-11-14 09:00:00+00:00,2576.0
2024-11-14 10:00:00+00:00,3424.0
2024-11-14 11:00:00+00:00,3853.0
2024-11-14 12:00:00+00:00,3768.0
2024-11-14 13:00:00+00:00,2724.0
2024-11-14 14:00:00+00:00,1611.0
2024-11-14 15:00:00+00:00,423.0
2024-11-14 16:00:00+00:00,0.0
2024-11-14 17:00:00+00:00,0.0
2024-11-14 18:00:00+00:00,0.0
2024-11-14 19:00:00+00:00,0.0
2024-11-14 20:00:00+00:00,0.0
2024-11-14 21:00:00+00:00,0.0
2024-11-14 22:00:00+00:00,0.0
2024-11-14 23:00:00+00:00,0.0
2024-11-15 00:00:00+00:00,0.0
2024-11-15 01:00:00+00:00,0.0
2024-11-15 02:00:00+00:00,0.0
2024-11-15 03:00:00+00:00,0.0
2024-11-15 04:00:00+00:00,0.0
2024-11-15 05:00:00+00:00,0.0
2024-11-15 06:00:00+00:00,0.0
2024-11-15 07:00:00+00:00,145.0
2024-11-15 08:00:00+00:00,1087.0
2024-11-15 09:00:00+00:00,2263.0
2024-11-15 10:00:00+00:00,3140.0
2024-11-15 11:00:00+00:00,3024.0
2024-11-15 12:00:00+00:00,3077.0
2024-11-15 13:00:00+00:00,2191.0
2024-11-15 14:00:00+00:00,1206.0
2024-11-15 15:00:00+00:00,231.0
2024-11-15 16:00:00+00:00,0.0
2024-11-15 17:00:00+00:00,0.0
2024-11-15 18:00:00+00:00,0.0
2024-11-15 19:00:00+00:00,0.0
2024-11-15 20:00:00+00:00,0.0
2024-11-15 21:00:00+00:00,0.0
2024-11-15 22:00:00+00:00,0.0
2024-11-15 23:00:00+00:00,0.0
2024-11-16 00:00:00+00:00,0.0
2024-11-16 01:00:00+00:00,0.0
2024-11-16 02:00:00+00:00,0.0
2024-11-16 03:00:00+00:00,0.0
2024-11-16 04:00:00+00:00,0.0
2024-11-16 05:00:00+00:00,0.0
2024-11-16 06:00:00+00:00,0.0
2024-11-16 07:00:00+00:00,130.0
2024-11-16 08:00:00+00:00,861.0
2024-11-16 09:00:00+00:00,1564.0
2024-11-16 10:00:00+00:00,1990.0
2024-11-16 11:00:00+00:00,2439.0
2024-11-16 12:00:00+00:00,2381.0
2024-11-16 13:00:00+00:00,1770.0
2024-11-16 14:00:00+00:00,1054.0
2024-11-16 15:00:00+00:00,208.0
2024-11-16 16:00:00+00:00,0.0
2024-11-16 17:00:00+00:00,0.0
2024-11-16 18:00:00+00:00,0.0
2024-11-16 19:00:00+00:00,0.0
2024-11-16 20:00:00+00:00,0.0
2024-11-16 21:00:00+00:00,0.0
2024-11-16 22:00:00+00:00,0.0
2024-11-16 23:00:00+00:00,0.0
2024-11-17 00:00:00+00:00,0.0
2024-11-17 01:00:00+00:00,0.0
2024-11-17 02:00:00+00:00,0.0
2024-11-17 03:00:00+00:00,0.0
2024-11-17 04:00:00+00:00,0.0
2024-11-17 05:00:00+00:00,0.0
2024-11-17 06:00:00+00:00,0.0
2024-11-17 07:00:00+00:00,105.0
2024-11-17 08:00:00+00:00,1365.0
2024-11-17 09:00:00+00:00,3697.0
2024-11-17 10:00:00+00:00,5970.0
2024-11-17 11:00:00+00:00,6660.0
2024-11-17 12:00:00+00:00,6400.0
2024-11-17 13:00:00+00:00,4728.0
2024-11-17 14:00:00+00:00,2775.0
2024-11-17 15:00:00+00:00,593.0
2024-11-17 16:00:00+00:00,0.0
2024-11-17 17:00:00+00:00,0.0
2024-11-17 18:00:00+00:00,0.0
2024-11-17 19:00:00+00:00,0.0
2024-11-17 20:00:00+00:00,0.0
2024-11-17 21:00:00+00:00,0.0
2024-11-17 22:00:00+00:00,0.0
2024-11-17 23:00:00+00:00,0.0
2024-11-18 00:00:00+00:00,0.0
2024-11-18 01:00:00+00:00,0.0
2024-11-18 02:00:00+00:00,0.0
2024-11-18 03:00:00+00:00,0.0
2024-11-18 04:00:00+00:00,0.0
2024-11-18 05:00:00+00:00,0.0
2024-11-18 06:00:00+00:00,0.0
2024-11-18 07:00:00+00:00,173.0
2024-11-18 08:00:00+00:00,1901.0
2024-11-18 09:00:00+00:00,4792.0
2024-11-18 10:00:00+00:00,7128.0
2024-11-18 11:00:00+00:00,6656.0
2024-11-18 12:00:00+00:00,6666.0
2024-11-18 13:00:00+00:00,4183.0
2024-11-18 14:00:00+00:00,2051.0
2024-11-18 15:00:00+00:00,387.0
2024-11-18 16:00:00+00:00,0.0
2024-11-18 17:00:00+00:00,0.0
2024-11-18 18:00:00+00:00,0.0
2024-11-18 19:00:00+00:00,0.0
2024-11-18 20:00:00+00:00,0.0
2024-11-18 21:00:00+00:00,0.0
2024-11-18 22:00:00+00:00,0.0
2024-11-18 23:00:00+00:00,0.0
2024-11-19 00:00:00+00:00,0.0
2024-11-19 01:00:00+00:00,0.0
2024-11-19 02:00:00+00:00,0.0
2024-11-19 03:00:00+00:00,0.0
2024-11-19 04:00:00+00:00,0.0
2024-11-19 05:00:00+00:00,0.0
2024-11-19 06:00:00+00:00,0.0
2024-11-19 07:00:00+00:00,42.0
2024-11-19 08:00:00+00:00,438.0
2024-11-19 09:00:00+00:00,1300.0
2024-11-19 10:00:00+00:00,1722.0
2024-11-19 11:00:00+00:00,1303.0
2024-11-19 12:00:00+00:00,1549.0
2024-11-19 13:00:00+00:00,2359.0
2024-11-19 14:00:00+00:00,1744.0
2024-11-19 15:00:00+00:00,327.0
2024-11-19 16:00:00+00:00,0.0
2024-11-19 17:00:00+00:00,0.0
2024-11-19 18:00:00+00:00,0.0
2024-11-19 19:00:00+00:00,0.0
2024-11-19 20:00:00+00:00,0.0
2024-11-19 21:00:00+00:00,0.0
2024-11-19 22:00:00+00:00,0.0
2024-11-19 23:00:00+00:00,0.0
2024-11-20 00:00:00+00:00,0.0
2024-11-20 01:00:00+00:00,0.0
2024-11-20 02:00:00+00:00,0.0
2024-11-20 03:00:00+00:00,0.0
2024-11-20 04:00:00+00:00,0.0
2024-11-20 05:00:00+00:00,0.0
2024-11-20 06:00:00+00:00,0.0
2024-11-20 07:00:00+00:00,88.0
2024-11-20 08:00:00+00:00,599.0
2024-11-20 09:00:00+00:00,981.0
2024-11-20 10:00:00+00:00,1546.0
2024-11-20 11:00:00+00:00,1895.0
2024-11-20 12:00:00+00:00,1923.0
2024-11-20 13:00:00+00:00,2236.0
2024-11-20 14:00:00+00:00,2613.0
2024-11-20 15:00:00+00:00,671.0
2024-11-20 16:00:00+00:00,0.0
2024-11-20 17:00:00+00:00,0.0
2024-11-20 18:00:00+00:00,0.0
2024-11-20 19:00:00+00:00,0.0
2024-11-20 20:00:00+00:00,0.0
2024-11-20 21:00:00+00:00,0.0
2024-11-20 22:00:00+00:00,0.0
2024-11-20 23:00:00+00:00,0.0
2024-11-21 00:00:00+00:00,0.0
2024-11-21 01:00:00+00:00,0.0
2024-11-21 02:00:00+00:00,0.0
2024-11-21 03:00:00+00:00,0.0
2024-11-21 04:00:00+00:00,0.0
2024-11-21 05:00:00+00:00,0.0
2024-11-21 06:00:00+00:00,0.0
2024-11-21 07:00:00+00:00,151.0
2024-11-21 08:00:00+00:00,1531.0
2024-11-21 09:00:00+00:00,3388.0
2024-11-21 10:00:00+00:00,4354.0
2024-11-21 11:00:00+00:00,4418.0
2024-11-21 12:00:00+00:00,4240.0
2024-11-21 13:00:00+00:00,3412.0
2024-11-21 14:00:00+00:00,1688.0
2024-11-21 15:00:00+00:00,289.0
2024-11-21 16:00:00+00:00,0.0
2024-11-21 17:00:00+00:00,0.0
2024-11-21 18:00:00+00:00,0.0
2024-11-21 19:00:00+00:00,0.0
2024-11-21 20:00:00+00:00,0.0
2024-11-21 21:00:00+00:00,0.0
2024-11-21 22:00:00+00:00,0.0
2024-11-21 23:00:00+00:00,0.0
2024-11-22 00:00:00+00:00,0.0
2024-11-22 01:00:00+00:00,0.0
2024-11-22 02:00:00+00:00,0.0
2024-11-22 03:00:00+00:00,0.0
2024-11-22 04:00:00+00:00,0.0
2024-11-22 05:00:00+00:00,0.0
2024-11-22 06:00:00+00:00,0.0
2024-11-22 07:00:00+00:00,138.0
2024-11-22 08:00:00+00:00,1584.0
2024-11-22 09:00:00+00:00,3394.0
2024-11-22 10:00:00+00:00,4135.0
2024-11-22 11:00:00+00:00,4333.0
2024-11-22 12:00:00+00:00,3406.0
2024-11-22 13:00:00+00:00,2292.0
2024-11-22 14:00:00+00:00,1261.0
2024-11-22 15:00:00+00:00,320.0
2024-11-22 16:00:00+00:00,0.0
2024-11-22 17:00:00+00:00,0.0
2024-11-22 18:00:00+00:00,0.0
2024-11-22 19:00:00+00:00,0.0
2024-11-22 20:00:00+00:00,0.0
2024-11-22 21:00:00+00:00,0.0
2024-11-22 22:00:00+00:00,0.0
2024-11-22 23:00:00+00:00,0.0
2024-11-23 00:00:00+00:00,0.0
2024-11-23 01:00:00+00:00,0.0
2024-11-23 02:00:00+00:00,0.0
2024-11-23 03:00:00+00:00,0.0
2024-11-23 04:00:00+00:00,0.0
2024-11-23 05:00:00+00:00,0.0
2024-11-23 06:00:00+00:00,0.0
2024-11-23 07:00:00+00:00,80.0
2024-11-23 08:00:00+00:00,943.0
2024-11-23 09:00:00+00:00,1948.0
2024-11-23 10:00:00+00:00,2567.0
2024-11-23 11:00:00+00:00,2865.0
2024-11-23 12:00:00+00:00,2425.0
2024-11-23 13:00:00+00:00,1566.0
2024-11-23 14:00:00+00:00,995.0
2024-11-23 15:00:00+00:00,143.0
2024-11-23 16:00:00+00:00,0.0
2024-11-23 17:00:00+00:00,0.0
2024-11-23 18:00:00+00:00,0.0
2024-11-23 19:00:00+00:00,0.0
2024-11-23 20:00:00+00:00,0.0
2024-11-23 21:00:00+00:00,0.0
2024-11-23 22:00:00+00:00,0.0
2024-11-23 23:00:00+00:00,0.0
2024-11-24 00:00:00+00:00,0.0
2024-11-24 01:00:00+00:00,0.0
2024-11-24 02:00:00+00:00,0.0
2024-11-24 03:00:00+00:00,0.0
2024-11-24 04:00:00+00:00,0.0
2024-11-24 05:00:00+00:00,0.0
2024-11-24 06:00:00+00:00,0.0
2024-11-24 07:00:00+00:00,73.0
2024-11-24 08:00:00+00:00,1104.0
2024-11-24 09:00:00+00:00,2822.0
2024-11-24 10:00:00+00:00,5224.0
2024-11-24 11:00:00+00:00,6455.0
2024-11-24 12:00:00+00:00,5936.0
2024-11-24 13:00:00+00:00,3750.0
2024-11-24 14:00:00+00:00,2187.0
2024-11-24 15:00:00+00:00,438.0
2024-11-24 16:00:00+00:00,0.0
2024-11-24 17:00:00+00:00,0.0
2024-11-24 18:00:00+00:00,0.0
2024-11-24 19:00:00+00:00,0.0
2024-11-24 20:00:00+00:00,0.0
2024-11-24 21:00:00+00:00,0.0
2024-11-24 22:00:00+00:00,0.0
2024-11-24 23:00:00+00:00,0.0
2024-11-25 00:00:00+00:00,0.0
2024-11-25 01:00:00+00:00,0.0
2024-11-25 02:00:00+00:00,0.0
2024-11-25 03:00:00+00:00,0.0
2024-11-25 04:00:00+00:00,0.0
2024-11-25 05:00:00+00:00,0.0
2024-11-25 06:00:00+00:00,0.0
2024-11-25 07:00:00+00:00,13.0
2024-11-25 08:00:00+00:00,227.0
2024-11-25 09:00:00+00:00,668.0
2024-11-25 10:00:00+00:00,1302.0
2024-11-25 11:00:00+00:00,1352.0
2024-11-25 12:00:00+00:00,1385.0
2024-11-25 13:00:00+00:00,1223.0
2024-11-25 14:00:00+00:00,718.0
2024-11-25 15:00:00+00:00,141.0
2024-11-25 16:00:00+00:00,0.0
2024-11-25 17:00:00+00:00,0.0
2024-11-25 18:00:00+00:00,0.0
2024-11-25 19:00:00+00:00,0.0
2024-11-25 20:00:00+00:00,0.0
2024-11-25 21:00:00+00:00,0.0
2024-11-25 22:00:00+00:00,0.0
2024-11-25 23:00:00+00:00,0.0
2024-11-26 00:00:00+00:00,0.0
2024-11-26 01:00:00+00:00,0.0
2024-11-26 02:00:00+00:00,0.0
2024-11-26 03:00:00+00:00,0.0
2024-11-26 04:00:00+00:00,0.0
2024-11-26 05:00:00+00:00,0.0
2024-11-26 06:00:00+00:00,0.0
2024-11-26 07:00:00+00:00,94.0
2024-11-26 08:00:00+00:00,1527.0
2024-11-26 09:00:00+00:00,3811.0
2024-11-26 10:00:00+00:00,5171.0
2024-11-26 11:00:00+00:00,5496.0
2024-11-26 12:00:00+00:00,4575.0
2024-11-26 13:00:00+00:00,2661.0
2024-11-26 14:00:00+00:00,1363.0
2024-11-26 15:00:00+00:00,253.0
2024-11-26 16:00:00+00:00,0.0
2024-11-26 17:00:00+00:00,0.0
2024-11-26 18:00:00+00:00,0.0
2024-11-26 19:00:00+00:00,0.0
2024-11-26 20:00:00+00:00,0.0
2024-11-26 21:00:00+00:00,0.0
2024-11-26 22:00:00+00:00,0.0
2024-11-26 23:00:00+00:00,0.0
2024-11-27 00:00:00+00:00,0.0
2024-11-27 01:00:00+00:00,0.0
2024-11-27 02:00:00+00:00,0.0
2024-11-27 03:00:00+00:00,0.0
2024-11-27 04:00:00+00:00,0.0
2024-11-27 05:00:00+00:00,0.0
2024-11-27 06:00:00+00:00,0.0
2024-11-27 07:00:00+00:00,18.0
2024-11-27 08:00:00+00:00,244.0
2024-11-27 09:00:00+00:00,746.0
2024-11-27 10:00:00+00:00,1105.0
2024-11-27 11:00:00+00:00,1300.0
2024-11-27 12:00:00+00:00,932.0
2024-11-27 13:00:00+00:00,594.0
2024-11-27 14:00:00+00:00,268.0
2024-11-27 15:00:00+00:00,75.0
2024-11-27 16:00:00+00:00,0.0
2024-11-27 17:00:00+00:00,0.0
2024-11-27 18:00:00+00:00,0.0
2024-11-27 19:00:00+00:00,0.0
2024-11-27 20:00:00+00:00,0.0
2024-11-27 21:00:00+00:00,0.0
2024-11-27 22:00:00+00:00,0.0
2024-11-27 23:00:00+00:00,0.0
2024-11-28 00:00:00+00:00,0.0
2024-11-28 01:00:00+00:00,0.0
2024-11-28 02:00:00+00:00,0.0
2024-11-28 03:00:00+00:00,0.0
2024-11-28 04:00:00+00:00,0.0
2024-11-28 05:00:00+00:00,0.0
2024-11-28 06:00:00+00:00,0.0
2024-11-28 07:00:00+00:00,63.0
2024-11-28 08:00:00+00:00,1475.0
2024-11-28 09:00:00+00:00,4611.0
2024-11-28 10:00:00+00:00,6760.0
2024-11-28 11:00:00+00:00,7825.0
2024-11-28 12:00:00+00:00,6327.0
2024-11-28 13:00:00+00:00,5003.0
2024-11-28 14:00:00+00:00,2603.0
2024-11-28 15:00:00+00:00,362.0
2024-11-28 16:00:00+00:00,0.0
2024-11-28 17:00:00+00:00,0.0
2024-11-28 18:00:00+00:00,0.0
2024-11-28 19:00:00+00:00,0.0
2024-11-28 20:00:00+00:00,0.0
2024-11-28 21:00:00+00:00,0.0
2024-11-28 22:00:00+00:00,0.0
2024-11-28 23:00:00+00:00,0.0
2024-11-29 00:00:00+00:00,0.0
2024-11-29 01:00:00+00:00,0.0
2024-11-29 02:00:00+00:00,0.0
2024-11-29 03:00:00+00:00,0.0
2024-11-29 04:00:00+00:00,0.0
2024-11-29 05:00:00+00:00,0.0
2024-11-29 06:00:00+00:00,0.0
2024-11-29 07:00:00+00:00,75.0
2024-11-29 08:00:00+00:00,1881.0
2024-11-29 09:00:00+00:00,4866.0
2024-11-29 10:00:00+00:00,6779.0
2024-11-29 11:00:00+00:00,7591.0
2024-11-29 12:00:00+00:00,7383.0
2024-11-29 13:00:00+00:00,5781.0
2024-11-29 14:00:00+00:00,2661.0
2024-11-29 15:00:00+00:00,319.0
2024-11-29 16:00:00+00:00,0.0
2024-11-29 17:00:00+00:00,0.0
2024-11-29 18:00:00+00:00,0.0
2024-11-29 19:00:00+00:00,0.0
2024-11-29 20:00:00+00:00,0.0
2024-11-29 21:00:00+00:00,0.0
2024-11-29 22:00:00+00:00,0.0
2024-11-29 23:00:00+00:00,0.0
2024-11-30 00:00:00+00:00,0.0
2024-11-30 01:00:00+00:00,0.0
2024-11-30 02:00:00+00:00,0.0
2024-11-30 03:00:00+00:00,0.0
2024-11-30 04:00:00+00:00,0.0
2024-11-30 05:00:00+00:00,0.0
2024-11-30 06:00:00+00:00,0.0
2024-11-30 07:00:00+00:00,105.0
2024-11-30 08:00:00+00:00,1826.0
2024-11-30 09:00:00+00:00,4399.0
2024-11-30 10:00:00+00:00,6868.0
2024-11-30 11:00:00+00:00,7644.0
2024-11-30 12:00:00+00:00,6636.0
2024-11-30 13:00:00+00:00,4438.0
2024-11-30 14:00:00+00:00,2160.0
2024-11-30 15:00:00+00:00,207.0
2024-11-30 16:00:00+00:00,0.0
2024-11-30 17:00:00+00:00,0.0
2024-11-30 18:00:00+00:00,0.0
2024-11-30 19:00:00+00:00,0.0
2024-11-30 20:00:00+00:00,0.0
2024-11-30 21:00:00+00:00,0.0
2024-11-30 22:00:00+00:00,0.0
2024-11-30 23:00:00+00:00,0.0
2024-12-01 00:00:00+00:00,0.0
2024-12-01 01:00:00+00:00,0.0
2024-12-01 02:00:00+00:00,0.0
2024-12-01 03:00:00+00:00,0.0
2024-12-01 04:00:00+00:00,0.0
2024-12-01 05:00:00+00:00,0.0
2024-12-01 06:00:00+00:00,0.0
2024-12-01 07:00:00+00:00,68.0
2024-12-01 08:00:00+00:00,1685.0
2024-12-01 09:00:00+00:00,4722.0
2024-12-01 10:00:00+00:00,6985.0
2024-12-01 11:00:00+00:00,7857.0
2024-12-01 12:00:00+00:00,7168.0
2024-12-01 13:00:00+00:00,5013.0
2024-12-01 14:00:00+00:00,1794.0
2024-12-01 15:00:00+00:00,144.0
2024-12-01 16:00:00+00:00,0.0
2024-12-01 17:00:00+00:00,0.0
2024-12-01 18:00:00+00:00,0.0
2024-12-01 19:00:00+00:00,0.0
2024-12-01 20:00:00+00:00,0.0
2024-12-01 21:00:00+00:00,0.0
2024-12-01 22:00:00+00:00,0.0
2024-12-01 23:00:00+00:00,0.0
2024-12-02 00:00:00+00:00,0.0
2024-12-02 01:00:00+00:00,0.0
2024-12-02 02:00:00+00:00,0.0
2024-12-02 03:00:00+00:00,0.0
2024-12-02 04:00:00+00:00,0.0
2024-12-02 05:00:00+00:00,0.0
2024-12-02 06:00:00+00:00,0.0
2024-12-02 07:00:00+00:00,20.0
2024-12-02 08:00:00+00:00,480.0
2024-12-02 09:00:00+00:00,1356.0
2024-12-02 10:00:00+00:00,2445.0
2024-12-02 11:00:00+00:00,3016.0
2024-12-02 12:00:00+00:00,3068.0
2024-12-02 13:00:00+00:00,2840.0
2024-12-02 14:00:00+00:00,1678.0
2024-12-02 15:00:00+00:00,228.0
2024-12-02 16:00:00+00:00,0.0
2024-12-02 17:00:00+00:00,0.0
2024-12-02 18:00:00+00:00,0.0
2024-12-02 19:00:00+00:00,0.0
2024-12-02 20:00:00+00:00,0.0
2024-12-02 21:00:00+00:00,0.0
2024-12-02 22:00:00+00:00,0.0
2024-12-02 23:00:00+00:00,0.0
2024-12-03 00:00:00+00:00,0.0
2024-12-03 01:00:00+00:00,0.0
2024-12-03 02:00:00+00:00,0.0
2024-12-03 03:00:00+00:00,0.0
2024-12-03 04:00:00+00:00,0.0
2024-12-03 05:00:00+00:00,0.0
2024-12-03 06:00:00+00:00,0.0
2024-12-03 07:00:00+00:00,28.0
2024-12-03 08:00:00+00:00,946.0
2024-12-03 09:00:00+00:00,3003.0
2024-12-03 10:00:00+00:00,4490.0
2024-12-03 11:00:00+00:00,4959.0
2024-12-03 12:00:00+00:00,4855.0
2024-12-03 13:00:00+00:00,3368.0
2024-12-03 14:00:00+00:00,1768.0
2024-12-03 15:00:00+00:00,215.0
2024-12-03 16:00:00+00:00,0.0
2024-12-03 17:00:00+00:00,0.0
2024-12-03 18:00:00+00:00,0.0
2024-12-03 19:00:00+00:00,0.0
2024-12-03 20:00:00+00:00,0.0
2024-12-03 21:00:00+00:00,0.0
2024-12-03 22:00:00+00:00,0.0
2024-12-03 23:00:00+00:00,0.0
2024-12-04 00:00:00+00:00,0.0
2024-12-04 01:00:00+00:00,0.0
2024-12-04 02:00:00+00:00,0.0
2024-12-04 03:00:00+00:00,0.0
2024-12-04 04:00:00+00:00,0.0
2024-12-04 05:00:00+00:00,0.0
2024-12-04 06:00:00+00:00,0.0
2024-12-04 07:00:00+00:00,25.0
2024-12-04 08:00:00+00:00,636.0
2024-12-04 09:00:00+00:00,1865.0
2024-12-04 10:00:00+00:00,2621.0
2024-12-04 11:00:00+00:00,2888.0
2024-12-04 12:00:00+00:00,3228.0
2024-12-04 13:00:00+00:00,2580.0
2024-12-04 14:00:00+00:00,1380.0
2024-12-04 15:00:00+00:00,171.0
2024-12-04 16:00:00+00:00,0.0
2024-12-04 17:00:00+00:00,0.0
2024-12-04 18:00:00+00:00,0.0
2024-12-04 19:00:00+00:00,0.0
2024-12-04 20:00:00+00:00,0.0
2024-12-04 21:00:00+00:00,0.0
2024-12-04 22:00:00+00:00,0.0
2024-12-04 23:00:00+00:00,0.0
2024-12-05 00:00:00+00:00,0.0
2024-12-05 01:00:00+00:00,0.0
2024-12-05 02:00:00+00:00,0.0
2024-12-05 03:00:00+00:00,0.0
2024-12-05 04:00:00+00:00,0.0
2024-12-05 05:00:00+00:00,0.0
2024-12-05 06:00:00+00:00,0.0
2024-12-05 07:00:00+00:00,25.0
2024-12-05 08:00:00+00:00,375.0
2024-12-05 09:00:00+00:00,601.0
2024-12-05 10:00:00+00:00,749.0
2024-12-05 11:00:00+00:00,1059.0
2024-12-05 12:00:00+00:00,1060.0
2024-12-05 13:00:00+00:00,880.0
2024-12-05 14:00:00+00:00,532.0
2024-12-05 15:00:00+00:00,86.0
2024-12-05 16:00:00+00:00,0.0
2024-12-05 17:00:00+00:00,0.0
2024-12-05 18:00:00+00:00,0.0
2024-12-05 19:00:00+00:00,0.0
2024-12-05 20:00:00+00:00,0.0
2024-12-05 21:00:00+00:00,0.0
2024-12-05 22:00:00+00:00,0.0
2024-12-05 23:00:00+00:00,0.0
2024-12-06 00:00:00+00:00,0.0
2024-12-06 01:00:00+00:00,0.0
2024-12-06 02:00:00+00:00,0.0
2024-12-06 03:00:00+00:00,0.0
2024-12-06 04:00:00+00:00,0.0
2024-12-06 05:00:00+00:00,0.0
2024-12-06 06:00:00+00:00,0.0
2024-12-06 07:00:00+00:00,10.0
2024-12-06 08:00:00+00:00,356.0
2024-12-06 09:00:00+00:00,1367.0
2024-12-06 10:00:00+00:00,2333.0
2024-12-06 11:00:00+00:00,3407.0
2024-12-06 12:00:00+00:00,3418.0
2024-12-06 13:00:00+00:00,3001.0
2024-12-06 14:00:00+00:00,1362.0
2024-12-06 15:00:00+00:00,129.0
2024-12-06 16:00:00+00:00,0.0
2024-12-06 17:00:00+00:00,0.0
2024-12-06 18:00:00+00:00,0.0
2024-12-06 19:00:00+00:00,0.0
2024-12-06 20:00:00+00:00,0.0
2024-12-06 21:00:00+00:00,0.0
2024-12-06 22:00:00+00:00,0.0
2024-12-06 23:00:00+00:00,0.0
2024-12-07 00:00:00+00:00,0.0
2024-12-07 01:00:00+00:00,0.0
2024-12-07 02:00:00+00:00,0.0
2024-12-07 03:00:00+00:00,0.0
2024-12-07 04:00:00+00:00,0.0
2024-12-07 05:00:00+00:00,0.0
2024-12-07 06:00:00+00:00,0.0
2024-12-07 07:00:00+00:00,8.0
2024-12-07 08:00:00+00:00,451.0
2024-12-07 09:00:00+00:00,2261.0
2024-12-07 10:00:00+00:00,3932.0
2024-12-07 11:00:00+00:00,4341.0
2024-12-07 12:00:00+00:00,4292.0
2024-12-07 13:00:00+00:00,2966.0
2024-12-07 14:00:00+00:00,1211.0
2024-12-07 15:00:00+00:00,122.0
2024-12-07 16:00:00+00:00,0.0
2024-12-07 17:00:00+00:00,0.0
2024-12-07 18:00:00+00:00,0.0
2024-12-07 19:00:00+00:00,0.0
2024-12-07 20:00:00+00:00,0.0
2024-12-07 21:00:00+00:00,0.0
2024-12-07 22:00:00+00:00,0.0
2024-12-07 23:00:00+00:00,0.0
2024-12-08 00:00:00+00:00,0.0
2024-12-08 01:00:00+00:00,0.0
2024-12-08 02:00:00+00:00,0.0
2024-12-08 03:00:00+00:00,0.0
2024-12-08 04:00:00+00:00,0.0
2024-12-08 05:00:00+00:00,0.0
2024-12-08 06:00:00+00:00,0.0
2024-12-08 07:00:00+00:00,17.0
2024-12-08 08:00:00+00:00,537.0
2024-12-08 09:00:00+00:00,1866.0
2024-12-08 10:00:00+00:00,3094.0
2024-12-08 11:00:00+00:00,3272.0
2024-12-08 12:00:00+00:00,3503.0
2024-12-08 13:00:00+00:00,2647.0
2024-12-08 14:00:00+00:00,1528.0
2024-12-08 15:00:00+00:00,249.0
2024-12-08 16:00:00+00:00,0.0
2024-12-08 17:00:00+00:00,0.0
2024-12-08 18:00:00+00:00,0.0
2024-12-08 19:00:00+00:00,0.0
2024-12-08 20:00:00+00:00,0.0
2024-12-08 21:00:00+00:00,0.0
2024-12-08 22:00:00+00:00,0.0
2024-12-08 23:00:00+00:00,0.0
2024-12-09 00:00:00+00:00,0.0
2024-12-09 01:00:00+00:00,0.0
2024-12-09 02:00:00+00:00,0.0
2024-12-09 03:00:00+00:00,0.0
2024-12-09 04:00:00+00:00,0.0
2024-12-09 05:00:00+00:00,0.0
2024-12-09 06:00:00+00:00,0.0
2024-12-09 07:00:00+00:00,7.0
2024-12-09 08:00:00+00:00,276.0
2024-12-09 09:00:00+00:00,998.0
2024-12-09 10:00:00+00:00,1626.0
2024-12-09 11:00:00+00:00,1909.0
2024-12-09 12:00:00+00:00,1714.0
2024-12-09 13:00:00+00:00,1168.0
2024-12-09 14:00:00+00:00,641.0
2024-12-09 15:00:00+00:00,75.0
2024-12-09 16:00:00+00:00,0.0
2024-12-09 17:00:00+00:00,0.0
2024-12-09 18:00:00+00:00,0.0
2024-12-09 19:00:00+00:00,0.0
2024-12-09 20:00:00+00:00,0.0
2024-12-09 21:00:00+00:00,0.0
2024-12-09 22:00:00+00:00,0.0
2024-12-09 23:00:00+00:00,0.0
2024-12-10 00:00:00+00:00,0.0
2024-12-10 01:00:00+00:00,0.0
2024-12-10 02:00:00+00:00,0.0
2024-12-10 03:00:00+00:00,0.0
2024-12-10 04:00:00+00:00,0.0
2024-12-10 05:00:00+00:00,0.0
2024-12-10 06:00:00+00:00,0.0
2024-12-10 07:00:00+00:00,5.0
2024-12-10 08:00:00+00:00,186.0
2024-12-10 09:00:00+00:00,690.0
2024-12-10 10:00:00+00:00,1158.0
2024-12-10 11:00:00+00:00,1396.0
2024-12-10 12:00:00+00:00,1243.0
2024-12-10 13:00:00+00:00,837.0
2024-12-10 14:00:00+00:00,399.0
2024-12-10 15:00:00+00:00,44.0
2024-12-10 16:00:00+00:00,0.0
2024-12-10 17:00:00+00:00,0.0
2024-12-10 18:00:00+00:00,0.0
2024-12-10 19:00:00+00:00,0.0
2024-12-10 20:00:00+00:00,0.0
2024-12-10 21:00:00+00:00,0.0
2024-12-10 22:00:00+00:00,0.0
2024-12-10 23:00:00+00:00,0.0
2024-12-11 00:00:00+00:00,0.0
2024-12-11 01:00:00+00:00,0.0
2024-12-11 02:00:00+00:00,0.0
2024-12-11 03:00:00+00:00,0.0
2024-12-11 04:00:00+00:00,0.0
2024-12-11 05:00:00+00:00,0.0
2024-12-11 06:00:00+00:00,0.0
2024-12-11 07:00:00+00:00,5.0
2024-12-11 08:00:00+00:00,188.0
2024-12-11 09:00:00+00:00,710.0
2024-12-11 10:00:00+00:00,1251.0
2024-12-11 11:00:00+00:00,1487.0
2024-12-11 12:00:00+00:00,1586.0
2024-12-11 13:00:00+00:00,1246.0
2024-12-11 14:00:00+00:00,591.0
2024-12-11 15:00:00+00:00,78.0
2024-12-11 16:00:00+00:00,0.0
2024-12-11 17:00:00+00:00,0.0
2024-12-11 18:00:00+00:00,0.0
2024-12-11 19:00:00+00:00,0.0
2024-12-11 20:00:00+00:00,0.0
2024-12-11 21:00:00+00:00,0.0
2024-12-11 22:00:00+00:00,0.0
2024-12-11 23:00:00+00:00,0.0
2024-12-12 00:00:00+00:00,0.0
2024-12-12 01:00:00+00:00,0.0
2024-12-12 02:00:00+00:00,0.0
2024-12-12 03:00:00+00:00,0.0
2024-12-12 04:00:00+00:00,0.0
2024-12-12 05:00:00+00:00,0.0
2024-12-12 06:00:00+00:00,0.0
2024-12-12 07:00:00+00:00,5.0
2024-12-12 08:00:00+00:00,247.0
2024-12-12 09:00:00+00:00,923.0
2024-12-12 10:00:00+00:00,1477.0
2024-12-12 11:00:00+00:00,1797.0
2024-12-12 12:00:00+00:00,1597.0
2024-12-12 13:00:00+00:00,1109.0
2024-12-12 14:00:00+00:00,584.0
2024-12-12 15:00:00+00:00,71.0
2024-12-12 16:00:00+00:00,0.0
2024-12-12 17:00:00+00:00,0.0
2024-12-12 18:00:00+00:00,0.0
2024-12-12 19:00:00+00:00,0.0
2024-12-12 20:00:00+00:00,0.0
2024-12-12 21:00:00+00:00,0.0
2024-12-12 22:00:00+00:00,0.0
2024-12-12 23:00:00+00:00,0.0
2024-12-13 00:00:00+00:00,0.0
2024-12-13 01:00:00+00:00,0.0
2024-12-13 02:00:00+00:00,0.0
2024-12-13 03:00:00+00:00,0.0
2024-12-13 04:00:00+00:00,0.0
2024-12-13 05:00:00+00:00,0.0
2024-12-13 06:00:00+00:00,0.0
2024-12-13 07:00:00+00:00,3.0
2024-12-13 08:00:00+00:00,148.0
2024-12-13 09:00:00+00:00,572.0
2024-12-13 10:00:00+00:00,1034.0
2024-12-13 11:00:00+00:00,1292.0
2024-12-13 12:00:00+00:00,1251.0
2024-12-13 13:00:00+00:00,879.0
2024-12-13 14:00:00+00:00,437.0
2024-12-13 15:00:00+00:00,53.0
2024-12-13 16:00:00+00:00,0.0
2024-12-13 17:00:00+00:00,0.0
2024-12-13 18:00:00+00:00,0.0
2024-12-13 19:00:00+00:00,0.0
2024-12-13 20:00:00+00:00,0.0
2024-12-13 21:00:00+00:00,0.0
2024-12-13 22:00:00+00:00,0.0
2024-12-13 23:00:00+00:00,0.0
2024-12-14 00:00:00+00:00,0.0
2024-12-14 01:00:00+00:00,0.0
2024-12-14 02:00:00+00:00,0.0
2024-12-14 03:00:00+00:00,0.0
2024-12-14 04:00:00+00:00,0.0
2024-12-14 05:00:00+00:00,0.0
2024-12-14 06:00:00+00:00,0.0
2024-12-14 07:00:00+00:00,3.0
2024-12-14 08:00:00+00:00,224.0
2024-12-14 09:00:00+00:00,1058.0
2024-12-14 10:00:00+00:00,1929.0
2024-12-14 11:00:00+00:00,2181.0
2024-12-14 12:00:00+00:00,1968.0
2024-12-14 13:00:00+00:00,1459.0
2024-12-14 14:00:00+00:00,584.0
2024-12-14 15:00:00+00:00,92.0
2024-12-14 16:00:00+00:00,0.0
2024-12-14 17:00:00+00:00,0.0
2024-12-14 18:00:00+00:00,0.0
2024-12-14 19:00:00+00:00,0.0
2024-12-14 20:00:00+00:00,0.0
2024-12-14 21:00:00+00:00,0.0
2024-12-14 22:00:00+00:00,0.0
2024-12-14 23:00:00+00:00,0.0
2024-12-15 00:00:00+00:00,0.0
2024-12-15 01:00:00+00:00,0.0
2024-12-15 02:00:00+00:00,0.0
2024-12-15 03:00:00+00:00,0.0
2024-12-15 04:00:00+00:00,0.0
2024-12-15 05:00:00+00:00,0.0
2024-12-15 06:00:00+00:00,0.0
2024-12-15 07:00:00+00:00,6.0
2024-12-15 08:00:00+00:00,362.0
2024-12-15 09:00:00+00:00,1081.0
2024-12-15 10:00:00+00:00,1473.0
2024-12-15 11:00:00+00:00,1714.0
2024-12-15 12:00:00+00:00,1405.0
2024-12-15 13:00:00+00:00,963.0
2024-12-15 14:00:00+00:00,509.0
2024-12-15 15:00:00+00:00,58.0
2024-12-15 16:00:00+00:00,0.0
2024-12-15 17:00:00+00:00,0.0
2024-12-15 18:00:00+00:00,0.0
2024-12-15 19:00:00+00:00,0.0
2024-12-15 20:00:00+00:00,0.0
2024-12-15 21:00:00+00:00,0.0
2024-12-15 22:00:00+00:00,0.0
2024-12-15 23:00:00+00:00,0.0
2024-12-16 00:00:00+00:00,0.0
2024-12-16 01:00:00+00:00,0.0
2024-12-16 02:00:00+00:00,0.0
2024-12-16 03:00:00+00:00,0.0
2024-12-16 04:00:00+00:00,0.0
2024-12-16 05:00:00+00:00,0.0
2024-12-16 06:00:00+00:00,0.0
2024-12-16 07:00:00+00:00,2.0
2024-12-16 08:00:00+00:00,155.0
2024-12-16 09:00:00+00:00,623.0
2024-12-16 10:00:00+00:00,1221.0
2024-12-16 11:00:00+00:00,1603.0
2024-12-16 12:00:00+00:00,1634.0
2024-12-16 13:00:00+00:00,1356.0
2024-12-16 14:00:00+00:00,713.0
2024-12-16 15:00:00+00:00,93.0
2024-12-16 16:00:00+00:00,0.0
2024-12-16 17:00:00+00:00,0.0
2024-12-16 18:00:00+00:00,0.0
2024-12-16 19:00:00+00:00,0.0
2024-12-16 20:00:00+00:00,0.0
2024-12-16 21:00:00+00:00,0.0
2024-12-16 22:00:00+00:00,0.0
2024-12-16 23:00:00+00:00,0.0
2024-12-17 00:00:00+00:00,0.0
2024-12-17 01:00:00+00:00,0.0
2024-12-17 02:00:00+00:00,0.0
2024-12-17 03:00:00+00:00,0.0
2024-12-17 04:00:00+00:00,0.0
2024-12-17 05:00:00+00:00,0.0
2024-12-17 06:00:00+00:00,0.0
2024-12-17 07:00:00+00:00,7.0
2024-12-17 08:00:00+00:00,435.0
2024-12-17 09:00:00+00:00,1462.0
2024-12-17 10:00:00+00:00,2509.0
2024-12-17 11:00:00+00:00,3082.0
2024-12-17 12:00:00+00:00,2760.0
2024-12-17 13:00:00+00:00,2044.0
2024-12-17 14:00:00+00:00,1186.0
2024-12-17 15:00:00+00:00,221.0
2024-12-17 16:00:00+00:00,0.0
2024-12-17 17:00:00+00:00,0.0
2024-12-17 18:00:00+00:00,0.0
2024-12-17 19:00:00+00:00,0.0
2024-12-17 20:00:00+00:00,0.0
2024-12-17 21:00:00+00:00,0.0
2024-12-17 22:00:00+00:00,0.0
2024-12-17 23:00:00+00:00,0.0
2024-12-18 00:00:00+00:00,0.0
2024-12-18 01:00:00+00:00,0.0
2024-12-18 02:00:00+00:00,0.0
2024-12-18 03:00:00+00:00,0.0
2024-12-18 04:00:00+00:00,0.0
2024-12-18 05:00:00+00:00,0.0
2024-12-18 06:00:00+00:00,0.0
2024-12-18 07:00:00+00:00,3.0
2024-12-18 08:00:00+00:00,161.0
2024-12-18 09:00:00+00:00,724.0
2024-12-18 10:00:00+00:00,1656.0
2024-12-18 11:00:00+00:00,1808.0
2024-12-18 12:00:00+00:00,1428.0
2024-12-18 13:00:00+00:00,958.0
2024-12-18 14:00:00+00:00,610.0
2024-12-18 15:00:00+00:00,113.0
2024-12-18 16:00:00+00:00,0.0
2024-12-18 17:00:00+00:00,0.0
2024-12-18 18:00:00+00:00,0.0
2024-12-18 19:00:00+00:00,0.0
2024-12-18 20:00:00+00:00,0.0
2024-12-18 21:00:00+00:00,0.0
2024-12-18 22:00:00+00:00,0.0
2024-12-18 23:00:00+00:00,0.0
2024-12-19 00:00:00+00:00,0.0
2024-12-19 01:00:00+00:00,0.0
2024-12-19 02:00:00+00:00,0.0
2024-12-19 03:00:00+00:00,0.0
2024-12-19 04:00:00+00:00,0.0
2024-12-19 05:00:00+00:00,0.0
2024-12-19 06:00:00+00:00,0.0
2024-12-19 07:00:00+00:00,2.0
2024-12-19 08:00:00+00:00,215.0
2024-12-19 09:00:00+00:00,832.0
2024-12-19 10:00:00+00:00,1025.0
2024-12-19 11:00:00+00:00,1162.0
2024-12-19 12:00:00+00:00,1363.0
2024-12-19 13:00:00+00:00,1240.0
2024-12-19 14:00:00+00:00,917.0
2024-12-19 15:00:00+00:00,192.0
2024-12-19 16:00:00+00:00,0.0
2024-12-19 17:00:00+00:00,0.0
2024-12-19 18:00:00+00:00,0.0
2024-12-19 19:00:00+00:00,0.0
2024-12-19 20:00:00+00:00,0.0
2024-12-19 21:00:00+00:00,0.0
2024-12-19 22:00:00+00:00,0.0
2024-12-19 23:00:00+00:00,0.0
2024-12-20 00:00:00+00:00,0.0
2024-12-20 01:00:00+00:00,0.0
2024-12-20 02:00:00+00:00,0.0
2024-12-20 03:00:00+00:00,0.0
2024-12-20 04:00:00+00:00,0.0
2024-12-20 05:00:00+00:00,0.0
2024-12-20 06:00:00+00:00,0.0
2024-12-20 07:00:00+00:00,10.0
2024-12-20 08:00:00+00:00,639.0
2024-12-20 09:00:00+00:00,2983.0
2024-12-20 10:00:00+00:00,5033.0
2024-12-20 11:00:00+00:00,5652.0
2024-12-20 12:00:00+00:00,5228.0
2024-12-20 13:00:00+00:00,3734.0
2024-12-20 14:00:00+00:00,1816.0
2024-12-20 15:00:00+00:00,196.0
2024-12-20 16:00:00+00:00,0.0
2024-12-20 17:00:00+00:00,0.0
2024-12-20 18:00:00+00:00,0.0
2024-12-20 19:00:00+00:00,0.0
2024-12-20 20:00:00+00:00,0.0
2024-12-20 21:00:00+00:00,0.0
2024-12-20 22:00:00+00:00,0.0
2024-12-20 23:00:00+00:00,0.0
2024-12-21 00:00:00+00:00,0.0
2024-12-21 01:00:00+00:00,0.0
2024-12-21 02:00:00+00:00,0.0
2024-12-21 03:00:00+00:00,0.0
2024-12-21 04:00:00+00:00,0.0
2024-12-21 05:00:00+00:00,0.0
2024-12-21 06:00:00+00:00,0.0
2024-12-21 07:00:00+00:00,7.0
2024-12-21 08:00:00+00:00,355.0
2024-12-21 09:00:00+00:00,1274.0
2024-12-21 10:00:00+00:00,1897.0
2024-12-21 11:00:00+00:00,2018.0
2024-12-21 12:00:00+00:00,1472.0
2024-12-21 13:00:00+00:00,940.0
2024-12-21 14:00:00+00:00,491.0
2024-12-21 15:00:00+00:00,74.0
2024-12-21 16:00:00+00:00,0.0
2024-12-21 17:00:00+00:00,0.0
2024-12-21 18:00:00+00:00,0.0
2024-12-21 19:00:00+00:00,0.0
2024-12-21 20:00:00+00:00,0.0
2024-12-21 21:00:00+00:00,0.0
2024-12-21 22:00:00+00:00,0.0
2024-12-21 23:00:00+00:00,0.0
2024-12-22 00:00:00+00:00,0.0
2024-12-22 01:00:00+00:00,0.0
2024-12-22 02:00:00+00:00,0.0
2024-12-22 03:00:00+00:00,0.0
2024-12-22 04:00:00+00:00,0.0
2024-12-22 05:00:00+00:00,0.0
2024-12-22 06:00:00+00:00,0.0
2024-12-22 07:00:00+00:00,2.0
2024-12-22 08:00:00+00:00,250.0
2024-12-22 09:00:00+00:00,1312.0
2024-12-22 10:00:00+00:00,2770.0
2024-12-22 11:00:00+00:00,3411.0
2024-12-22 12:00:00+00:00,3536.0
2024-12-22 13:00:00+00:00,2581.0
2024-12-22 14:00:00+00:00,1595.0
2024-12-22 15:00:00+00:00,359.0
2024-12-22 16:00:00+00:00,0.0
2024-12-22 17:00:00+00:00,0.0
2024-12-22 18:00:00+00:00,0.0
2024-12-22 19:00:00+00:00,0.0
2024-12-22 20:00:00+00:00,0.0
2024-12-22 21:00:00+00:00,0.0
2024-12-22 22:00:00+00:00,0.0
2024-12-22 23:00:00+00:00,0.0
2024-12-23 00:00:00+00:00,0.0
2024-12-23 01:00:00+00:00,0.0
2024-12-23 02:00:00+00:00,0.0
2024-12-23 03:00:00+00:00,0.0
2024-12-23 04:00:00+00:00,0.0
2024-12-23 05:00:00+00:00,0.0
2024-12-23 06:00:00+00:00,0.0
2024-12-23 07:00:00+00:00,3.0
2024-12-23 08:00:00+00:00,404.0
2024-12-23 09:00:00+00:00,2428.0
2024-12-23 10:00:00+00:00,4681.0
2024-12-23 11:00:00+00:00,6137.0
2024-12-23 12:00:00+00:00,4711.0
2024-12-23 13:00:00+00:00,3049.0
2024-12-23 14:00:00+00:00,1560.0
2024-12-23 15:00:00+00:00,203.0
2024-12-23 16:00:00+00:00,0.0
2024-12-23 17:00:00+00:00,0.0
2024-12-23 18:00:00+00:00,0.0
2024-12-23 19:00:00+00:00,0.0
2024-12-23 20:00:00+00:00,0.0
2024-12-23 21:00:00+00:00,0.0
2024-12-23 22:00:00+00:00,0.0
2024-12-23 23:00:00+00:00,0.0
2024-12-24 00:00:00+00:00,0.0
2024-12-24 01:00:00+00:00,0.0
2024-12-24 02:00:00+00:00,0.0
2024-12-24 03:00:00+00:00,0.0
2024-12-24 04:00:00+00:00,0.0
2024-12-24 05:00:00+00:00,0.0
2024-12-24 06:00:00+00:00,0.0
2024-12-24 07:00:00+00:00,2.0
2024-12-24 08:00:00+00:00,192.0
2024-12-24 09:00:00+00:00,985.0
2024-12-24 10:00:00+00:00,1719.0
2024-12-24 11:00:00+00:00,1954.0
2024-12-24 12:00:00+00:00,1670.0
2024-12-24 13:00:00+00:00,1117.0
2024-12-24 14:00:00+00:00,578.0
2024-12-24 15:00:00+00:00,86.0
2024-12-24 16:00:00+00:00,0.0
2024-12-24 17:00:00+00:00,0.0
2024-12-24 18:00:00+00:00,0.0
2024-12-24 19:00:00+00:00,0.0
2024-12-24 20:00:00+00:00,0.0
2024-12-24 21:00:00+00:00,0.0
2024-12-24 22:00:00+00:00,0.0
2024-12-24 23:00:00+00:00,0.0
2024-12-25 00:00:00+00:00,0.0
2024-12-25 01:00:00+00:00,0.0
2024-12-25 02:00:00+00:00,0.0
2024-12-25 03:00:00+00:00,0.0
2024-12-25 04:00:00+00:00,0.0
2024-12-25 05:00:00+00:00,0.0
2024-12-25 06:00:00+00:00,0.0
2024-12-25 07:00:00+00:00,4.0
2024-12-25 08:00:00+00:00,179.0
2024-12-25 09:00:00+00:00,764.0
2024-12-25 10:00:00+00:00,1418.0
2024-12-25 11:00:00+00:00,1793.0
2024-12-25 12:00:00+00:00,1694.0
2024-12-25 13:00:00+00:00,1197.0
2024-12-25 14:00:00+00:00,631.0
2024-12-25 15:00:00+00:00,93.0
2024-12-25 16:00:00+00:00,0.0
2024-12-25 17:00:00+00:00,0.0
2024-12-25 18:00:00+00:00,0.0
2024-12-25 19:00:00+00:00,0.0
2024-12-25 20:00:00+00:00,0.0
2024-12-25 21:00:00+00:00,0.0
2024-12-25 22:00:00+00:00,0.0
2024-12-25 23:00:00+00:00,0.0
2024-12-26 00:00:00+00:00,0.0
2024-12-26 01:00:00+00:00,0.0
2024-12-26 02:00:00+00:00,0.0
2024-12-26 03:00:00+00:00,0.0
2024-12-26 04:00:00+00:00,0.0
2024-12-26 05:00:00+00:00,0.0
2024-12-26 06:00:00+00:00,0.0
2024-12-26 07:00:00+00:00,2.0
2024-12-26 08:00:00+00:00,141.0
2024-12-26 09:00:00+00:00,676.0
2024-12-26 10:00:00+00:00,1201.0
2024-12-26 11:00:00+00:00,1619.0
2024-12-26 12:00:00+00:00,1542.0
2024-12-26 13:00:00+00:00,1130.0
2024-12-26 14:00:00+00:00,632.0
2024-12-26 15:00:00+00:00,121.0
2024-12-26 16:00:00+00:00,0.0
2024-12-26 17:00:00+00:00,0.0
2024-12-26 18:00:00+00:00,0.0
2024-12-26 19:00:00+00:00,0.0
2024-12-26 20:00:00+00:00,0.0
2024-12-26 21:00:00+00:00,0.0
2024-12-26 22:00:00+00:00,0.0
2024-12-26 23:00:00+00:00,0.0
2024-12-27 00:00:00+00:00,0.0
2024-12-27 01:00:00+00:00,0.0
2024-12-27 02:00:00+00:00,0.0
2024-12-27 03:00:00+00:00,0.0
2024-12-27 04:00:00+00:00,0.0
2024-12-27 05:00:00+00:00,0.0
2024-12-27 06:00:00+00:00,0.0
2024-12-27 07:00:00+00:00,5.0
2024-12-27 08:00:00+00:00,270.0
2024-12-27 09:00:00+00:00,1244.0
2024-12-27 10:00:00+00:00,2601.0
2024-12-27 11:00:00+00:00,3757.0
2024-12-27 12:00:00+00:00,3879.0
2024-12-27 13:00:00+00:00,2798.0
2024-12-27 14:00:00+00:00,1531.0
2024-12-27 15:00:00+00:00,219.0
2024-12-27 16:00:00+00:00,0.0
2024-12-27 17:00:00+00:00,0.0
2024-12-27 18:00:00+00:00,0.0
2024-12-27 19:00:00+00:00,0.0
2024-12-27 20:00:00+00:00,0.0
2024-12-27 21:00:00+00:00,0.0
2024-12-27 22:00:00+00:00,0.0
2024-12-27 23:00:00+00:00,0.0
2024-12-28 00:00:00+00:00,0.0
2024-12-28 01:00:00+00:00,0.0
2024-12-28 02:00:00+00:00,0.0
2024-12-28 03:00:00+00:00,0.0
2024-12-28 04:00:00+00:00,0.0
2024-12-28 05:00:00+00:00,0.0
2024-12-28 06:00:00+00:00,0.0
2024-12-28 07:00:00+00:00,5.0
2024-12-28 08:00:00+00:00,308.0
2024-12-28 09:00:00+00:00,1240.0
2024-12-28 10:00:00+00:00,2217.0
2024-12-28 11:00:00+00:00,2898.0
2024-12-28 12:00:00+00:00,2964.0
2024-12-28 13:00:00+00:00,2137.0
2024-12-28 14:00:00+00:00,1219.0
2024-12-28 15:00:00+00:00,200.0
2024-12-28 16:00:00+00:00,0.0
2024-12-28 17:00:00+00:00,0.0
2024-12-28 18:00:00+00:00,0.0
2024-12-28 19:00:00+00:00,0.0
2024-12-28 20:00:00+00:00,0.0
2024-12-28 21:00:00+00:00,0.0
2024-12-28 22:00:00+00:00,0.0
2024-12-28 23:00:00+00:00,0.0
2024-12-29 00:00:00+00:00,0.0
2024-12-29 01:00:00+00:00,0.0
2024-12-29 02:00:00+00:00,0.0
2024-12-29 03:00:00+00:00,0.0
2024-12-29 04:00:00+00:00,0.0
2024-12-29 05:00:00+00:00,0.0
2024-12-29 06:00:00+00:00,0.0
2024-12-29 07:00:00+00:00,3.0
2024-12-29 08:00:00+00:00,149.0
2024-12-29 09:00:00+00:00,637.0
2024-12-29 10:00:00+00:00,1141.0
2024-12-29 11:00:00+00:00,1329.0
2024-12-29 12:00:00+00:00,1281.0
2024-12-29 13:00:00+00:00,1028.0
2024-12-29 14:00:00+00:00,618.0
2024-12-29 15:00:00+00:00,115.0
2024-12-29 16:00:00+00:00,0.0
2024-12-29 17:00:00+00:00,0.0
2024-12-29 18:00:00+00:00,0.0
2024-12-29 19:00:00+00:00,0.0
2024-12-29 20:00:00+00:00,0.0
2024-12-29 21:00:00+00:00,0.0
2024-12-29 22:00:00+00:00,0.0
2024-12-29 23:00:00+00:00,0.0
2024-12-30 00:00:00+00:00,0.0
2024-12-30 01:00:00+00:00,0.0
2024-12-30 02:00:00+00:00,0.0
2024-12-30 03:00:00+00:00,0.0
2024-12-30 04:00:00+00:00,0.0
2024-12-30 05:00:00+00:00,0.0
2024-12-30 06:00:00+00:00,0.0
2024-12-30 07:00:00+00:00,3.0
2024-12-30 08:00:00+00:00,184.0
2024-12-30 09:00:00+00:00,755.0
2024-12-30 10:00:00+00:00,1321.0
2024-12-30 11:00:00+00:00,1447.0
2024-12-30 12:00:00+00:00,1466.0
2024-12-30 13:00:00+00:00,1430.0
2024-12-30 14:00:00+00:00,1013.0
2024-12-30 15:00:00+00:00,220.0
2024-12-30 16:00:00+00:00,0.0
2024-12-30 17:00:00+00:00,0.0
2024-12-30 18:00:00+00:00,0.0
2024-12-30 19:00:00+00:00,0.0
2024-12-30 20:00:00+00:00,0.0
2024-12-30 21:00:00+00:00,0.0
2024-12-30 22:00:00+00:00,0.0
2024-12-30 23:00:00+00:00,0.0
2024-12-31 00:00:00+00:00,0.0
2024-12-31 01:00:00+00:00,0.0
2024-12-31 02:00:00+00:00,0.0
2024-12-31 03:00:00+00:00,0.0
2024-12-31 04:00:00+00:00,0.0
2024-12-31 05:00:00+00:00,0.0
2024-12-31 06:00:00+00:00,0.0
2024-12-31 07:00:00+00:00,2.0
2024-12-31 08:00:00+00:00,143.0
2024-12-31 09:00:00+00:00,670.0
2024-12-31 10:00:00+00:00,1353.0
2024-12-31 11:00:00+00:00,1861.0
2024-12-31 12:00:00+00:00,1917.0
2024-12-31 13:00:00+00:00,1381.0
2024-12-31 14:00:00+00:00,910.0
2024-12-31 15:00:00+00:00,205.0
2024-12-31 16:00:00+00:00,0.0
2024-12-31 17:00:00+00:00,0.0
2024-12-31 18:00:00+00:00,0.0
2024-12-31 19:00:00+00:00,0.0
2024-12-31 20:00:00+00:00,0.0
2024-12-31 21:00:00+00:00,0.0
2024-12-31 22:00:00+00:00,0.0
2024-12-31 23:00:00+00:00,0.0
