time,solar_generation
2025-01-01 00:00:00+00:00,0.0
2025-01-01 01:00:00+00:00,0.0
2025-01-01 02:00:00+00:00,0.0
2025-01-01 03:00:00+00:00,0.0
2025-01-01 04:00:00+00:00,0.0
2025-01-01 05:00:00+00:00,0.0
2025-01-01 06:00:00+00:00,0.0
2025-01-01 07:00:00+00:00,1.0
2025-01-01 08:00:00+00:00,109.0
2025-01-01 09:00:00+00:00,511.0
2025-01-01 10:00:00+00:00,756.0
2025-01-01 11:00:00+00:00,873.0
2025-01-01 12:00:00+00:00,889.0
2025-01-01 13:00:00+00:00,643.0
2025-01-01 14:00:00+00:00,291.0
2025-01-01 15:00:00+00:00,48.0
2025-01-01 16:00:00+00:00,0.0
2025-01-01 17:00:00+00:00,0.0
2025-01-01 18:00:00+00:00,0.0
2025-01-01 19:00:00+00:00,0.0
2025-01-01 20:00:00+00:00,0.0
2025-01-01 21:00:00+00:00,0.0
2025-01-01 22:00:00+00:00,0.0
2025-01-01 23:00:00+00:00,0.0
2025-01-02 00:00:00+00:00,0.0
2025-01-02 01:00:00+00:00,0.0
2025-01-02 02:00:00+00:00,0.0
2025-01-02 03:00:00+00:00,0.0
2025-01-02 04:00:00+00:00,0.0
2025-01-02 05:00:00+00:00,0.0
2025-01-02 06:00:00+00:00,0.0
2025-01-02 07:00:00+00:00,1.0
2025-01-02 08:00:00+00:00,528.0
2025-01-02 09:00:00+00:00,2926.0
2025-01-02 10:00:00+00:00,5409.0
2025-01-02 11:00:00+00:00,7195.0
2025-01-02 12:00:00+00:00,6167.0
2025-01-02 13:00:00+00:00,4203.0
2025-01-02 14:00:00+00:00,2107.0
2025-01-02 15:00:00+00:00,421.0
2025-01-02 16:00:00+00:00,0.0
2025-01-02 17:00:00+00:00,0.0
2025-01-02 18:00:00+00:00,0.0
2025-01-02 19:00:00+00:00,0.0
2025-01-02 20:00:00+00:00,0.0
2025-01-02 21:00:00+00:00,0.0
2025-01-02 22:00:00+00:00,0.0
2025-01-02 23:00:00+00:00,0.0
2025-01-03 00:00:00+00:00,0.0
2025-01-03 01:00:00+00:00,0.0
2025-01-03 02:00:00+00:00,0.0
2025-01-03 03:00:00+00:00,0.0
2025-01-03 04:00:00+00:00,0.0
2025-01-03 05:00:00+00:00,0.0
2025-01-03 06:00:00+00:00,0.0
2025-01-03 07:00:00+00:00,3.0
2025-01-03 08:00:00+00:00,552.0
2025-01-03 09:00:00+00:00,2772.0
2025-01-03 10:00:00+00:00,4336.0
2025-01-03 11:00:00+00:00,3982.0
2025-01-03 12:00:00+00:00,3273.0
2025-01-03 13:00:00+00:00,2841.0
2025-01-03 14:00:00+00:00,1929.0
2025-01-03 15:00:00+00:00,448.0
2025-01-03 16:00:00+00:00,0.0
2025-01-03 17:00:00+00:00,0.0
2025-01-03 18:00:00+00:00,0.0
2025-01-03 19:00:00+00:00,0.0
2025-01-03 20:00:00+00:00,0.0
2025-01-03 21:00:00+00:00,0.0
2025-01-03 22:00:00+00:00,0.0
2025-01-03 23:00:00+00:00,0.0
2025-01-04 00:00:00+00:00,0.0
2025-01-04 01:00:00+00:00,0.0
2025-01-04 02:00:00+00:00,0.0
2025-01-04 03:00:00+00:00,0.0
2025-01-04 04:00:00+00:00,0.0
2025-01-04 05:00:00+00:00,0.0
2025-01-04 06:00:00+00:00,0.0
2025-01-04 07:00:00+00:00,2.0
2025-01-04 08:00:00+00:00,279.0
2025-01-04 09:00:00+00:00,1367.0
2025-01-04 10:00:00+00:00,2289.0
2025-01-04 11:00:00+00:00,3064.0
2025-01-04 12:00:00+00:00,3209.0
2025-01-04 13:00:00+00:00,2963.0
2025-01-04 14:00:00+00:00,1950.0
2025-01-04 15:00:00+00:00,348.0
2025-01-04 16:00:00+00:00,0.0
2025-01-04 17:00:00+00:00,0.0
2025-01-04 18:00:00+00:00,0.0
2025-01-04 19:00:00+00:00,0.0
2025-01-04 20:00:00+00:00,0.0
2025-01-04 21:00:00+00:00,0.0
2025-01-04 22:00:00+00:00,0.0
2025-01-04 23:00:00+00:00,0.0
2025-01-05 00:00:00+00:00,0.0
2025-01-05 01:00:00+00:00,0.0
2025-01-05 02:00:00+00:00,0.0
2025-01-05 03:00:00+00:00,0.0
2025-01-05 04:00:00+00:00,0.0
2025-01-05 05:00:00+00:00,0.0
2025-01-05 06:00:00+00:00,0.0
2025-01-05 07:00:00+00:00,2.0
2025-01-05 08:00:00+00:00,149.0
2025-01-05 09:00:00+00:00,665.0
2025-01-05 10:00:00+00:00,917.0
2025-01-05 11:00:00+00:00,929.0
2025-01-05 12:00:00+00:00,854.0
2025-01-05 13:00:00+00:00,714.0
2025-01-05 14:00:00+00:00,449.0
2025-01-05 15:00:00+00:00,102.0
2025-01-05 16:00:00+00:00,0.0
2025-01-05 17:00:00+00:00,0.0
2025-01-05 18:00:00+00:00,0.0
2025-01-05 19:00:00+00:00,0.0
2025-01-05 20:00:00+00:00,0.0
2025-01-05 21:00:00+00:00,0.0
2025-01-05 22:00:00+00:00,0.0
2025-01-05 23:00:00+00:00,0.0
2025-01-06 00:00:00+00:00,0.0
2025-01-06 01:00:00+00:00,0.0
2025-01-06 02:00:00+00:00,0.0
2025-01-06 03:00:00+00:00,0.0
2025-01-06 04:00:00+00:00,0.0
2025-01-06 05:00:00+00:00,0.0
2025-01-06 06:00:00+00:00,0.0
2025-01-06 07:00:00+00:00,2.0
2025-01-06 08:00:00+00:00,236.0
2025-01-06 09:00:00+00:00,976.0
2025-01-06 10:00:00+00:00,1871.0
2025-01-06 11:00:00+00:00,2530.0
2025-01-06 12:00:00+00:00,1717.0
2025-01-06 13:00:00+00:00,1261.0
2025-01-06 14:00:00+00:00,990.0
2025-01-06 15:00:00+00:00,244.0
2025-01-06 16:00:00+00:00,0.0
2025-01-06 17:00:00+00:00,0.0
2025-01-06 18:00:00+00:00,0.0
2025-01-06 19:00:00+00:00,0.0
2025-01-06 20:00:00+00:00,0.0
2025-01-06 21:00:00+00:00,0.0
2025-01-06 22:00:00+00:00,0.0
2025-01-06 23:00:00+00:00,0.0
2025-01-07 00:00:00+00:00,0.0
2025-01-07 01:00:00+00:00,0.0
2025-01-07 02:00:00+00:00,0.0
2025-01-07 03:00:00+00:00,0.0
2025-01-07 04:00:00+00:00,0.0
2025-01-07 05:00:00+00:00,0.0
2025-01-07 06:00:00+00:00,0.0
2025-01-07 07:00:00+00:00,3.0
2025-01-07 08:00:00+00:00,355.0
2025-01-07 09:00:00+00:00,1370.0
2025-01-07 10:00:00+00:00,3467.0
2025-01-07 11:00:00+00:00,5013.0
2025-01-07 12:00:00+00:00,5545.0
2025-01-07 13:00:00+00:00,3632.0
2025-01-07 14:00:00+00:00,1826.0
2025-01-07 15:00:00+00:00,425.0
2025-01-07 16:00:00+00:00,0.0
2025-01-07 17:00:00+00:00,0.0
2025-01-07 18:00:00+00:00,0.0
2025-01-07 19:00:00+00:00,0.0
2025-01-07 20:00:00+00:00,0.0
2025-01-07 21:00:00+00:00,0.0
2025-01-07 22:00:00+00:00,0.0
2025-01-07 23:00:00+00:00,0.0
2025-01-08 00:00:00+00:00,0.0
2025-01-08 01:00:00+00:00,0.0
2025-01-08 02:00:00+00:00,0.0
2025-01-08 03:00:00+00:00,0.0
2025-01-08 04:00:00+00:00,0.0
2025-01-08 05:00:00+00:00,0.0
2025-01-08 06:00:00+00:00,0.0
2025-01-08 07:00:00+00:00,3.0
2025-01-08 08:00:00+00:00,677.0
2025-01-08 09:00:00+00:00,3420.0
2025-01-08 10:00:00+00:00,5419.0
2025-01-08 11:00:00+00:00,6079.0
2025-01-08 12:00:00+00:00,5576.0
2025-01-08 13:00:00+00:00,3573.0
2025-01-08 14:00:00+00:00,1604.0
2025-01-08 15:00:00+00:00,376.0
2025-01-08 16:00:00+00:00,0.0
2025-01-08 17:00:00+00:00,0.0
2025-01-08 18:00:00+00:00,0.0
2025-01-08 19:00:00+00:00,0.0
2025-01-08 20:00:00+00:00,0.0
2025-01-08 21:00:00+00:00,0.0
2025-01-08 22:00:00+00:00,0.0
2025-01-08 23:00:00+00:00,0.0
2025-01-09 00:00:00+00:00,0.0
2025-01-09 01:00:00+00:00,0.0
2025-01-09 02:00:00+00:00,0.0
2025-01-09 03:00:00+00:00,0.0
2025-01-09 04:00:00+00:00,0.0
2025-01-09 05:00:00+00:00,0.0
2025-01-09 06:00:00+00:00,0.0
2025-01-09 07:00:00+00:00,1.0
2025-01-09 08:00:00+00:00,116.0
2025-01-09 09:00:00+00:00,791.0
2025-01-09 10:00:00+00:00,2824.0
2025-01-09 11:00:00+00:00,4928.0
2025-01-09 12:00:00+00:00,6017.0
2025-01-09 13:00:00+00:00,5157.0
2025-01-09 14:00:00+00:00,2996.0
2025-01-09 15:00:00+00:00,714.0
2025-01-09 16:00:00+00:00,0.0
2025-01-09 17:00:00+00:00,0.0
2025-01-09 18:00:00+00:00,0.0
2025-01-09 19:00:00+00:00,0.0
2025-01-09 20:00:00+00:00,0.0
2025-01-09 21:00:00+00:00,0.0
2025-01-09 22:00:00+00:00,0.0
2025-01-09 23:00:00+00:00,0.0
2025-01-10 00:00:00+00:00,0.0
2025-01-10 01:00:00+00:00,0.0
2025-01-10 02:00:00+00:00,0.0
2025-01-10 03:00:00+00:00,0.0
2025-01-10 04:00:00+00:00,0.0
2025-01-10 05:00:00+00:00,0.0
2025-01-10 06:00:00+00:00,0.0
2025-01-10 07:00:00+00:00,4.0
2025-01-10 08:00:00+00:00,799.0
2025-01-10 09:00:00+00:00,3621.0
2025-01-10 10:00:00+00:00,5964.0
2025-01-10 11:00:00+00:00,6819.0
2025-01-10 12:00:00+00:00,7131.0
2025-01-10 13:00:00+00:00,5476.0
2025-01-10 14:00:00+00:00,3150.0
2025-01-10 15:00:00+00:00,690.0
2025-01-10 16:00:00+00:00,0.0
2025-01-10 17:00:00+00:00,0.0
2025-01-10 18:00:00+00:00,0.0
2025-01-10 19:00:00+00:00,0.0
2025-01-10 20:00:00+00:00,0.0
2025-01-10 21:00:00+00:00,0.0
2025-01-10 22:00:00+00:00,0.0
2025-01-10 23:00:00+00:00,0.0
2025-01-11 00:00:00+00:00,0.0
2025-01-11 01:00:00+00:00,0.0
2025-01-11 02:00:00+00:00,0.0
2025-01-11 03:00:00+00:00,0.0
2025-01-11 04:00:00+00:00,0.0
2025-01-11 05:00:00+00:00,0.0
2025-01-11 06:00:00+00:00,0.0
2025-01-11 07:00:00+00:00,5.0
2025-01-11 08:00:00+00:00,948.0
2025-01-11 09:00:00+00:00,4094.0
2025-01-11 10:00:00+00:00,6048.0
2025-01-11 11:00:00+00:00,6173.0
2025-01-11 12:00:00+00:00,6168.0
2025-01-11 13:00:00+00:00,4788.0
2025-01-11 14:00:00+00:00,2962.0
2025-01-11 15:00:00+00:00,791.0
2025-01-11 16:00:00+00:00,0.0
2025-01-11 17:00:00+00:00,0.0
2025-01-11 18:00:00+00:00,0.0
2025-01-11 19:00:00+00:00,0.0
2025-01-11 20:00:00+00:00,0.0
2025-01-11 21:00:00+00:00,0.0
2025-01-11 22:00:00+00:00,0.0
2025-01-11 23:00:00+00:00,0.0
2025-01-12 00:00:00+00:00,0.0
2025-01-12 01:00:00+00:00,0.0
2025-01-12 02:00:00+00:00,0.0
2025-01-12 03:00:00+00:00,0.0
2025-01-12 04:00:00+00:00,0.0
2025-01-12 05:00:00+00:00,0.0
2025-01-12 06:00:00+00:00,0.0
2025-01-12 07:00:00+00:00,5.0
2025-01-12 08:00:00+00:00,429.0
2025-01-12 09:00:00+00:00,1965.0
2025-01-12 10:00:00+00:00,3741.0
2025-01-12 11:00:00+00:00,5155.0
2025-01-12 12:00:00+00:00,5382.0
2025-01-12 13:00:00+00:00,5078.0
2025-01-12 14:00:00+00:00,3084.0
2025-01-12 15:00:00+00:00,757.0
2025-01-12 16:00:00+00:00,0.0
2025-01-12 17:00:00+00:00,0.0
2025-01-12 18:00:00+00:00,0.0
2025-01-12 19:00:00+00:00,0.0
2025-01-12 20:00:00+00:00,0.0
2025-01-12 21:00:00+00:00,0.0
2025-01-12 22:00:00+00:00,0.0
2025-01-12 23:00:00+00:00,0.0
2025-01-13 00:00:00+00:00,0.0
2025-01-13 01:00:00+00:00,0.0
2025-01-13 02:00:00+00:00,0.0
2025-01-13 03:00:00+00:00,0.0
2025-01-13 04:00:00+00:00,0.0
2025-01-13 05:00:00+00:00,0.0
2025-01-13 06:00:00+00:00,0.0
2025-01-13 07:00:00+00:00,7.0
2025-01-13 08:00:00+00:00,1130.0
2025-01-13 09:00:00+00:00,5238.0
2025-01-13 10:00:00+00:00,7768.0
2025-01-13 11:00:00+00:00,8989.0
2025-01-13 12:00:00+00:00,8929.0
2025-01-13 13:00:00+00:00,7412.0
2025-01-13 14:00:00+00:00,4643.0
2025-01-13 15:00:00+00:00,1067.0
2025-01-13 16:00:00+00:00,0.0
2025-01-13 17:00:00+00:00,0.0
2025-01-13 18:00:00+00:00,0.0
2025-01-13 19:00:00+00:00,0.0
2025-01-13 20:00:00+00:00,0.0
2025-01-13 21:00:00+00:00,0.0
2025-01-13 22:00:00+00:00,0.0
2025-01-13 23:00:00+00:00,0.0
2025-01-14 00:00:00+00:00,0.0
2025-01-14 01:00:00+00:00,0.0
2025-01-14 02:00:00+00:00,0.0
2025-01-14 03:00:00+00:00,0.0
2025-01-14 04:00:00+00:00,0.0
2025-01-14 05:00:00+00:00,0.0
2025-01-14 06:00:00+00:00,0.0
2025-01-14 07:00:00+00:00,14.0
2025-01-14 08:00:00+00:00,611.0
2025-01-14 09:00:00+00:00,2277.0
2025-01-14 10:00:00+00:00,3201.0
2025-01-14 11:00:00+00:00,4425.0
2025-01-14 12:00:00+00:00,4898.0
2025-01-14 13:00:00+00:00,3868.0
2025-01-14 14:00:00+00:00,1712.0
2025-01-14 15:00:00+00:00,398.0
2025-01-14 16:00:00+00:00,0.0
2025-01-14 17:00:00+00:00,0.0
2025-01-14 18:00:00+00:00,0.0
2025-01-14 19:00:00+00:00,0.0
2025-01-14 20:00:00+00:00,0.0
2025-01-14 21:00:00+00:00,0.0
2025-01-14 22:00:00+00:00,0.0
2025-01-14 23:00:00+00:00,0.0
2025-01-15 00:00:00+00:00,0.0
2025-01-15 01:00:00+00:00,0.0
2025-01-15 02:00:00+00:00,0.0
2025-01-15 03:00:00+00:00,0.0
2025-01-15 04:00:00+00:00,0.0
2025-01-15 05:00:00+00:00,0.0
2025-01-15 06:00:00+00:00,0.0
2025-01-15 07:00:00+00:00,9.0
2025-01-15 08:00:00+00:00,446.0
2025-01-15 09:00:00+00:00,1624.0
2025-01-15 10:00:00+00:00,2641.0
2025-01-15 11:00:00+00:00,3175.0
2025-01-15 12:00:00+00:00,2943.0
2025-01-15 13:00:00+00:00,2291.0
2025-01-15 14:00:00+00:00,1251.0
2025-01-15 15:00:00+00:00,339.0
2025-01-15 16:00:00+00:00,0.0
2025-01-15 17:00:00+00:00,0.0
2025-01-15 18:00:00+00:00,0.0
2025-01-15 19:00:00+00:00,0.0
2025-01-15 20:00:00+00:00,0.0
2025-01-15 21:00:00+00:00,0.0
2025-01-15 22:00:00+00:00,0.0
2025-01-15 23:00:00+00:00,0.0
2025-01-16 00:00:00+00:00,0.0
2025-01-16 01:00:00+00:00,0.0
2025-01-16 02:00:00+00:00,0.0
2025-01-16 03:00:00+00:00,0.0
2025-01-16 04:00:00+00:00,0.0
2025-01-16 05:00:00+00:00,0.0
2025-01-16 06:00:00+00:00,0.0
2025-01-16 07:00:00+00:00,6.0
2025-01-16 08:00:00+00:00,284.0
2025-01-16 09:00:00+00:00,999.0
2025-01-16 10:00:00+00:00,1679.0
2025-01-16 11:00:00+00:00,1990.0
2025-01-16 12:00:00+00:00,1985.0
2025-01-16 13:00:00+00:00,1549.0
2025-01-16 14:00:00+00:00,953.0
2025-01-16 15:00:00+00:00,257.0
2025-01-16 16:00:00+00:00,0.0
2025-01-16 17:00:00+00:00,0.0
2025-01-16 18:00:00+00:00,0.0
2025-01-16 19:00:00+00:00,0.0
2025-01-16 20:00:00+00:00,0.0
2025-01-16 21:00:00+00:00,0.0
2025-01-16 22:00:00+00:00,0.0
2025-01-16 23:00:00+00:00,0.0
2025-01-17 00:00:00+00:00,0.0
2025-01-17 01:00:00+00:00,0.0
2025-01-17 02:00:00+00:00,0.0
2025-01-17 03:00:00+00:00,0.0
2025-01-17 04:00:00+00:00,0.0
2025-01-17 05:00:00+00:00,0.0
2025-01-17 06:00:00+00:00,0.0
2025-01-17 07:00:00+00:00,6.0
2025-01-17 08:00:00+00:00,269.0
2025-01-17 09:00:00+00:00,975.0
2025-01-17 10:00:00+00:00,1729.0
2025-01-17 11:00:00+00:00,2192.0
2025-01-17 12:00:00+00:00,2208.0
2025-01-17 13:00:00+00:00,1900.0
2025-01-17 14:00:00+00:00,1105.0
2025-01-17 15:00:00+00:00,312.0
2025-01-17 16:00:00+00:00,0.0
2025-01-17 17:00:00+00:00,0.0
2025-01-17 18:00:00+00:00,0.0
2025-01-17 19:00:00+00:00,0.0
2025-01-17 20:00:00+00:00,0.0
2025-01-17 21:00:00+00:00,0.0
2025-01-17 22:00:00+00:00,0.0
2025-01-17 23:00:00+00:00,0.0
2025-01-18 00:00:00+00:00,0.0
2025-01-18 01:00:00+00:00,0.0
2025-01-18 02:00:00+00:00,0.0
2025-01-18 03:00:00+00:00,0.0
2025-01-18 04:00:00+00:00,0.0
2025-01-18 05:00:00+00:00,0.0
2025-01-18 06:00:00+00:00,0.0
2025-01-18 07:00:00+00:00,11.0
2025-01-18 08:00:00+00:00,336.0
2025-01-18 09:00:00+00:00,1323.0
2025-01-18 10:00:00+00:00,2444.0
2025-01-18 11:00:00+00:00,3334.0
2025-01-18 12:00:00+00:00,3318.0
2025-01-18 13:00:00+00:00,2564.0
2025-01-18 14:00:00+00:00,1505.0
2025-01-18 15:00:00+00:00,415.0
2025-01-18 16:00:00+00:00,4.0
2025-01-18 17:00:00+00:00,0.0
2025-01-18 18:00:00+00:00,0.0
2025-01-18 19:00:00+00:00,0.0
2025-01-18 20:00:00+00:00,0.0
2025-01-18 21:00:00+00:00,0.0
2025-01-18 22:00:00+00:00,0.0
2025-01-18 23:00:00+00:00,0.0
2025-01-19 00:00:00+00:00,0.0
2025-01-19 01:00:00+00:00,0.0
2025-01-19 02:00:00+00:00,0.0
2025-01-19 03:00:00+00:00,0.0
2025-01-19 04:00:00+00:00,0.0
2025-01-19 05:00:00+00:00,0.0
2025-01-19 06:00:00+00:00,0.0
2025-01-19 07:00:00+00:00,9.0
2025-01-19 08:00:00+00:00,265.0
2025-01-19 09:00:00+00:00,945.0
2025-01-19 10:00:00+00:00,1693.0
2025-01-19 11:00:00+00:00,2041.0
2025-01-19 12:00:00+00:00,2113.0
2025-01-19 13:00:00+00:00,1695.0
2025-01-19 14:00:00+00:00,987.0
2025-01-19 15:00:00+00:00,287.0
2025-01-19 16:00:00+00:00,3.0
2025-01-19 17:00:00+00:00,0.0
2025-01-19 18:00:00+00:00,0.0
2025-01-19 19:00:00+00:00,0.0
2025-01-19 20:00:00+00:00,0.0
2025-01-19 21:00:00+00:00,0.0
2025-01-19 22:00:00+00:00,0.0
2025-01-19 23:00:00+00:00,0.0
2025-01-20 00:00:00+00:00,0.0
2025-01-20 01:00:00+00:00,0.0
2025-01-20 02:00:00+00:00,0.0
2025-01-20 03:00:00+00:00,0.0
2025-01-20 04:00:00+00:00,0.0
2025-01-20 05:00:00+00:00,0.0
2025-01-20 06:00:00+00:00,0.0
2025-01-20 07:00:00+00:00,7.0
2025-01-20 08:00:00+00:00,242.0
2025-01-20 09:00:00+00:00,879.0
2025-01-20 10:00:00+00:00,1288.0
2025-01-20 11:00:00+00:00,1435.0
2025-01-20 12:00:00+00:00,1502.0
2025-01-20 13:00:00+00:00,1327.0
2025-01-20 14:00:00+00:00,869.0
2025-01-20 15:00:00+00:00,296.0
2025-01-20 16:00:00+00:00,9.0
2025-01-20 17:00:00+00:00,0.0
2025-01-20 18:00:00+00:00,0.0
2025-01-20 19:00:00+00:00,0.0
2025-01-20 20:00:00+00:00,0.0
2025-01-20 21:00:00+00:00,0.0
2025-01-20 22:00:00+00:00,0.0
2025-01-20 23:00:00+00:00,0.0
2025-01-21 00:00:00+00:00,0.0
2025-01-21 01:00:00+00:00,0.0
2025-01-21 02:00:00+00:00,0.0
2025-01-21 03:00:00+00:00,0.0
2025-01-21 04:00:00+00:00,0.0
2025-01-21 05:00:00+00:00,0.0
2025-01-21 06:00:00+00:00,0.0
2025-01-21 07:00:00+00:00,10.0
2025-01-21 08:00:00+00:00,356.0
2025-01-21 09:00:00+00:00,1311.0
2025-01-21 10:00:00+00:00,2295.0
2025-01-21 11:00:00+00:00,2813.0
2025-01-21 12:00:00+00:00,3053.0
2025-01-21 13:00:00+00:00,2616.0
2025-01-21 14:00:00+00:00,1650.0
2025-01-21 15:00:00+00:00,555.0
2025-01-21 16:00:00+00:00,12.0
2025-01-21 17:00:00+00:00,0.0
2025-01-21 18:00:00+00:00,0.0
2025-01-21 19:00:00+00:00,0.0
2025-01-21 20:00:00+00:00,0.0
2025-01-21 21:00:00+00:00,0.0
2025-01-21 22:00:00+00:00,0.0
2025-01-21 23:00:00+00:00,0.0
2025-01-22 00:00:00+00:00,0.0
2025-01-22 01:00:00+00:00,0.0
2025-01-22 02:00:00+00:00,0.0
2025-01-22 03:00:00+00:00,0.0
2025-01-22 04:00:00+00:00,0.0
2025-01-22 05:00:00+00:00,0.0
2025-01-22 06:00:00+00:00,0.0
2025-01-22 07:00:00+00:00,10.0
2025-01-22 08:00:00+00:00,608.0
2025-01-22 09:00:00+00:00,1954.0
2025-01-22 10:00:00+00:00,3032.0
2025-01-22 11:00:00+00:00,3377.0
2025-01-22 12:00:00+00:00,3390.0
2025-01-22 13:00:00+00:00,2202.0
2025-01-22 14:00:00+00:00,1128.0
2025-01-22 15:00:00+00:00,335.0
2025-01-22 16:00:00+00:00,6.0
2025-01-22 17:00:00+00:00,0.0
2025-01-22 18:00:00+00:00,0.0
2025-01-22 19:00:00+00:00,0.0
2025-01-22 20:00:00+00:00,0.0
2025-01-22 21:00:00+00:00,0.0
2025-01-22 22:00:00+00:00,0.0
2025-01-22 23:00:00+00:00,0.0
2025-01-23 00:00:00+00:00,0.0
2025-01-23 01:00:00+00:00,0.0
2025-01-23 02:00:00+00:00,0.0
2025-01-23 03:00:00+00:00,0.0
2025-01-23 04:00:00+00:00,0.0
2025-01-23 05:00:00+00:00,0.0
2025-01-23 06:00:00+00:00,0.0
2025-01-23 07:00:00+00:00,17.0
2025-01-23 08:00:00+00:00,760.0
2025-01-23 09:00:00+00:00,2909.0
2025-01-23 10:00:00+00:00,4303.0
2025-01-23 11:00:00+00:00,4736.0
2025-01-23 12:00:00+00:00,4283.0
2025-01-23 13:00:00+00:00,3074.0
2025-01-23 14:00:00+00:00,2026.0
2025-01-23 15:00:00+00:00,734.0
2025-01-23 16:00:00+00:00,22.0
2025-01-23 17:00:00+00:00,0.0
2025-01-23 18:00:00+00:00,0.0
2025-01-23 19:00:00+00:00,0.0
2025-01-23 20:00:00+00:00,0.0
2025-01-23 21:00:00+00:00,0.0
2025-01-23 22:00:00+00:00,0.0
2025-01-23 23:00:00+00:00,0.0
2025-01-24 00:00:00+00:00,0.0
2025-01-24 01:00:00+00:00,0.0
2025-01-24 02:00:00+00:00,0.0
2025-01-24 03:00:00+00:00,0.0
2025-01-24 04:00:00+00:00,0.0
2025-01-24 05:00:00+00:00,0.0
2025-01-24 06:00:00+00:00,0.0
2025-01-24 07:00:00+00:00,8.0
2025-01-24 08:00:00+00:00,353.0
2025-01-24 09:00:00+00:00,962.0
2025-01-24 10:00:00+00:00,1341.0
2025-01-24 11:00:00+00:00,1179.0
2025-01-24 12:00:00+00:00,1151.0
2025-01-24 13:00:00+00:00,1126.0
2025-01-24 14:00:00+00:00,1166.0
2025-01-24 15:00:00+00:00,611.0
2025-01-24 16:00:00+00:00,28.0
2025-01-24 17:00:00+00:00,0.0
2025-01-24 18:00:00+00:00,0.0
2025-01-24 19:00:00+00:00,0.0
2025-01-24 20:00:00+00:00,0.0
2025-01-24 21:00:00+00:00,0.0
2025-01-24 22:00:00+00:00,0.0
2025-01-24 23:00:00+00:00,0.0
2025-01-25 00:00:00+00:00,0.0
2025-01-25 01:00:00+00:00,0.0
2025-01-25 02:00:00+00:00,0.0
2025-01-25 03:00:00+00:00,0.0
2025-01-25 04:00:00+00:00,0.0
2025-01-25 05:00:00+00:00,0.0
2025-01-25 06:00:00+00:00,0.0
2025-01-25 07:00:00+00:00,8.0
2025-01-25 08:00:00+00:00,360.0
2025-01-25 09:00:00+00:00,1581.0
2025-01-25 10:00:00+00:00,3192.0
2025-01-25 11:00:00+00:00,4045.0
2025-01-25 12:00:00+00:00,4136.0
2025-01-25 13:00:00+00:00,4268.0
2025-01-25 14:00:00+00:00,3263.0
2025-01-25 15:00:00+00:00,1084.0
2025-01-25 16:00:00+00:00,23.0
2025-01-25 17:00:00+00:00,0.0
2025-01-25 18:00:00+00:00,0.0
2025-01-25 19:00:00+00:00,0.0
2025-01-25 20:00:00+00:00,0.0
2025-01-25 21:00:00+00:00,0.0
2025-01-25 22:00:00+00:00,0.0
2025-01-25 23:00:00+00:00,0.0
2025-01-26 00:00:00+00:00,0.0
2025-01-26 01:00:00+00:00,0.0
2025-01-26 02:00:00+00:00,0.0
2025-01-26 03:00:00+00:00,0.0
2025-01-26 04:00:00+00:00,0.0
2025-01-26 05:00:00+00:00,0.0
2025-01-26 06:00:00+00:00,0.0
2025-01-26 07:00:00+00:00,21.0
2025-01-26 08:00:00+00:00,778.0
2025-01-26 09:00:00+00:00,3695.0
2025-01-26 10:00:00+00:00,6480.0
2025-01-26 11:00:00+00:00,8251.0
2025-01-26 12:00:00+00:00,8049.0
2025-01-26 13:00:00+00:00,5796.0
2025-01-26 14:00:00+00:00,2626.0
2025-01-26 15:00:00+00:00,1080.0
2025-01-26 16:00:00+00:00,91.0
2025-01-26 17:00:00+00:00,0.0
2025-01-26 18:00:00+00:00,0.0
2025-01-26 19:00:00+00:00,0.0
2025-01-26 20:00:00+00:00,0.0
2025-01-26 21:00:00+00:00,0.0
2025-01-26 22:00:00+00:00,0.0
2025-01-26 23:00:00+00:00,0.0
2025-01-27 00:00:00+00:00,0.0
2025-01-27 01:00:00+00:00,0.0
2025-01-27 02:00:00+00:00,0.0
2025-01-27 03:00:00+00:00,0.0
2025-01-27 04:00:00+00:00,0.0
2025-01-27 05:00:00+00:00,0.0
2025-01-27 06:00:00+00:00,0.0
2025-01-27 07:00:00+00:00,27.0
2025-01-27 08:00:00+00:00,1159.0
2025-01-27 09:00:00+00:00,4711.0
2025-01-27 10:00:00+00:00,7173.0
2025-01-27 11:00:00+00:00,7913.0
2025-01-27 12:00:00+00:00,8227.0
2025-01-27 13:00:00+00:00,6576.0
2025-01-27 14:00:00+00:00,5425.0
2025-01-27 15:00:00+00:00,2570.0
2025-01-27 16:00:00+00:00,196.0
2025-01-27 17:00:00+00:00,0.0
2025-01-27 18:00:00+00:00,0.0
2025-01-27 19:00:00+00:00,0.0
2025-01-27 20:00:00+00:00,0.0
2025-01-27 21:00:00+00:00,0.0
2025-01-27 22:00:00+00:00,0.0
2025-01-27 23:00:00+00:00,0.0
2025-01-28 00:00:00+00:00,0.0
2025-01-28 01:00:00+00:00,0.0
2025-01-28 02:00:00+00:00,0.0
2025-01-28 03:00:00+00:00,0.0
2025-01-28 04:00:00+00:00,0.0
2025-01-28 05:00:00+00:00,0.0
2025-01-28 06:00:00+00:00,0.0
2025-01-28 07:00:00+00:00,33.0
2025-01-28 08:00:00+00:00,939.0
2025-01-28 09:00:00+00:00,3290.0
2025-01-28 10:00:00+00:00,4911.0
2025-01-28 11:00:00+00:00,4215.0
2025-01-28 12:00:00+00:00,3245.0
2025-01-28 13:00:00+00:00,2355.0
2025-01-28 14:00:00+00:00,1708.0
2025-01-28 15:00:00+00:00,724.0
2025-01-28 16:00:00+00:00,63.0
2025-01-28 17:00:00+00:00,0.0
2025-01-28 18:00:00+00:00,0.0
2025-01-28 19:00:00+00:00,0.0
2025-01-28 20:00:00+00:00,0.0
2025-01-28 21:00:00+00:00,0.0
2025-01-28 22:00:00+00:00,0.0
2025-01-28 23:00:00+00:00,0.0
2025-01-29 00:00:00+00:00,0.0
2025-01-29 01:00:00+00:00,0.0
2025-01-29 02:00:00+00:00,0.0
2025-01-29 03:00:00+00:00,0.0
2025-01-29 04:00:00+00:00,0.0
2025-01-29 05:00:00+00:00,0.0
2025-01-29 06:00:00+00:00,0.0
2025-01-29 07:00:00+00:00,30.0
2025-01-29 08:00:00+00:00,763.0
2025-01-29 09:00:00+00:00,2714.0
2025-01-29 10:00:00+00:00,4185.0
2025-01-29 11:00:00+00:00,4850.0
2025-01-29 12:00:00+00:00,3923.0
2025-01-29 13:00:00+00:00,4196.0
2025-01-29 14:00:00+00:00,3259.0
2025-01-29 15:00:00+00:00,1628.0
2025-01-29 16:00:00+00:00,110.0
2025-01-29 17:00:00+00:00,0.0
2025-01-29 18:00:00+00:00,0.0
2025-01-29 19:00:00+00:00,0.0
2025-01-29 20:00:00+00:00,0.0
2025-01-29 21:00:00+00:00,0.0
2025-01-29 22:00:00+00:00,0.0
2025-01-29 23:00:00+00:00,0.0
2025-01-30 00:00:00+00:00,0.0
2025-01-30 01:00:00+00:00,0.0
2025-01-30 02:00:00+00:00,0.0
2025-01-30 03:00:00+00:00,0.0
2025-01-30 04:00:00+00:00,0.0
2025-01-30 05:00:00+00:00,0.0
2025-01-30 06:00:00+00:00,0.0
2025-01-30 07:00:00+00:00,25.0
2025-01-30 08:00:00+00:00,656.0
2025-01-30 09:00:00+00:00,1716.0
2025-01-30 10:00:00+00:00,2783.0
2025-01-30 11:00:00+00:00,3161.0
2025-01-30 12:00:00+00:00,2722.0
2025-01-30 13:00:00+00:00,2980.0
2025-01-30 14:00:00+00:00,3204.0
2025-01-30 15:00:00+00:00,2237.0
2025-01-30 16:00:00+00:00,433.0
2025-01-30 17:00:00+00:00,0.0
2025-01-30 18:00:00+00:00,0.0
2025-01-30 19:00:00+00:00,0.0
2025-01-30 20:00:00+00:00,0.0
2025-01-30 21:00:00+00:00,0.0
2025-01-30 22:00:00+00:00,0.0
2025-01-30 23:00:00+00:00,0.0
2025-01-31 00:00:00+00:00,0.0
2025-01-31 01:00:00+00:00,0.0
2025-01-31 02:00:00+00:00,0.0
2025-01-31 03:00:00+00:00,0.0
2025-01-31 04:00:00+00:00,0.0
2025-01-31 05:00:00+00:00,0.0
2025-01-31 06:00:00+00:00,0.0
2025-01-31 07:00:00+00:00,82.0
2025-01-31 08:00:00+00:00,1614.0
2025-01-31 09:00:00+00:00,4500.0
2025-01-31 10:00:00+00:00,7248.0
2025-01-31 11:00:00+00:00,8084.0
2025-01-31 12:00:00+00:00,8390.0
2025-01-31 13:00:00+00:00,7824.0
2025-01-31 14:00:00+00:00,5762.0
2025-01-31 15:00:00+00:00,2223.0
2025-01-31 16:00:00+00:00,215.0
2025-01-31 17:00:00+00:00,0.0
2025-01-31 18:00:00+00:00,0.0
2025-01-31 19:00:00+00:00,0.0
2025-01-31 20:00:00+00:00,0.0
2025-01-31 21:00:00+00:00,0.0
2025-01-31 22:00:00+00:00,0.0
2025-01-31 23:00:00+00:00,0.0
2025-02-01 00:00:00+00:00,0.0
2025-02-01 01:00:00+00:00,0.0
2025-02-01 02:00:00+00:00,0.0
2025-02-01 03:00:00+00:00,0.0
2025-02-01 04:00:00+00:00,0.0
2025-02-01 05:00:00+00:00,0.0
2025-02-01 06:00:00+00:00,0.0
2025-02-01 07:00:00+00:00,107.0
2025-02-01 08:00:00+00:00,2422.0
2025-02-01 09:00:00+00:00,7011.0
2025-02-01 10:00:00+00:00,9228.0
2025-02-01 11:00:00+00:00,10341.0
2025-02-01 12:00:00+00:00,10789.0
2025-02-01 13:00:00+00:00,9766.0
2025-02-01 14:00:00+00:00,7016.0
2025-02-01 15:00:00+00:00,3484.0
2025-02-01 16:00:00+00:00,335.0
2025-02-01 17:00:00+00:00,0.0
2025-02-01 18:00:00+00:00,0.0
2025-02-01 19:00:00+00:00,0.0
2025-02-01 20:00:00+00:00,0.0
2025-02-01 21:00:00+00:00,0.0
2025-02-01 22:00:00+00:00,0.0
2025-02-01 23:00:00+00:00,0.0
2025-02-02 00:00:00+00:00,0.0
2025-02-02 01:00:00+00:00,0.0
2025-02-02 02:00:00+00:00,0.0
2025-02-02 03:00:00+00:00,0.0
2025-02-02 04:00:00+00:00,0.0
2025-02-02 05:00:00+00:00,0.0
2025-02-02 06:00:00+00:00,0.0
2025-02-02 07:00:00+00:00,192.0
2025-02-02 08:00:00+00:00,3723.0
2025-02-02 09:00:00+00:00,8397.0
2025-02-02 10:00:00+00:00,11937.0
2025-02-02 11:00:00+00:00,11968.0
2025-02-02 12:00:00+00:00,11682.0
2025-02-02 13:00:00+00:00,10159.0
2025-02-02 14:00:00+00:00,7345.0
2025-02-02 15:00:00+00:00,3629.0
2025-02-02 16:00:00+00:00,447.0
2025-02-02 17:00:00+00:00,0.0
2025-02-02 18:00:00+00:00,0.0
2025-02-02 19:00:00+00:00,0.0
2025-02-02 20:00:00+00:00,0.0
2025-02-02 21:00:00+00:00,0.0
2025-02-02 22:00:00+00:00,0.0
2025-02-02 23:00:00+00:00,0.0
2025-02-03 00:00:00+00:00,0.0
2025-02-03 01:00:00+00:00,0.0
2025-02-03 02:00:00+00:00,0.0
2025-02-03 03:00:00+00:00,0.0
2025-02-03 04:00:00+00:00,0.0
2025-02-03 05:00:00+00:00,0.0
2025-02-03 06:00:00+00:00,0.0
2025-02-03 07:00:00+00:00,191.0
2025-02-03 08:00:00+00:00,3110.0
2025-02-03 09:00:00+00:00,7273.0
2025-02-03 10:00:00+00:00,10270.0
2025-02-03 11:00:00+00:00,10493.0
2025-02-03 12:00:00+00:00,10692.0
2025-02-03 13:00:00+00:00,9455.0
2025-02-03 14:00:00+00:00,6832.0
2025-02-03 15:00:00+00:00,3402.0
2025-02-03 16:00:00+00:00,406.0
2025-02-03 17:00:00+00:00,0.0
2025-02-03 18:00:00+00:00,0.0
2025-02-03 19:00:00+00:00,0.0
2025-02-03 20:00:00+00:00,0.0
2025-02-03 21:00:00+00:00,0.0
2025-02-03 22:00:00+00:00,0.0
2025-02-03 23:00:00+00:00,0.0
2025-02-04 00:00:00+00:00,0.0
2025-02-04 01:00:00+00:00,0.0
2025-02-04 02:00:00+00:00,0.0
2025-02-04 03:00:00+00:00,0.0
2025-02-04 04:00:00+00:00,0.0
2025-02-04 05:00:00+00:00,0.0
2025-02-04 06:00:00+00:00,0.0
2025-02-04 07:00:00+00:00,70.0
2025-02-04 08:00:00+00:00,674.0
2025-02-04 09:00:00+00:00,1625.0
2025-02-04 10:00:00+00:00,2830.0
2025-02-04 11:00:00+00:00,3593.0
2025-02-04 12:00:00+00:00,4165.0
2025-02-04 13:00:00+00:00,4200.0
2025-02-04 14:00:00+00:00,3221.0
2025-02-04 15:00:00+00:00,2088.0
2025-02-04 16:00:00+00:00,366.0
2025-02-04 17:00:00+00:00,0.0
2025-02-04 18:00:00+00:00,0.0
2025-02-04 19:00:00+00:00,0.0
2025-02-04 20:00:00+00:00,0.0
2025-02-04 21:00:00+00:00,0.0
2025-02-04 22:00:00+00:00,0.0
2025-02-04 23:00:00+00:00,0.0
2025-02-05 00:00:00+00:00,0.0
2025-02-05 01:00:00+00:00,0.0
2025-02-05 02:00:00+00:00,0.0
2025-02-05 03:00:00+00:00,0.0
2025-02-05 04:00:00+00:00,0.0
2025-02-05 05:00:00+00:00,0.0
2025-02-05 06:00:00+00:00,0.0
2025-02-05 07:00:00+00:00,86.0
2025-02-05 08:00:00+00:00,1179.0
2025-02-05 09:00:00+00:00,3275.0
2025-02-05 10:00:00+00:00,5294.0
2025-02-05 11:00:00+00:00,6744.0
2025-02-05 12:00:00+00:00,7111.0
2025-02-05 13:00:00+00:00,6446.0
2025-02-05 14:00:00+00:00,4698.0
2025-02-05 15:00:00+00:00,2212.0
2025-02-05 16:00:00+00:00,422.0
2025-02-05 17:00:00+00:00,0.0
2025-02-05 18:00:00+00:00,0.0
2025-02-05 19:00:00+00:00,0.0
2025-02-05 20:00:00+00:00,0.0
2025-02-05 21:00:00+00:00,0.0
2025-02-05 22:00:00+00:00,0.0
2025-02-05 23:00:00+00:00,0.0
2025-02-06 00:00:00+00:00,0.0
2025-02-06 01:00:00+00:00,0.0
2025-02-06 02:00:00+00:00,0.0
2025-02-06 03:00:00+00:00,0.0
2025-02-06 04:00:00+00:00,0.0
2025-02-06 05:00:00+00:00,0.0
2025-02-06 06:00:00+00:00,0.0
2025-02-06 07:00:00+00:00,86.0
2025-02-06 08:00:00+00:00,1172.0
2025-02-06 09:00:00+00:00,2855.0
2025-02-06 10:00:00+00:00,4632.0
2025-02-06 11:00:00+00:00,6858.0
2025-02-06 12:00:00+00:00,8073.0
2025-02-06 13:00:00+00:00,6926.0
2025-02-06 14:00:00+00:00,5585.0
2025-02-06 15:00:00+00:00,2601.0
2025-02-06 16:00:00+00:00,378.0
2025-02-06 17:00:00+00:00,0.0
2025-02-06 18:00:00+00:00,0.0
2025-02-06 19:00:00+00:00,0.0
2025-02-06 20:00:00+00:00,0.0
2025-02-06 21:00:00+00:00,0.0
2025-02-06 22:00:00+00:00,0.0
2025-02-06 23:00:00+00:00,0.0
2025-02-07 00:00:00+00:00,0.0
2025-02-07 01:00:00+00:00,0.0
2025-02-07 02:00:00+00:00,0.0
2025-02-07 03:00:00+00:00,0.0
2025-02-07 04:00:00+00:00,0.0
2025-02-07 05:00:00+00:00,0.0
2025-02-07 06:00:00+00:00,0.0
2025-02-07 07:00:00+00:00,99.0
2025-02-07 08:00:00+00:00,949.0
2025-02-07 09:00:00+00:00,2390.0
2025-02-07 10:00:00+00:00,3952.0
2025-02-07 11:00:00+00:00,5395.0
2025-02-07 12:00:00+00:00,5182.0
2025-02-07 13:00:00+00:00,3898.0
2025-02-07 14:00:00+00:00,2712.0
2025-02-07 15:00:00+00:00,1257.0
2025-02-07 16:00:00+00:00,204.0
2025-02-07 17:00:00+00:00,0.0
2025-02-07 18:00:00+00:00,0.0
2025-02-07 19:00:00+00:00,0.0
2025-02-07 20:00:00+00:00,0.0
2025-02-07 21:00:00+00:00,0.0
2025-02-07 22:00:00+00:00,0.0
2025-02-07 23:00:00+00:00,0.0
2025-02-08 00:00:00+00:00,0.0
2025-02-08 01:00:00+00:00,0.0
2025-02-08 02:00:00+00:00,0.0
2025-02-08 03:00:00+00:00,0.0
2025-02-08 04:00:00+00:00,0.0
2025-02-08 05:00:00+00:00,0.0
2025-02-08 06:00:00+00:00,0.0
2025-02-08 07:00:00+00:00,88.0
2025-02-08 08:00:00+00:00,760.0
2025-02-08 09:00:00+00:00,1834.0
2025-02-08 10:00:00+00:00,3113.0
2025-02-08 11:00:00+00:00,4651.0
2025-02-08 12:00:00+00:00,5435.0
2025-02-08 13:00:00+00:00,4980.0
2025-02-08 14:00:00+00:00,4456.0
2025-02-08 15:00:00+00:00,2469.0
2025-02-08 16:00:00+00:00,465.0
2025-02-08 17:00:00+00:00,0.0
2025-02-08 18:00:00+00:00,0.0
2025-02-08 19:00:00+00:00,0.0
2025-02-08 20:00:00+00:00,0.0
2025-02-08 21:00:00+00:00,0.0
2025-02-08 22:00:00+00:00,0.0
2025-02-08 23:00:00+00:00,0.0
2025-02-09 00:00:00+00:00,0.0
2025-02-09 01:00:00+00:00,0.0
2025-02-09 02:00:00+00:00,0.0
2025-02-09 03:00:00+00:00,0.0
2025-02-09 04:00:00+00:00,0.0
2025-02-09 05:00:00+00:00,0.0
2025-02-09 06:00:00+00:00,0.0
2025-02-09 07:00:00+00:00,210.0
2025-02-09 08:00:00+00:00,1638.0
2025-02-09 09:00:00+00:00,3711.0
2025-02-09 10:00:00+00:00,5314.0
2025-02-09 11:00:00+00:00,5955.0
2025-02-09 12:00:00+00:00,6535.0
2025-02-09 13:00:00+00:00,5749.0
2025-02-09 14:00:00+00:00,4445.0
2025-02-09 15:00:00+00:00,2448.0
2025-02-09 16:00:00+00:00,430.0
2025-02-09 17:00:00+00:00,0.0
2025-02-09 18:00:00+00:00,0.0
2025-02-09 19:00:00+00:00,0.0
2025-02-09 20:00:00+00:00,0.0
2025-02-09 21:00:00+00:00,0.0
2025-02-09 22:00:00+00:00,0.0
2025-02-09 23:00:00+00:00,0.0
2025-02-10 00:00:00+00:00,0.0
2025-02-10 01:00:00+00:00,0.0
2025-02-10 02:00:00+00:00,0.0
2025-02-10 03:00:00+00:00,0.0
2025-02-10 04:00:00+00:00,0.0
2025-02-10 05:00:00+00:00,0.0
2025-02-10 06:00:00+00:00,0.0
2025-02-10 07:00:00+00:00,140.0
2025-02-10 08:00:00+00:00,1238.0
2025-02-10 09:00:00+00:00,2622.0
2025-02-10 10:00:00+00:00,3557.0
2025-02-10 11:00:00+00:00,4309.0
2025-02-10 12:00:00+00:00,4159.0
2025-02-10 13:00:00+00:00,3241.0
2025-02-10 14:00:00+00:00,1934.0
2025-02-10 15:00:00+00:00,1025.0
2025-02-10 16:00:00+00:00,199.0
2025-02-10 17:00:00+00:00,0.0
2025-02-10 18:00:00+00:00,0.0
2025-02-10 19:00:00+00:00,0.0
2025-02-10 20:00:00+00:00,0.0
2025-02-10 21:00:00+00:00,0.0
2025-02-10 22:00:00+00:00,0.0
2025-02-10 23:00:00+00:00,0.0
2025-02-11 00:00:00+00:00,0.0
2025-02-11 01:00:00+00:00,0.0
2025-02-11 02:00:00+00:00,0.0
2025-02-11 03:00:00+00:00,0.0
2025-02-11 04:00:00+00:00,0.0
2025-02-11 05:00:00+00:00,0.0
2025-02-11 06:00:00+00:00,0.0
2025-02-11 07:00:00+00:00,78.0
2025-02-11 08:00:00+00:00,568.0
2025-02-11 09:00:00+00:00,1159.0
2025-02-11 10:00:00+00:00,1617.0
2025-02-11 11:00:00+00:00,2250.0
2025-02-11 12:00:00+00:00,2215.0
2025-02-11 13:00:00+00:00,1677.0
2025-02-11 14:00:00+00:00,1195.0
2025-02-11 15:00:00+00:00,571.0
2025-02-11 16:00:00+00:00,118.0
2025-02-11 17:00:00+00:00,0.0
2025-02-11 18:00:00+00:00,0.0
2025-02-11 19:00:00+00:00,0.0
2025-02-11 20:00:00+00:00,0.0
2025-02-11 21:00:00+00:00,0.0
2025-02-11 22:00:00+00:00,0.0
2025-02-11 23:00:00+00:00,0.0
2025-02-12 00:00:00+00:00,0.0
2025-02-12 01:00:00+00:00,0.0
2025-02-12 02:00:00+00:00,0.0
2025-02-12 03:00:00+00:00,0.0
2025-02-12 04:00:00+00:00,0.0
2025-02-12 05:00:00+00:00,0.0
2025-02-12 06:00:00+00:00,0.0
2025-02-12 07:00:00+00:00,126.0
2025-02-12 08:00:00+00:00,866.0
2025-02-12 09:00:00+00:00,2208.0
2025-02-12 10:00:00+00:00,3198.0
2025-02-12 11:00:00+00:00,3872.0
2025-02-12 12:00:00+00:00,4087.0
2025-02-12 13:00:00+00:00,3475.0
2025-02-12 14:00:00+00:00,2142.0
2025-02-12 15:00:00+00:00,1149.0
2025-02-12 16:00:00+00:00,263.0
2025-02-12 17:00:00+00:00,0.0
2025-02-12 18:00:00+00:00,0.0
2025-02-12 19:00:00+00:00,0.0
2025-02-12 20:00:00+00:00,0.0
2025-02-12 21:00:00+00:00,0.0
2025-02-12 22:00:00+00:00,0.0
2025-02-12 23:00:00+00:00,0.0
2025-02-13 00:00:00+00:00,0.0
2025-02-13 01:00:00+00:00,0.0
2025-02-13 02:00:00+00:00,0.0
2025-02-13 03:00:00+00:00,0.0
2025-02-13 04:00:00+00:00,0.0
2025-02-13 05:00:00+00:00,0.0
2025-02-13 06:00:00+00:00,0.0
2025-02-13 07:00:00+00:00,81.0
2025-02-13 08:00:00+00:00,709.0
2025-02-13 09:00:00+00:00,1748.0
2025-02-13 10:00:00+00:00,3367.0
2025-02-13 11:00:00+00:00,4226.0
2025-02-13 12:00:00+00:00,3950.0
2025-02-13 13:00:00+00:00,3942.0
2025-02-13 14:00:00+00:00,3559.0
2025-02-13 15:00:00+00:00,2002.0
2025-02-13 16:00:00+00:00,464.0
2025-02-13 17:00:00+00:00,0.0
2025-02-13 18:00:00+00:00,0.0
2025-02-13 19:00:00+00:00,0.0
2025-02-13 20:00:00+00:00,0.0
2025-02-13 21:00:00+00:00,0.0
2025-02-13 22:00:00+00:00,0.0
2025-02-13 23:00:00+00:00,0.0
2025-02-14 00:00:00+00:00,0.0
2025-02-14 01:00:00+00:00,0.0
2025-02-14 02:00:00+00:00,0.0
2025-02-14 03:00:00+00:00,0.0
2025-02-14 04:00:00+00:00,0.0
2025-02-14 05:00:00+00:00,0.0
2025-02-14 06:00:00+00:00,0.0
2025-02-14 07:00:00+00:00,217.0
2025-02-14 08:00:00+00:00,2183.0
2025-02-14 09:00:00+00:00,5332.0
2025-02-14 10:00:00+00:00,6820.0
2025-02-14 11:00:00+00:00,7411.0
2025-02-14 12:00:00+00:00,6438.0
2025-02-14 13:00:00+00:00,4992.0
2025-02-14 14:00:00+00:00,3374.0
2025-02-14 15:00:00+00:00,2032.0
2025-02-14 16:00:00+00:00,386.0
2025-02-14 17:00:00+00:00,0.0
2025-02-14 18:00:00+00:00,0.0
2025-02-14 19:00:00+00:00,0.0
2025-02-14 20:00:00+00:00,0.0
2025-02-14 21:00:00+00:00,0.0
2025-02-14 22:00:00+00:00,0.0
2025-02-14 23:00:00+00:00,0.0
2025-02-15 00:00:00+00:00,0.0
2025-02-15 01:00:00+00:00,0.0
2025-02-15 02:00:00+00:00,0.0
2025-02-15 03:00:00+00:00,0.0
2025-02-15 04:00:00+00:00,0.0
2025-02-15 05:00:00+00:00,0.0
2025-02-15 06:00:00+00:00,0.0
2025-02-15 07:00:00+00:00,208.0
2025-02-15 08:00:00+00:00,1480.0
2025-02-15 09:00:00+00:00,3381.0
2025-02-15 10:00:00+00:00,5030.0
2025-02-15 11:00:00+00:00,5463.0
2025-02-15 12:00:00+00:00,4899.0
2025-02-15 13:00:00+00:00,4452.0
2025-02-15 14:00:00+00:00,3318.0
2025-02-15 15:00:00+00:00,1590.0
2025-02-15 16:00:00+00:00,305.0
2025-02-15 17:00:00+00:00,0.0
2025-02-15 18:00:00+00:00,0.0
2025-02-15 19:00:00+00:00,0.0
2025-02-15 20:00:00+00:00,0.0
2025-02-15 21:00:00+00:00,0.0
2025-02-15 22:00:00+00:00,0.0
2025-02-15 23:00:00+00:00,0.0
2025-02-16 00:00:00+00:00,0.0
2025-02-16 01:00:00+00:00,0.0
2025-02-16 02:00:00+00:00,0.0
2025-02-16 03:00:00+00:00,0.0
2025-02-16 04:00:00+00:00,0.0
2025-02-16 05:00:00+00:00,0.0
2025-02-16 06:00:00+00:00,0.0
2025-02-16 07:00:00+00:00,530.0
2025-02-16 08:00:00+00:00,3142.0
2025-02-16 09:00:00+00:00,6270.0
2025-02-16 10:00:00+00:00,9384.0
2025-02-16 11:00:00+00:00,11894.0
2025-02-16 12:00:00+00:00,12543.0
2025-02-16 13:00:00+00:00,11480.0
2025-02-16 14:00:00+00:00,9201.0
2025-02-16 15:00:00+00:00,5280.0
2025-02-16 16:00:00+00:00,1236.0
2025-02-16 17:00:00+00:00,0.0
2025-02-16 18:00:00+00:00,0.0
2025-02-16 19:00:00+00:00,0.0
2025-02-16 20:00:00+00:00,0.0
2025-02-16 21:00:00+00:00,0.0
2025-02-16 22:00:00+00:00,0.0
2025-02-16 23:00:00+00:00,0.0
2025-02-17 00:00:00+00:00,0.0
2025-02-17 01:00:00+00:00,0.0
2025-02-17 02:00:00+00:00,0.0
2025-02-17 03:00:00+00:00,0.0
2025-02-17 04:00:00+00:00,0.0
2025-02-17 05:00:00+00:00,0.0
2025-02-17 06:00:00+00:00,0.0
2025-02-17 07:00:00+00:00,1073.0
2025-02-17 08:00:00+00:00,6254.0
2025-02-17 09:00:00+00:00,11185.0
2025-02-17 10:00:00+00:00,13791.0
2025-02-17 11:00:00+00:00,14988.0
2025-02-17 12:00:00+00:00,14382.0
2025-02-17 13:00:00+00:00,12483.0
2025-02-17 14:00:00+00:00,9425.0
2025-02-17 15:00:00+00:00,5342.0
2025-02-17 16:00:00+00:00,1249.0
2025-02-17 17:00:00+00:00,0.0
2025-02-17 18:00:00+00:00,0.0
2025-02-17 19:00:00+00:00,0.0
2025-02-17 20:00:00+00:00,0.0
2025-02-17 21:00:00+00:00,0.0
2025-02-17 22:00:00+00:00,0.0
2025-02-17 23:00:00+00:00,0.0
2025-02-18 00:00:00+00:00,0.0
2025-02-18 01:00:00+00:00,0.0
2025-02-18 02:00:00+00:00,0.0
2025-02-18 03:00:00+00:00,0.0
2025-02-18 04:00:00+00:00,0.0
2025-02-18 05:00:00+00:00,0.0
2025-02-18 06:00:00+00:00,0.0
2025-02-18 07:00:00+00:00,987.0
2025-02-18 08:00:00+00:00,4872.0
2025-02-18 09:00:00+00:00,9133.0
2025-02-18 10:00:00+00:00,11828.0
2025-02-18 11:00:00+00:00,13567.0
2025-02-18 12:00:00+00:00,13785.0
2025-02-18 13:00:00+00:00,12237.0
2025-02-18 14:00:00+00:00,9728.0
2025-02-18 15:00:00+00:00,5201.0
2025-02-18 16:00:00+00:00,1295.0
2025-02-18 17:00:00+00:00,0.0
2025-02-18 18:00:00+00:00,0.0
2025-02-18 19:00:00+00:00,0.0
2025-02-18 20:00:00+00:00,0.0
2025-02-18 21:00:00+00:00,0.0
2025-02-18 22:00:00+00:00,0.0
2025-02-18 23:00:00+00:00,0.0
2025-02-19 00:00:00+00:00,0.0
2025-02-19 01:00:00+00:00,0.0
2025-02-19 02:00:00+00:00,0.0
2025-02-19 03:00:00+00:00,0.0
2025-02-19 04:00:00+00:00,0.0
2025-02-19 05:00:00+00:00,0.0
2025-02-19 06:00:00+00:00,9.0
2025-02-19 07:00:00+00:00,957.0
2025-02-19 08:00:00+00:00,4112.0
2025-02-19 09:00:00+00:00,7222.0
2025-02-19 10:00:00+00:00,9894.0
2025-02-19 11:00:00+00:00,10714.0
2025-02-19 12:00:00+00:00,10976.0
2025-02-19 13:00:00+00:00,10926.0
2025-02-19 14:00:00+00:00,8032.0
2025-02-19 15:00:00+00:00,4096.0
2025-02-19 16:00:00+00:00,786.0
2025-02-19 17:00:00+00:00,0.0
2025-02-19 18:00:00+00:00,0.0
2025-02-19 19:00:00+00:00,0.0
2025-02-19 20:00:00+00:00,0.0
2025-02-19 21:00:00+00:00,0.0
2025-02-19 22:00:00+00:00,0.0
2025-02-19 23:00:00+00:00,0.0
2025-02-20 00:00:00+00:00,0.0
2025-02-20 01:00:00+00:00,0.0
2025-02-20 02:00:00+00:00,0.0
2025-02-20 03:00:00+00:00,0.0
2025-02-20 04:00:00+00:00,0.0
2025-02-20 05:00:00+00:00,0.0
2025-02-20 06:00:00+00:00,10.0
2025-02-20 07:00:00+00:00,459.0
2025-02-20 08:00:00+00:00,1888.0
2025-02-20 09:00:00+00:00,3796.0
2025-02-20 10:00:00+00:00,5849.0
2025-02-20 11:00:00+00:00,7147.0
2025-02-20 12:00:00+00:00,6236.0
2025-02-20 13:00:00+00:00,4590.0
2025-02-20 14:00:00+00:00,2962.0
2025-02-20 15:00:00+00:00,1433.0
2025-02-20 16:00:00+00:00,437.0
2025-02-20 17:00:00+00:00,12.0
2025-02-20 18:00:00+00:00,0.0
2025-02-20 19:00:00+00:00,0.0
2025-02-20 20:00:00+00:00,0.0
2025-02-20 21:00:00+00:00,0.0
2025-02-20 22:00:00+00:00,0.0
2025-02-20 23:00:00+00:00,0.0
2025-02-21 00:00:00+00:00,0.0
2025-02-21 01:00:00+00:00,0.0
2025-02-21 02:00:00+00:00,0.0
2025-02-21 03:00:00+00:00,0.0
2025-02-21 04:00:00+00:00,0.0
2025-02-21 05:00:00+00:00,0.0
2025-02-21 06:00:00+00:00,3.0
2025-02-21 07:00:00+00:00,607.0
2025-02-21 08:00:00+00:00,3088.0
2025-02-21 09:00:00+00:00,6685.0
2025-02-21 10:00:00+00:00,9513.0
2025-02-21 11:00:00+00:00,11541.0
2025-02-21 12:00:00+00:00,11462.0
2025-02-21 13:00:00+00:00,9318.0
2025-02-21 14:00:00+00:00,6385.0
2025-02-21 15:00:00+00:00,3149.0
2025-02-21 16:00:00+00:00,776.0
2025-02-21 17:00:00+00:00,9.0
2025-02-21 18:00:00+00:00,0.0
2025-02-21 19:00:00+00:00,0.0
2025-02-21 20:00:00+00:00,0.0
2025-02-21 21:00:00+00:00,0.0
2025-02-21 22:00:00+00:00,0.0
2025-02-21 23:00:00+00:00,0.0
2025-02-22 00:00:00+00:00,0.0
2025-02-22 01:00:00+00:00,0.0
2025-02-22 02:00:00+00:00,0.0
2025-02-22 03:00:00+00:00,0.0
2025-02-22 04:00:00+00:00,0.0
2025-02-22 05:00:00+00:00,0.0
2025-02-22 06:00:00+00:00,1.0
2025-02-22 07:00:00+00:00,164.0
2025-02-22 08:00:00+00:00,814.0
2025-02-22 09:00:00+00:00,1649.0
2025-02-22 10:00:00+00:00,2374.0
2025-02-22 11:00:00+00:00,3510.0
2025-02-22 12:00:00+00:00,3648.0
2025-02-22 13:00:00+00:00,2918.0
2025-02-22 14:00:00+00:00,1956.0
2025-02-22 15:00:00+00:00,1276.0
2025-02-22 16:00:00+00:00,481.0
2025-02-22 17:00:00+00:00,18.0
2025-02-22 18:00:00+00:00,0.0
2025-02-22 19:00:00+00:00,0.0
2025-02-22 20:00:00+00:00,0.0
2025-02-22 21:00:00+00:00,0.0
2025-02-22 22:00:00+00:00,0.0
2025-02-22 23:00:00+00:00,0.0
2025-02-23 00:00:00+00:00,0.0
2025-02-23 01:00:00+00:00,0.0
2025-02-23 02:00:00+00:00,0.0
2025-02-23 03:00:00+00:00,0.0
2025-02-23 04:00:00+00:00,0.0
2025-02-23 05:00:00+00:00,0.0
2025-02-23 06:00:00+00:00,7.0
2025-02-23 07:00:00+00:00,383.0
2025-02-23 08:00:00+00:00,1858.0
2025-02-23 09:00:00+00:00,4342.0
2025-02-23 10:00:00+00:00,7879.0
2025-02-23 11:00:00+00:00,11803.0
2025-02-23 12:00:00+00:00,13183.0
2025-02-23 13:00:00+00:00,12150.0
2025-02-23 14:00:00+00:00,8911.0
2025-02-23 15:00:00+00:00,5096.0
2025-02-23 16:00:00+00:00,1441.0
2025-02-23 17:00:00+00:00,5.0
2025-02-23 18:00:00+00:00,0.0
2025-02-23 19:00:00+00:00,0.0
2025-02-23 20:00:00+00:00,0.0
2025-02-23 21:00:00+00:00,0.0
2025-02-23 22:00:00+00:00,0.0
2025-02-23 23:00:00+00:00,0.0
2025-02-24 00:00:00+00:00,0.0
2025-02-24 01:00:00+00:00,0.0
2025-02-24 02:00:00+00:00,0.0
2025-02-24 03:00:00+00:00,0.0
2025-02-24 04:00:00+00:00,0.0
2025-02-24 05:00:00+00:00,0.0
2025-02-24 06:00:00+00:00,3.0
2025-02-24 07:00:00+00:00,228.0
2025-02-24 08:00:00+00:00,1003.0
2025-02-24 09:00:00+00:00,2223.0
2025-02-24 10:00:00+00:00,3258.0
2025-02-24 11:00:00+00:00,3050.0
2025-02-24 12:00:00+00:00,2706.0
2025-02-24 13:00:00+00:00,1920.0
2025-02-24 14:00:00+00:00,1863.0
2025-02-24 15:00:00+00:00,1498.0
2025-02-24 16:00:00+00:00,700.0
2025-02-24 17:00:00+00:00,31.0
2025-02-24 18:00:00+00:00,0.0
2025-02-24 19:00:00+00:00,0.0
2025-02-24 20:00:00+00:00,0.0
2025-02-24 21:00:00+00:00,0.0
2025-02-24 22:00:00+00:00,0.0
2025-02-24 23:00:00+00:00,0.0
2025-02-25 00:00:00+00:00,0.0
2025-02-25 01:00:00+00:00,0.0
2025-02-25 02:00:00+00:00,0.0
2025-02-25 03:00:00+00:00,0.0
2025-02-25 04:00:00+00:00,0.0
2025-02-25 05:00:00+00:00,0.0
2025-02-25 06:00:00+00:00,21.0
2025-02-25 07:00:00+00:00,866.0
2025-02-25 08:00:00+00:00,2895.0
2025-02-25 09:00:00+00:00,5413.0
2025-02-25 10:00:00+00:00,6820.0
2025-02-25 11:00:00+00:00,6975.0
2025-02-25 12:00:00+00:00,7303.0
2025-02-25 13:00:00+00:00,6702.0
2025-02-25 14:00:00+00:00,5177.0
2025-02-25 15:00:00+00:00,2810.0
2025-02-25 16:00:00+00:00,786.0
2025-02-25 17:00:00+00:00,24.0
2025-02-25 18:00:00+00:00,0.0
2025-02-25 19:00:00+00:00,0.0
2025-02-25 20:00:00+00:00,0.0
2025-02-25 21:00:00+00:00,0.0
2025-02-25 22:00:00+00:00,0.0
2025-02-25 23:00:00+00:00,0.0
2025-02-26 00:00:00+00:00,0.0
2025-02-26 01:00:00+00:00,0.0
2025-02-26 02:00:00+00:00,0.0
2025-02-26 03:00:00+00:00,0.0
2025-02-26 04:00:00+00:00,0.0
2025-02-26 05:00:00+00:00,0.0
2025-02-26 06:00:00+00:00,13.0
2025-02-26 07:00:00+00:00,945.0
2025-02-26 08:00:00+00:00,4437.0
2025-02-26 09:00:00+00:00,8324.0
2025-02-26 10:00:00+00:00,12044.0
2025-02-26 11:00:00+00:00,13797.0
2025-02-26 12:00:00+00:00,12615.0
2025-02-26 13:00:00+00:00,10560.0
2025-02-26 14:00:00+00:00,8320.0
2025-02-26 15:00:00+00:00,3963.0
2025-02-26 16:00:00+00:00,853.0
2025-02-26 17:00:00+00:00,11.0
2025-02-26 18:00:00+00:00,0.0
2025-02-26 19:00:00+00:00,0.0
2025-02-26 20:00:00+00:00,0.0
2025-02-26 21:00:00+00:00,0.0
2025-02-26 22:00:00+00:00,0.0
2025-02-26 23:00:00+00:00,0.0
2025-02-27 00:00:00+00:00,0.0
2025-02-27 01:00:00+00:00,0.0
2025-02-27 02:00:00+00:00,0.0
2025-02-27 03:00:00+00:00,0.0
2025-02-27 04:00:00+00:00,0.0
2025-02-27 05:00:00+00:00,0.0
2025-02-27 06:00:00+00:00,20.0
2025-02-27 07:00:00+00:00,822.0
2025-02-27 08:00:00+00:00,2957.0
2025-02-27 09:00:00+00:00,5013.0
2025-02-27 10:00:00+00:00,6913.0
2025-02-27 11:00:00+00:00,7765.0
2025-02-27 12:00:00+00:00,7271.0
2025-02-27 13:00:00+00:00,7664.0
2025-02-27 14:00:00+00:00,5757.0
2025-02-27 15:00:00+00:00,2704.0
2025-02-27 16:00:00+00:00,958.0
2025-02-27 17:00:00+00:00,100.0
2025-02-27 18:00:00+00:00,0.0
2025-02-27 19:00:00+00:00,0.0
2025-02-27 20:00:00+00:00,0.0
2025-02-27 21:00:00+00:00,0.0
2025-02-27 22:00:00+00:00,0.0
2025-02-27 23:00:00+00:00,0.0
2025-02-28 00:00:00+00:00,0.0
2025-02-28 01:00:00+00:00,0.0
2025-02-28 02:00:00+00:00,0.0
2025-02-28 03:00:00+00:00,0.0
2025-02-28 04:00:00+00:00,0.0
2025-02-28 05:00:00+00:00,0.0
2025-02-28 06:00:00+00:00,27.0
2025-02-28 07:00:00+00:00,855.0
2025-02-28 08:00:00+00:00,3142.0
2025-02-28 09:00:00+00:00,5465.0
2025-02-28 10:00:00+00:00,7295.0
2025-02-28 11:00:00+00:00,9324.0
2025-02-28 12:00:00+00:00,9904.0
2025-02-28 13:00:00+00:00,8674.0
2025-02-28 14:00:00+00:00,7404.0
2025-02-28 15:00:00+00:00,4791.0
2025-02-28 16:00:00+00:00,2013.0
2025-02-28 17:00:00+00:00,143.0
2025-02-28 18:00:00+00:00,0.0
2025-02-28 19:00:00+00:00,0.0
2025-02-28 20:00:00+00:00,0.0
2025-02-28 21:00:00+00:00,0.0
2025-02-28 22:00:00+00:00,0.0
2025-02-28 23:00:00+00:00,0.0
2025-03-01 00:00:00+00:00,0.0
2025-03-01 01:00:00+00:00,0.0
2025-03-01 02:00:00+00:00,0.0
2025-03-01 03:00:00+00:00,0.0
2025-03-01 04:00:00+00:00,0.0
2025-03-01 05:00:00+00:00,0.0
2025-03-01 06:00:00+00:00,38.0
2025-03-01 07:00:00+00:00,974.0
2025-03-01 08:00:00+00:00,2805.0
2025-03-01 09:00:00+00:00,4736.0
2025-03-01 10:00:00+00:00,6301.0
2025-03-01 11:00:00+00:00,7916.0
2025-03-01 12:00:00+00:00,8368.0
2025-03-01 13:00:00+00:00,7740.0
2025-03-01 14:00:00+00:00,6286.0
2025-03-01 15:00:00+00:00,4774.0
2025-03-01 16:00:00+00:00,2608.0
2025-03-01 17:00:00+00:00,224.0
2025-03-01 18:00:00+00:00,0.0
2025-03-01 19:00:00+00:00,0.0
2025-03-01 20:00:00+00:00,0.0
2025-03-01 21:00:00+00:00,0.0
2025-03-01 22:00:00+00:00,0.0
2025-03-01 23:00:00+00:00,0.0
2025-03-02 00:00:00+00:00,0.0
2025-03-02 01:00:00+00:00,0.0
2025-03-02 02:00:00+00:00,0.0
2025-03-02 03:00:00+00:00,0.0
2025-03-02 04:00:00+00:00,0.0
2025-03-02 05:00:00+00:00,0.0
2025-03-02 06:00:00+00:00,58.0
2025-03-02 07:00:00+00:00,1794.0
2025-03-02 08:00:00+00:00,5461.0
2025-03-02 09:00:00+00:00,8770.0
2025-03-02 10:00:00+00:00,12007.0
2025-03-02 11:00:00+00:00,14442.0
2025-03-02 12:00:00+00:00,15663.0
2025-03-02 13:00:00+00:00,13906.0
2025-03-02 14:00:00+00:00,11069.0
2025-03-02 15:00:00+00:00,7249.0
2025-03-02 16:00:00+00:00,3241.0
2025-03-02 17:00:00+00:00,219.0
2025-03-02 18:00:00+00:00,0.0
2025-03-02 19:00:00+00:00,0.0
2025-03-02 20:00:00+00:00,0.0
2025-03-02 21:00:00+00:00,0.0
2025-03-02 22:00:00+00:00,0.0
2025-03-02 23:00:00+00:00,0.0
2025-03-03 00:00:00+00:00,0.0
2025-03-03 01:00:00+00:00,0.0
2025-03-03 02:00:00+00:00,0.0
2025-03-03 03:00:00+00:00,0.0
2025-03-03 04:00:00+00:00,0.0
2025-03-03 05:00:00+00:00,0.0
2025-03-03 06:00:00+00:00,140.0
2025-03-03 07:00:00+00:00,3323.0
2025-03-03 08:00:00+00:00,8251.0
2025-03-03 09:00:00+00:00,10751.0
2025-03-03 10:00:00+00:00,13661.0
2025-03-03 11:00:00+00:00,15391.0
2025-03-03 12:00:00+00:00,15452.0
2025-03-03 13:00:00+00:00,14164.0
2025-03-03 14:00:00+00:00,11491.0
2025-03-03 15:00:00+00:00,7339.0
2025-03-03 16:00:00+00:00,3021.0
2025-03-03 17:00:00+00:00,246.0
2025-03-03 18:00:00+00:00,0.0
2025-03-03 19:00:00+00:00,0.0
2025-03-03 20:00:00+00:00,0.0
2025-03-03 21:00:00+00:00,0.0
2025-03-03 22:00:00+00:00,0.0
2025-03-03 23:00:00+00:00,0.0
2025-03-04 00:00:00+00:00,0.0
2025-03-04 01:00:00+00:00,0.0
2025-03-04 02:00:00+00:00,0.0
2025-03-04 03:00:00+00:00,0.0
2025-03-04 04:00:00+00:00,0.0
2025-03-04 05:00:00+00:00,0.0
2025-03-04 06:00:00+00:00,71.0
2025-03-04 07:00:00+00:00,2017.0
2025-03-04 08:00:00+00:00,6896.0
2025-03-04 09:00:00+00:00,10295.0
2025-03-04 10:00:00+00:00,13489.0
2025-03-04 11:00:00+00:00,15340.0
2025-03-04 12:00:00+00:00,15506.0
2025-03-04 13:00:00+00:00,14116.0
2025-03-04 14:00:00+00:00,11507.0
2025-03-04 15:00:00+00:00,7473.0
2025-03-04 16:00:00+00:00,3141.0
2025-03-04 17:00:00+00:00,230.0
2025-03-04 18:00:00+00:00,0.0
2025-03-04 19:00:00+00:00,0.0
2025-03-04 20:00:00+00:00,0.0
2025-03-04 21:00:00+00:00,0.0
2025-03-04 22:00:00+00:00,0.0
2025-03-04 23:00:00+00:00,0.0
2025-03-05 00:00:00+00:00,0.0
2025-03-05 01:00:00+00:00,0.0
2025-03-05 02:00:00+00:00,0.0
2025-03-05 03:00:00+00:00,0.0
2025-03-05 04:00:00+00:00,0.0
2025-03-05 05:00:00+00:00,0.0
2025-03-05 06:00:00+00:00,195.0
2025-03-05 07:00:00+00:00,3178.0
2025-03-05 08:00:00+00:00,7502.0
2025-03-05 09:00:00+00:00,9987.0
2025-03-05 10:00:00+00:00,9761.0
2025-03-05 11:00:00+00:00,9555.0
2025-03-05 12:00:00+00:00,9368.0
2025-03-05 13:00:00+00:00,9204.0
2025-03-05 14:00:00+00:00,9083.0
2025-03-05 15:00:00+00:00,8708.0
2025-03-05 16:00:00+00:00,8065.0
2025-03-05 17:00:00+00:00,3569.0
2025-03-05 18:00:00+00:00,0.0
2025-03-05 19:00:00+00:00,0.0
2025-03-05 20:00:00+00:00,0.0
2025-03-05 21:00:00+00:00,0.0
2025-03-05 22:00:00+00:00,0.0
2025-03-05 23:00:00+00:00,0.0
2025-03-06 00:00:00+00:00,0.0
2025-03-06 01:00:00+00:00,0.0
2025-03-06 02:00:00+00:00,0.0
2025-03-06 03:00:00+00:00,0.0
2025-03-06 04:00:00+00:00,0.0
2025-03-06 05:00:00+00:00,0.0
2025-03-06 06:00:00+00:00,168.0
2025-03-06 07:00:00+00:00,2810.0
2025-03-06 08:00:00+00:00,7416.0
2025-03-06 09:00:00+00:00,11129.0
2025-03-06 10:00:00+00:00,13473.0
2025-03-06 11:00:00+00:00,14320.0
2025-03-06 12:00:00+00:00,14684.0
2025-03-06 13:00:00+00:00,13358.0
2025-03-06 14:00:00+00:00,11081.0
2025-03-06 15:00:00+00:00,7403.0
2025-03-06 16:00:00+00:00,3413.0
2025-03-06 17:00:00+00:00,292.0
2025-03-06 18:00:00+00:00,0.0
2025-03-06 19:00:00+00:00,0.0
2025-03-06 20:00:00+00:00,0.0
2025-03-06 21:00:00+00:00,0.0
2025-03-06 22:00:00+00:00,0.0
2025-03-06 23:00:00+00:00,0.0
2025-03-07 00:00:00+00:00,0.0
2025-03-07 01:00:00+00:00,0.0
2025-03-07 02:00:00+00:00,0.0
2025-03-07 03:00:00+00:00,0.0
2025-03-07 04:00:00+00:00,0.0
2025-03-07 05:00:00+00:00,0.0
2025-03-07 06:00:00+00:00,185.0
2025-03-07 07:00:00+00:00,2708.0
2025-03-07 08:00:00+00:00,7284.0
2025-03-07 09:00:00+00:00,11088.0
2025-03-07 10:00:00+00:00,13848.0
2025-03-07 11:00:00+00:00,15388.0
2025-03-07 12:00:00+00:00,15317.0
2025-03-07 13:00:00+00:00,14076.0
2025-03-07 14:00:00+00:00,11410.0
2025-03-07 15:00:00+00:00,7222.0
2025-03-07 16:00:00+00:00,3063.0
2025-03-07 17:00:00+00:00,292.0
2025-03-07 18:00:00+00:00,0.0
2025-03-07 19:00:00+00:00,0.0
2025-03-07 20:00:00+00:00,0.0
2025-03-07 21:00:00+00:00,0.0
2025-03-07 22:00:00+00:00,0.0
2025-03-07 23:00:00+00:00,0.0
2025-03-08 00:00:00+00:00,0.0
2025-03-08 01:00:00+00:00,0.0
2025-03-08 02:00:00+00:00,0.0
2025-03-08 03:00:00+00:00,0.0
2025-03-08 04:00:00+00:00,0.0
2025-03-08 05:00:00+00:00,0.0
2025-03-08 06:00:00+00:00,230.0
2025-03-08 07:00:00+00:00,3008.0
2025-03-08 08:00:00+00:00,7594.0
2025-03-08 09:00:00+00:00,11452.0
2025-03-08 10:00:00+00:00,14276.0
2025-03-08 11:00:00+00:00,15766.0
2025-03-08 12:00:00+00:00,15751.0
2025-03-08 13:00:00+00:00,14477.0
2025-03-08 14:00:00+00:00,11798.0
2025-03-08 15:00:00+00:00,7766.0
2025-03-08 16:00:00+00:00,3359.0
2025-03-08 17:00:00+00:00,308.0
2025-03-08 18:00:00+00:00,0.0
2025-03-08 19:00:00+00:00,0.0
2025-03-08 20:00:00+00:00,0.0
2025-03-08 21:00:00+00:00,0.0
2025-03-08 22:00:00+00:00,0.0
2025-03-08 23:00:00+00:00,0.0
2025-03-09 00:00:00+00:00,0.0
2025-03-09 01:00:00+00:00,0.0
2025-03-09 02:00:00+00:00,0.0
2025-03-09 03:00:00+00:00,0.0
2025-03-09 04:00:00+00:00,0.0
2025-03-09 05:00:00+00:00,0.0
2025-03-09 06:00:00+00:00,242.0
2025-03-09 07:00:00+00:00,2994.0
2025-03-09 08:00:00+00:00,7558.0
2025-03-09 09:00:00+00:00,11370.0
2025-03-09 10:00:00+00:00,14061.0
2025-03-09 11:00:00+00:00,15354.0
2025-03-09 12:00:00+00:00,15197.0
2025-03-09 13:00:00+00:00,13563.0
2025-03-09 14:00:00+00:00,10654.0
2025-03-09 15:00:00+00:00,6992.0
2025-03-09 16:00:00+00:00,3247.0
2025-03-09 17:00:00+00:00,446.0
2025-03-09 18:00:00+00:00,0.0
2025-03-09 19:00:00+00:00,0.0
2025-03-09 20:00:00+00:00,0.0
2025-03-09 21:00:00+00:00,0.0
2025-03-09 22:00:00+00:00,0.0
2025-03-09 23:00:00+00:00,0.0
2025-03-10 00:00:00+00:00,0.0
2025-03-10 01:00:00+00:00,0.0
2025-03-10 02:00:00+00:00,0.0
2025-03-10 03:00:00+00:00,0.0
2025-03-10 04:00:00+00:00,0.0
2025-03-10 05:00:00+00:00,0.0
2025-03-10 06:00:00+00:00,301.0
2025-03-10 07:00:00+00:00,3241.0
2025-03-10 08:00:00+00:00,7726.0
2025-03-10 09:00:00+00:00,11393.0
2025-03-10 10:00:00+00:00,14079.0
2025-03-10 11:00:00+00:00,15755.0
2025-03-10 12:00:00+00:00,15679.0
2025-03-10 13:00:00+00:00,14279.0
2025-03-10 14:00:00+00:00,11573.0
2025-03-10 15:00:00+00:00,7516.0
2025-03-10 16:00:00+00:00,3226.0
2025-03-10 17:00:00+00:00,337.0
2025-03-10 18:00:00+00:00,0.0
2025-03-10 19:00:00+00:00,0.0
2025-03-10 20:00:00+00:00,0.0
2025-03-10 21:00:00+00:00,0.0
2025-03-10 22:00:00+00:00,0.0
2025-03-10 23:00:00+00:00,0.0
2025-03-11 00:00:00+00:00,0.0
2025-03-11 01:00:00+00:00,0.0
2025-03-11 02:00:00+00:00,0.0
2025-03-11 03:00:00+00:00,0.0
2025-03-11 04:00:00+00:00,0.0
2025-03-11 05:00:00+00:00,0.0
2025-03-11 06:00:00+00:00,95.0
2025-03-11 07:00:00+00:00,851.0
2025-03-11 08:00:00+00:00,2204.0
2025-03-11 09:00:00+00:00,3512.0
2025-03-11 10:00:00+00:00,4882.0
2025-03-11 11:00:00+00:00,6257.0
2025-03-11 12:00:00+00:00,8364.0
2025-03-11 13:00:00+00:00,7388.0
2025-03-11 14:00:00+00:00,6796.0
2025-03-11 15:00:00+00:00,5823.0
2025-03-11 16:00:00+00:00,2549.0
2025-03-11 17:00:00+00:00,347.0
2025-03-11 18:00:00+00:00,0.0
2025-03-11 19:00:00+00:00,0.0
2025-03-11 20:00:00+00:00,0.0
2025-03-11 21:00:00+00:00,0.0
2025-03-11 22:00:00+00:00,0.0
2025-03-11 23:00:00+00:00,0.0
2025-03-12 00:00:00+00:00,0.0
2025-03-12 01:00:00+00:00,0.0
2025-03-12 02:00:00+00:00,0.0
2025-03-12 03:00:00+00:00,0.0
2025-03-12 04:00:00+00:00,0.0
2025-03-12 05:00:00+00:00,0.0
2025-03-12 06:00:00+00:00,278.0
2025-03-12 07:00:00+00:00,2571.0
2025-03-12 08:00:00+00:00,6202.0
2025-03-12 09:00:00+00:00,8920.0
2025-03-12 10:00:00+00:00,10482.0
2025-03-12 11:00:00+00:00,11501.0
2025-03-12 12:00:00+00:00,10367.0
2025-03-12 13:00:00+00:00,9158.0
2025-03-12 14:00:00+00:00,7594.0
2025-03-12 15:00:00+00:00,5994.0
2025-03-12 16:00:00+00:00,3084.0
2025-03-12 17:00:00+00:00,533.0
2025-03-12 18:00:00+00:00,0.0
2025-03-12 19:00:00+00:00,0.0
2025-03-12 20:00:00+00:00,0.0
2025-03-12 21:00:00+00:00,0.0
2025-03-12 22:00:00+00:00,0.0
2025-03-12 23:00:00+00:00,0.0
2025-03-13 00:00:00+00:00,0.0
2025-03-13 01:00:00+00:00,0.0
2025-03-13 02:00:00+00:00,0.0
2025-03-13 03:00:00+00:00,0.0
2025-03-13 04:00:00+00:00,0.0
2025-03-13 05:00:00+00:00,0.0
2025-03-13 06:00:00+00:00,397.0
2025-03-13 07:00:00+00:00,3161.0
2025-03-13 08:00:00+00:00,6330.0
2025-03-13 09:00:00+00:00,8996.0
2025-03-13 10:00:00+00:00,9215.0
2025-03-13 11:00:00+00:00,8976.0
2025-03-13 12:00:00+00:00,8209.0
2025-03-13 13:00:00+00:00,7755.0
2025-03-13 14:00:00+00:00,5971.0
2025-03-13 15:00:00+00:00,4579.0
2025-03-13 16:00:00+00:00,2048.0
2025-03-13 17:00:00+00:00,387.0
2025-03-13 18:00:00+00:00,0.0
2025-03-13 19:00:00+00:00,0.0
2025-03-13 20:00:00+00:00,0.0
2025-03-13 21:00:00+00:00,0.0
2025-03-13 22:00:00+00:00,0.0
2025-03-13 23:00:00+00:00,0.0
2025-03-14 00:00:00+00:00,0.0
2025-03-14 01:00:00+00:00,0.0
2025-03-14 02:00:00+00:00,0.0
2025-03-14 03:00:00+00:00,0.0
2025-03-14 04:00:00+00:00,0.0
2025-03-14 05:00:00+00:00,0.0
2025-03-14 06:00:00+00:00,542.0
2025-03-14 07:00:00+00:00,4252.0
2025-03-14 08:00:00+00:00,7899.0
2025-03-14 09:00:00+00:00,9684.0
2025-03-14 10:00:00+00:00,11035.0
2025-03-14 11:00:00+00:00,10391.0
2025-03-14 12:00:00+00:00,9834.0
2025-03-14 13:00:00+00:00,8321.0
2025-03-14 14:00:00+00:00,7115.0
2025-03-14 15:00:00+00:00,5408.0
2025-03-14 16:00:00+00:00,3172.0
2025-03-14 17:00:00+00:00,663.0
2025-03-14 18:00:00+00:00,0.0
2025-03-14 19:00:00+00:00,0.0
2025-03-14 20:00:00+00:00,0.0
2025-03-14 21:00:00+00:00,0.0
2025-03-14 22:00:00+00:00,0.0
2025-03-14 23:00:00+00:00,0.0
2025-03-15 00:00:00+00:00,0.0
2025-03-15 01:00:00+00:00,0.0
2025-03-15 02:00:00+00:00,0.0
2025-03-15 03:00:00+00:00,0.0
2025-03-15 04:00:00+00:00,0.0
2025-03-15 05:00:00+00:00,0.0
2025-03-15 06:00:00+00:00,472.0
2025-03-15 07:00:00+00:00,3480.0
2025-03-15 08:00:00+00:00,7690.0
2025-03-15 09:00:00+00:00,10858.0
2025-03-15 10:00:00+00:00,13593.0
2025-03-15 11:00:00+00:00,13862.0
2025-03-15 12:00:00+00:00,13493.0
2025-03-15 13:00:00+00:00,11735.0
2025-03-15 14:00:00+00:00,10585.0
2025-03-15 15:00:00+00:00,7208.0
2025-03-15 16:00:00+00:00,3215.0
2025-03-15 17:00:00+00:00,708.0
2025-03-15 18:00:00+00:00,0.0
2025-03-15 19:00:00+00:00,0.0
2025-03-15 20:00:00+00:00,0.0
2025-03-15 21:00:00+00:00,0.0
2025-03-15 22:00:00+00:00,0.0
2025-03-15 23:00:00+00:00,0.0
2025-03-16 00:00:00+00:00,0.0
2025-03-16 01:00:00+00:00,0.0
2025-03-16 02:00:00+00:00,0.0
2025-03-16 03:00:00+00:00,0.0
2025-03-16 04:00:00+00:00,0.0
2025-03-16 05:00:00+00:00,0.0
2025-03-16 06:00:00+00:00,936.0
2025-03-16 07:00:00+00:00,5343.0
2025-03-16 08:00:00+00:00,9065.0
2025-03-16 09:00:00+00:00,12143.0
2025-03-16 10:00:00+00:00,14988.0
2025-03-16 11:00:00+00:00,15207.0
2025-03-16 12:00:00+00:00,14960.0
2025-03-16 13:00:00+00:00,13585.0
2025-03-16 14:00:00+00:00,11312.0
2025-03-16 15:00:00+00:00,7617.0
2025-03-16 16:00:00+00:00,3846.0
2025-03-16 17:00:00+00:00,665.0
2025-03-16 18:00:00+00:00,0.0
2025-03-16 19:00:00+00:00,0.0
2025-03-16 20:00:00+00:00,0.0
2025-03-16 21:00:00+00:00,0.0
2025-03-16 22:00:00+00:00,0.0
2025-03-16 23:00:00+00:00,0.0
2025-03-17 00:00:00+00:00,0.0
2025-03-17 01:00:00+00:00,0.0
2025-03-17 02:00:00+00:00,0.0
2025-03-17 03:00:00+00:00,0.0
2025-03-17 04:00:00+00:00,0.0
2025-03-17 05:00:00+00:00,0.0
2025-03-17 06:00:00+00:00,683.0
2025-03-17 07:00:00+00:00,3608.0
2025-03-17 08:00:00+00:00,7962.0
2025-03-17 09:00:00+00:00,12720.0
2025-03-17 10:00:00+00:00,15261.0
2025-03-17 11:00:00+00:00,15379.0
2025-03-17 12:00:00+00:00,15529.0
2025-03-17 13:00:00+00:00,15909.0
2025-03-17 14:00:00+00:00,13240.0
2025-03-17 15:00:00+00:00,9714.0
2025-03-17 16:00:00+00:00,4912.0
2025-03-17 17:00:00+00:00,932.0
2025-03-17 18:00:00+00:00,0.0
2025-03-17 19:00:00+00:00,0.0
2025-03-17 20:00:00+00:00,0.0
2025-03-17 21:00:00+00:00,0.0
2025-03-17 22:00:00+00:00,0.0
2025-03-17 23:00:00+00:00,0.0
2025-03-18 00:00:00+00:00,0.0
2025-03-18 01:00:00+00:00,0.0
2025-03-18 02:00:00+00:00,0.0
2025-03-18 03:00:00+00:00,0.0
2025-03-18 04:00:00+00:00,0.0
2025-03-18 05:00:00+00:00,2.0
2025-03-18 06:00:00+00:00,969.0
2025-03-18 07:00:00+00:00,5174.0
2025-03-18 08:00:00+00:00,10096.0
2025-03-18 09:00:00+00:00,13992.0
2025-03-18 10:00:00+00:00,16791.0
2025-03-18 11:00:00+00:00,18203.0
2025-03-18 12:00:00+00:00,18126.0
2025-03-18 13:00:00+00:00,16678.0
2025-03-18 14:00:00+00:00,13906.0
2025-03-18 15:00:00+00:00,9883.0
2025-03-18 16:00:00+00:00,5094.0
2025-03-18 17:00:00+00:00,1007.0
2025-03-18 18:00:00+00:00,0.0
2025-03-18 19:00:00+00:00,0.0
2025-03-18 20:00:00+00:00,0.0
2025-03-18 21:00:00+00:00,0.0
2025-03-18 22:00:00+00:00,0.0
2025-03-18 23:00:00+00:00,0.0
2025-03-19 00:00:00+00:00,0.0
2025-03-19 01:00:00+00:00,0.0
2025-03-19 02:00:00+00:00,0.0
2025-03-19 03:00:00+00:00,0.0
2025-03-19 04:00:00+00:00,0.0
2025-03-19 05:00:00+00:00,4.0
2025-03-19 06:00:00+00:00,1054.0
2025-03-19 07:00:00+00:00,5196.0
2025-03-19 08:00:00+00:00,9981.0
2025-03-19 09:00:00+00:00,13786.0
2025-03-19 10:00:00+00:00,16470.0
2025-03-19 11:00:00+00:00,17810.0
2025-03-19 12:00:00+00:00,17710.0
2025-03-19 13:00:00+00:00,16191.0
2025-03-19 14:00:00+00:00,13377.0
2025-03-19 15:00:00+00:00,9439.0
2025-03-19 16:00:00+00:00,4788.0
2025-03-19 17:00:00+00:00,903.0
2025-03-19 18:00:00+00:00,0.0
2025-03-19 19:00:00+00:00,0.0
2025-03-19 20:00:00+00:00,0.0
2025-03-19 21:00:00+00:00,0.0
2025-03-19 22:00:00+00:00,0.0
2025-03-19 23:00:00+00:00,0.0
2025-03-20 00:00:00+00:00,0.0
2025-03-20 01:00:00+00:00,0.0
2025-03-20 02:00:00+00:00,0.0
2025-03-20 03:00:00+00:00,0.0
2025-03-20 04:00:00+00:00,0.0
2025-03-20 05:00:00+00:00,6.0
2025-03-20 06:00:00+00:00,1032.0
2025-03-20 07:00:00+00:00,4783.0
2025-03-20 08:00:00+00:00,9235.0
2025-03-20 09:00:00+00:00,12775.0
2025-03-20 10:00:00+00:00,15629.0
2025-03-20 11:00:00+00:00,16860.0
2025-03-20 12:00:00+00:00,16926.0
2025-03-20 13:00:00+00:00,15423.0
2025-03-20 14:00:00+00:00,12521.0
2025-03-20 15:00:00+00:00,8934.0
2025-03-20 16:00:00+00:00,4303.0
2025-03-20 17:00:00+00:00,884.0
2025-03-20 18:00:00+00:00,0.0
2025-03-20 19:00:00+00:00,0.0
2025-03-20 20:00:00+00:00,0.0
2025-03-20 21:00:00+00:00,0.0
2025-03-20 22:00:00+00:00,0.0
2025-03-20 23:00:00+00:00,0.0
2025-03-21 00:00:00+00:00,0.0
2025-03-21 01:00:00+00:00,0.0
2025-03-21 02:00:00+00:00,0.0
2025-03-21 03:00:00+00:00,0.0
2025-03-21 04:00:00+00:00,0.0
2025-03-21 05:00:00+00:00,12.0
2025-03-21 06:00:00+00:00,1120.0
2025-03-21 07:00:00+00:00,5118.0
2025-03-21 08:00:00+00:00,9444.0
2025-03-21 09:00:00+00:00,13103.0
2025-03-21 10:00:00+00:00,15941.0
2025-03-21 11:00:00+00:00,17025.0
2025-03-21 12:00:00+00:00,16773.0
2025-03-21 13:00:00+00:00,15047.0
2025-03-21 14:00:00+00:00,11953.0
2025-03-21 15:00:00+00:00,7627.0
2025-03-21 16:00:00+00:00,3418.0
2025-03-21 17:00:00+00:00,556.0
2025-03-21 18:00:00+00:00,0.0
2025-03-21 19:00:00+00:00,0.0
2025-03-21 20:00:00+00:00,0.0
2025-03-21 21:00:00+00:00,0.0
2025-03-21 22:00:00+00:00,0.0
2025-03-21 23:00:00+00:00,0.0
2025-03-22 00:00:00+00:00,0.0
2025-03-22 01:00:00+00:00,0.0
2025-03-22 02:00:00+00:00,0.0
2025-03-22 03:00:00+00:00,0.0
2025-03-22 04:00:00+00:00,0.0
2025-03-22 05:00:00+00:00,27.0
2025-03-22 06:00:00+00:00,1153.0
2025-03-22 07:00:00+00:00,4118.0
2025-03-22 08:00:00+00:00,7394.0
2025-03-22 09:00:00+00:00,10248.0
2025-03-22 10:00:00+00:00,12794.0
2025-03-22 11:00:00+00:00,15312.0
2025-03-22 12:00:00+00:00,14039.0
2025-03-22 13:00:00+00:00,10382.0
2025-03-22 14:00:00+00:00,7812.0
2025-03-22 15:00:00+00:00,5291.0
2025-03-22 16:00:00+00:00,2371.0
2025-03-22 17:00:00+00:00,551.0
2025-03-22 18:00:00+00:00,0.0
2025-03-22 19:00:00+00:00,0.0
2025-03-22 20:00:00+00:00,0.0
2025-03-22 21:00:00+00:00,0.0
2025-03-22 22:00:00+00:00,0.0
2025-03-22 23:00:00+00:00,0.0
2025-03-23 00:00:00+00:00,0.0
2025-03-23 01:00:00+00:00,0.0
2025-03-23 02:00:00+00:00,0.0
2025-03-23 03:00:00+00:00,0.0
2025-03-23 04:00:00+00:00,0.0
2025-03-23 05:00:00+00:00,4.0
2025-03-23 06:00:00+00:00,422.0
2025-03-23 07:00:00+00:00,2074.0
2025-03-23 08:00:00+00:00,4662.0
2025-03-23 09:00:00+00:00,7579.0
2025-03-23 10:00:00+00:00,8954.0
2025-03-23 11:00:00+00:00,11152.0
2025-03-23 12:00:00+00:00,12578.0
2025-03-23 13:00:00+00:00,11294.0
2025-03-23 14:00:00+00:00,9196.0
2025-03-23 15:00:00+00:00,6271.0
2025-03-23 16:00:00+00:00,2610.0
2025-03-23 17:00:00+00:00,581.0
2025-03-23 18:00:00+00:00,0.0
2025-03-23 19:00:00+00:00,0.0
2025-03-23 20:00:00+00:00,0.0
2025-03-23 21:00:00+00:00,0.0
2025-03-23 22:00:00+00:00,0.0
2025-03-23 23:00:00+00:00,0.0
2025-03-24 00:00:00+00:00,0.0
2025-03-24 01:00:00+00:00,0.0
2025-03-24 02:00:00+00:00,0.0
2025-03-24 03:00:00+00:00,0.0
2025-03-24 04:00:00+00:00,0.0
2025-03-24 05:00:00+00:00,13.0
2025-03-24 06:00:00+00:00,710.0
2025-03-24 07:00:00+00:00,2905.0
2025-03-24 08:00:00+00:00,5595.0
2025-03-24 09:00:00+00:00,9589.0
2025-03-24 10:00:00+00:00,13541.0
2025-03-24 11:00:00+00:00,14122.0
2025-03-24 12:00:00+00:00,13700.0
2025-03-24 13:00:00+00:00,11633.0
2025-03-24 14:00:00+00:00,10035.0
2025-03-24 15:00:00+00:00,7138.0
2025-03-24 16:00:00+00:00,3287.0
2025-03-24 17:00:00+00:00,813.0
2025-03-24 18:00:00+00:00,0.0
2025-03-24 19:00:00+00:00,0.0
2025-03-24 20:00:00+00:00,0.0
2025-03-24 21:00:00+00:00,0.0
2025-03-24 22:00:00+00:00,0.0
2025-03-24 23:00:00+00:00,0.0
2025-03-25 00:00:00+00:00,0.0
2025-03-25 01:00:00+00:00,0.0
2025-03-25 02:00:00+00:00,0.0
2025-03-25 03:00:00+00:00,0.0
2025-03-25 04:00:00+00:00,0.0
2025-03-25 05:00:00+00:00,15.0
2025-03-25 06:00:00+00:00,740.0
2025-03-25 07:00:00+00:00,2928.0
2025-03-25 08:00:00+00:00,5632.0
2025-03-25 09:00:00+00:00,8997.0
2025-03-25 10:00:00+00:00,12419.0
2025-03-25 11:00:00+00:00,14392.0
2025-03-25 12:00:00+00:00,13877.0
2025-03-25 13:00:00+00:00,11017.0
2025-03-25 14:00:00+00:00,7029.0
2025-03-25 15:00:00+00:00,3770.0
2025-03-25 16:00:00+00:00,1409.0
2025-03-25 17:00:00+00:00,304.0
2025-03-25 18:00:00+00:00,0.0
2025-03-25 19:00:00+00:00,0.0
2025-03-25 20:00:00+00:00,0.0
2025-03-25 21:00:00+00:00,0.0
2025-03-25 22:00:00+00:00,0.0
2025-03-25 23:00:00+00:00,0.0
2025-03-26 00:00:00+00:00,0.0
2025-03-26 01:00:00+00:00,0.0
2025-03-26 02:00:00+00:00,0.0
2025-03-26 03:00:00+00:00,0.0
2025-03-26 04:00:00+00:00,0.0
2025-03-26 05:00:00+00:00,14.0
2025-03-26 06:00:00+00:00,501.0
2025-03-26 07:00:00+00:00,2033.0
2025-03-26 08:00:00+00:00,4051.0
2025-03-26 09:00:00+00:00,5453.0
2025-03-26 10:00:00+00:00,6453.0
2025-03-26 11:00:00+00:00,7374.0
2025-03-26 12:00:00+00:00,8136.0
2025-03-26 13:00:00+00:00,7314.0
2025-03-26 14:00:00+00:00,6561.0
2025-03-26 15:00:00+00:00,5491.0
2025-03-26 16:00:00+00:00,3665.0
2025-03-26 17:00:00+00:00,1561.0
2025-03-26 18:00:00+00:00,41.0
2025-03-26 19:00:00+00:00,0.0
2025-03-26 20:00:00+00:00,0.0
2025-03-26 21:00:00+00:00,0.0
2025-03-26 22:00:00+00:00,0.0
2025-03-26 23:00:00+00:00,0.0
2025-03-27 00:00:00+00:00,0.0
2025-03-27 01:00:00+00:00,0.0
2025-03-27 02:00:00+00:00,0.0
2025-03-27 03:00:00+00:00,0.0
2025-03-27 04:00:00+00:00,0.0
2025-03-27 05:00:00+00:00,60.0
2025-03-27 06:00:00+00:00,1841.0
2025-03-27 07:00:00+00:00,5845.0
2025-03-27 08:00:00+00:00,10811.0
2025-03-27 09:00:00+00:00,14475.0
2025-03-27 10:00:00+00:00,16993.0
2025-03-27 11:00:00+00:00,18358.0
2025-03-27 12:00:00+00:00,18328.0
2025-03-27 13:00:00+00:00,16812.0
2025-03-27 14:00:00+00:00,14166.0
2025-03-27 15:00:00+00:00,10351.0
2025-03-27 16:00:00+00:00,5837.0
2025-03-27 17:00:00+00:00,1662.0
2025-03-27 18:00:00+00:00,11.0
2025-03-27 19:00:00+00:00,0.0
2025-03-27 20:00:00+00:00,0.0
2025-03-27 21:00:00+00:00,0.0
2025-03-27 22:00:00+00:00,0.0
2025-03-27 23:00:00+00:00,0.0
2025-03-28 00:00:00+00:00,0.0
2025-03-28 01:00:00+00:00,0.0
2025-03-28 02:00:00+00:00,0.0
2025-03-28 03:00:00+00:00,0.0
2025-03-28 04:00:00+00:00,0.0
2025-03-28 05:00:00+00:00,52.0
2025-03-28 06:00:00+00:00,1305.0
2025-03-28 07:00:00+00:00,4104.0
2025-03-28 08:00:00+00:00,7401.0
2025-03-28 09:00:00+00:00,9341.0
2025-03-28 10:00:00+00:00,10342.0
2025-03-28 11:00:00+00:00,11936.0
2025-03-28 12:00:00+00:00,12688.0
2025-03-28 13:00:00+00:00,11731.0
2025-03-28 14:00:00+00:00,8493.0
2025-03-28 15:00:00+00:00,4660.0
2025-03-28 16:00:00+00:00,2032.0
2025-03-28 17:00:00+00:00,530.0
2025-03-28 18:00:00+00:00,16.0
2025-03-28 19:00:00+00:00,0.0
2025-03-28 20:00:00+00:00,0.0
2025-03-28 21:00:00+00:00,0.0
2025-03-28 22:00:00+00:00,0.0
2025-03-28 23:00:00+00:00,0.0
2025-03-29 00:00:00+00:00,0.0
2025-03-29 01:00:00+00:00,0.0
2025-03-29 02:00:00+00:00,0.0
2025-03-29 03:00:00+00:00,0.0
2025-03-29 04:00:00+00:00,0.0
2025-03-29 05:00:00+00:00,51.0
2025-03-29 06:00:00+00:00,1758.0
2025-03-29 07:00:00+00:00,6002.0
2025-03-29 08:00:00+00:00,10923.0
2025-03-29 09:00:00+00:00,13780.0
2025-03-29 10:00:00+00:00,15154.0
2025-03-29 11:00:00+00:00,13393.0
2025-03-29 12:00:00+00:00,16540.0
2025-03-29 13:00:00+00:00,16084.0
2025-03-29 14:00:00+00:00,13536.0
2025-03-29 15:00:00+00:00,10036.0
2025-03-29 16:00:00+00:00,5974.0
2025-03-29 17:00:00+00:00,1664.0
2025-03-29 18:00:00+00:00,16.0
2025-03-29 19:00:00+00:00,0.0
2025-03-29 20:00:00+00:00,0.0
2025-03-29 21:00:00+00:00,0.0
2025-03-29 22:00:00+00:00,0.0
2025-03-29 23:00:00+00:00,0.0
2025-03-30 00:00:00+00:00,0.0
2025-03-30 01:00:00+00:00,0.0
2025-03-30 02:00:00+00:00,0.0
2025-03-30 03:00:00+00:00,0.0
2025-03-30 04:00:00+00:00,0.0
2025-03-30 05:00:00+00:00,29.0
2025-03-30 06:00:00+00:00,651.0
2025-03-30 07:00:00+00:00,2833.0
2025-03-30 08:00:00+00:00,6453.0
2025-03-30 09:00:00+00:00,9485.0
2025-03-30 10:00:00+00:00,11688.0
2025-03-30 11:00:00+00:00,12918.0
2025-03-30 12:00:00+00:00,13411.0
2025-03-30 13:00:00+00:00,11726.0
2025-03-30 14:00:00+00:00,9343.0
2025-03-30 15:00:00+00:00,7230.0
2025-03-30 16:00:00+00:00,3676.0
2025-03-30 17:00:00+00:00,954.0
2025-03-30 18:00:00+00:00,33.0
2025-03-30 19:00:00+00:00,0.0
2025-03-30 20:00:00+00:00,0.0
2025-03-30 21:00:00+00:00,0.0
2025-03-30 22:00:00+00:00,0.0
2025-03-30 23:00:00+00:00,0.0
2025-03-31 00:00:00+00:00,0.0
2025-03-31 01:00:00+00:00,0.0
2025-03-31 02:00:00+00:00,0.0
2025-03-31 03:00:00+00:00,0.0
2025-03-31 04:00:00+00:00,0.0
2025-03-31 05:00:00+00:00,55.0
2025-03-31 06:00:00+00:00,1035.0
2025-03-31 07:00:00+00:00,3761.0
2025-03-31 08:00:00+00:00,8001.0
2025-03-31 09:00:00+00:00,11832.0
2025-03-31 10:00:00+00:00,14377.0
2025-03-31 11:00:00+00:00,16566.0
2025-03-31 12:00:00+00:00,16888.0
2025-03-31 13:00:00+00:00,16559.0
2025-03-31 14:00:00+00:00,14361.0
2025-03-31 15:00:00+00:00,10639.0
2025-03-31 16:00:00+00:00,6419.0
2025-03-31 17:00:00+00:00,2204.0
2025-03-31 18:00:00+00:00,63.0
2025-03-31 19:00:00+00:00,0.0
2025-03-31 20:00:00+00:00,0.0
2025-03-31 21:00:00+00:00,0.0
2025-03-31 22:00:00+00:00,0.0
2025-03-31 23:00:00+00:00,0.0
2025-04-01 00:00:00+00:00,0.0
2025-04-01 01:00:00+00:00,0.0
2025-04-01 02:00:00+00:00,0.0
2025-04-01 03:00:00+00:00,0.0
2025-04-01 04:00:00+00:00,0.0
2025-04-01 05:00:00+00:00,108.0
2025-04-01 06:00:00+00:00,1793.0
2025-04-01 07:00:00+00:00,5321.0
2025-04-01 08:00:00+00:00,10008.0
2025-04-01 09:00:00+00:00,14779.0
2025-04-01 10:00:00+00:00,17622.0
2025-04-01 11:00:00+00:00,19060.0
2025-04-01 12:00:00+00:00,19181.0
2025-04-01 13:00:00+00:00,17593.0
2025-04-01 14:00:00+00:00,14543.0
2025-04-01 15:00:00+00:00,10674.0
2025-04-01 16:00:00+00:00,6309.0
2025-04-01 17:00:00+00:00,2273.0
2025-04-01 18:00:00+00:00,76.0
2025-04-01 19:00:00+00:00,0.0
2025-04-01 20:00:00+00:00,0.0
2025-04-01 21:00:00+00:00,0.0
2025-04-01 22:00:00+00:00,0.0
2025-04-01 23:00:00+00:00,0.0
2025-04-02 00:00:00+00:00,0.0
2025-04-02 01:00:00+00:00,0.0
2025-04-02 02:00:00+00:00,0.0
2025-04-02 03:00:00+00:00,0.0
2025-04-02 04:00:00+00:00,0.0
2025-04-02 05:00:00+00:00,152.0
2025-04-02 06:00:00+00:00,2310.0
2025-04-02 07:00:00+00:00,6630.0
2025-04-02 08:00:00+00:00,11438.0
2025-04-02 09:00:00+00:00,15017.0
2025-04-02 10:00:00+00:00,17835.0
2025-04-02 11:00:00+00:00,18949.0
2025-04-02 12:00:00+00:00,18484.0
2025-04-02 13:00:00+00:00,16741.0
2025-04-02 14:00:00+00:00,14114.0
2025-04-02 15:00:00+00:00,10184.0
2025-04-02 16:00:00+00:00,6110.0
2025-04-02 17:00:00+00:00,2224.0
2025-04-02 18:00:00+00:00,80.0
2025-04-02 19:00:00+00:00,0.0
2025-04-02 20:00:00+00:00,0.0
2025-04-02 21:00:00+00:00,0.0
2025-04-02 22:00:00+00:00,0.0
2025-04-02 23:00:00+00:00,0.0
2025-04-03 00:00:00+00:00,0.0
2025-04-03 01:00:00+00:00,0.0
2025-04-03 02:00:00+00:00,0.0
2025-04-03 03:00:00+00:00,0.0
2025-04-03 04:00:00+00:00,0.0
2025-04-03 05:00:00+00:00,175.0
2025-04-03 06:00:00+00:00,2341.0
2025-04-03 07:00:00+00:00,6690.0
2025-04-03 08:00:00+00:00,11619.0
2025-04-03 09:00:00+00:00,15355.0
2025-04-03 10:00:00+00:00,17977.0
2025-04-03 11:00:00+00:00,19320.0
2025-04-03 12:00:00+00:00,19006.0
2025-04-03 13:00:00+00:00,17540.0
2025-04-03 14:00:00+00:00,14768.0
2025-04-03 15:00:00+00:00,10973.0
2025-04-03 16:00:00+00:00,6458.0
2025-04-03 17:00:00+00:00,2208.0
2025-04-03 18:00:00+00:00,48.0
2025-04-03 19:00:00+00:00,0.0
2025-04-03 20:00:00+00:00,0.0
2025-04-03 21:00:00+00:00,0.0
2025-04-03 22:00:00+00:00,0.0
2025-04-03 23:00:00+00:00,0.0
2025-04-04 00:00:00+00:00,0.0
2025-04-04 01:00:00+00:00,0.0
2025-04-04 02:00:00+00:00,0.0
2025-04-04 03:00:00+00:00,0.0
2025-04-04 04:00:00+00:00,0.0
2025-04-04 05:00:00+00:00,218.0
2025-04-04 06:00:00+00:00,2601.0
2025-04-04 07:00:00+00:00,7004.0
2025-04-04 08:00:00+00:00,11820.0
2025-04-04 09:00:00+00:00,15549.0
2025-04-04 10:00:00+00:00,18151.0
2025-04-04 11:00:00+00:00,19499.0
2025-04-04 12:00:00+00:00,19302.0
2025-04-04 13:00:00+00:00,17692.0
2025-04-04 14:00:00+00:00,14936.0
2025-04-04 15:00:00+00:00,11171.0
2025-04-04 16:00:00+00:00,6647.0
2025-04-04 17:00:00+00:00,2423.0
2025-04-04 18:00:00+00:00,99.0
2025-04-04 19:00:00+00:00,0.0
2025-04-04 20:00:00+00:00,0.0
2025-04-04 21:00:00+00:00,0.0
2025-04-04 22:00:00+00:00,0.0
2025-04-04 23:00:00+00:00,0.0
2025-04-05 00:00:00+00:00,0.0
2025-04-05 01:00:00+00:00,0.0
2025-04-05 02:00:00+00:00,0.0
2025-04-05 03:00:00+00:00,0.0
2025-04-05 04:00:00+00:00,0.0
2025-04-05 05:00:00+00:00,248.0
2025-04-05 06:00:00+00:00,2834.0
2025-04-05 07:00:00+00:00,7382.0
2025-04-05 08:00:00+00:00,12286.0
2025-04-05 09:00:00+00:00,16045.0
2025-04-05 10:00:00+00:00,18613.0
2025-04-05 11:00:00+00:00,19898.0
2025-04-05 12:00:00+00:00,19654.0
2025-04-05 13:00:00+00:00,17969.0
2025-04-05 14:00:00+00:00,15146.0
2025-04-05 15:00:00+00:00,11475.0
2025-04-05 16:00:00+00:00,6981.0
2025-04-05 17:00:00+00:00,2675.0
2025-04-05 18:00:00+00:00,142.0
2025-04-05 19:00:00+00:00,0.0
2025-04-05 20:00:00+00:00,0.0
2025-04-05 21:00:00+00:00,0.0
2025-04-05 22:00:00+00:00,0.0
2025-04-05 23:00:00+00:00,0.0
2025-04-06 00:00:00+00:00,0.0
2025-04-06 01:00:00+00:00,0.0
2025-04-06 02:00:00+00:00,0.0
2025-04-06 03:00:00+00:00,0.0
2025-04-06 04:00:00+00:00,0.0
2025-04-06 05:00:00+00:00,300.0
2025-04-06 06:00:00+00:00,3058.0
2025-04-06 07:00:00+00:00,7750.0
2025-04-06 08:00:00+00:00,12699.0
2025-04-06 09:00:00+00:00,16445.0
2025-04-06 10:00:00+00:00,19021.0
2025-04-06 11:00:00+00:00,20266.0
2025-04-06 12:00:00+00:00,20157.0
2025-04-06 13:00:00+00:00,18496.0
2025-04-06 14:00:00+00:00,15705.0
2025-04-06 15:00:00+00:00,11816.0
2025-04-06 16:00:00+00:00,7186.0
2025-04-06 17:00:00+00:00,2776.0
2025-04-06 18:00:00+00:00,136.0
2025-04-06 19:00:00+00:00,0.0
2025-04-06 20:00:00+00:00,0.0
2025-04-06 21:00:00+00:00,0.0
2025-04-06 22:00:00+00:00,0.0
2025-04-06 23:00:00+00:00,0.0
2025-04-07 00:00:00+00:00,0.0
2025-04-07 01:00:00+00:00,0.0
2025-04-07 02:00:00+00:00,0.0
2025-04-07 03:00:00+00:00,0.0
2025-04-07 04:00:00+00:00,0.0
2025-04-07 05:00:00+00:00,373.0
2025-04-07 06:00:00+00:00,3283.0
2025-04-07 07:00:00+00:00,7688.0
2025-04-07 08:00:00+00:00,12546.0
2025-04-07 09:00:00+00:00,16122.0
2025-04-07 10:00:00+00:00,18811.0
2025-04-07 11:00:00+00:00,19980.0
2025-04-07 12:00:00+00:00,19829.0
2025-04-07 13:00:00+00:00,18155.0
2025-04-07 14:00:00+00:00,15433.0
2025-04-07 15:00:00+00:00,11680.0
2025-04-07 16:00:00+00:00,7136.0
2025-04-07 17:00:00+00:00,2817.0
2025-04-07 18:00:00+00:00,180.0
2025-04-07 19:00:00+00:00,0.0
2025-04-07 20:00:00+00:00,0.0
2025-04-07 21:00:00+00:00,0.0
2025-04-07 22:00:00+00:00,0.0
2025-04-07 23:00:00+00:00,0.0
2025-04-08 00:00:00+00:00,0.0
2025-04-08 01:00:00+00:00,0.0
2025-04-08 02:00:00+00:00,0.0
2025-04-08 03:00:00+00:00,0.0
2025-04-08 04:00:00+00:00,0.0
2025-04-08 05:00:00+00:00,385.0
2025-04-08 06:00:00+00:00,3245.0
2025-04-08 07:00:00+00:00,7697.0
2025-04-08 08:00:00+00:00,12275.0
2025-04-08 09:00:00+00:00,15938.0
2025-04-08 10:00:00+00:00,18596.0
2025-04-08 11:00:00+00:00,19518.0
2025-04-08 12:00:00+00:00,19428.0
2025-04-08 13:00:00+00:00,17525.0
2025-04-08 14:00:00+00:00,15146.0
2025-04-08 15:00:00+00:00,11319.0
2025-04-08 16:00:00+00:00,6704.0
2025-04-08 17:00:00+00:00,2642.0
2025-04-08 18:00:00+00:00,227.0
2025-04-08 19:00:00+00:00,0.0
2025-04-08 20:00:00+00:00,0.0
2025-04-08 21:00:00+00:00,0.0
2025-04-08 22:00:00+00:00,0.0
2025-04-08 23:00:00+00:00,0.0
2025-04-09 00:00:00+00:00,0.0
2025-04-09 01:00:00+00:00,0.0
2025-04-09 02:00:00+00:00,0.0
2025-04-09 03:00:00+00:00,0.0
2025-04-09 04:00:00+00:00,0.0
2025-04-09 05:00:00+00:00,255.0
2025-04-09 06:00:00+00:00,1688.0
2025-04-09 07:00:00+00:00,4430.0
2025-04-09 08:00:00+00:00,7835.0
2025-04-09 09:00:00+00:00,12062.0
2025-04-09 10:00:00+00:00,15446.0
2025-04-09 11:00:00+00:00,17077.0
2025-04-09 12:00:00+00:00,17160.0
2025-04-09 13:00:00+00:00,15939.0
2025-04-09 14:00:00+00:00,13779.0
2025-04-09 15:00:00+00:00,10126.0
2025-04-09 16:00:00+00:00,5578.0
2025-04-09 17:00:00+00:00,1994.0
2025-04-09 18:00:00+00:00,201.0
2025-04-09 19:00:00+00:00,0.0
2025-04-09 20:00:00+00:00,0.0
2025-04-09 21:00:00+00:00,0.0
2025-04-09 22:00:00+00:00,0.0
2025-04-09 23:00:00+00:00,0.0
2025-04-10 00:00:00+00:00,0.0
2025-04-10 01:00:00+00:00,0.0
2025-04-10 02:00:00+00:00,0.0
2025-04-10 03:00:00+00:00,0.0
2025-04-10 04:00:00+00:00,0.0
2025-04-10 05:00:00+00:00,139.0
2025-04-10 06:00:00+00:00,909.0
2025-04-10 07:00:00+00:00,2373.0
2025-04-10 08:00:00+00:00,4114.0
2025-04-10 09:00:00+00:00,6858.0
2025-04-10 10:00:00+00:00,10203.0
2025-04-10 11:00:00+00:00,13218.0
2025-04-10 12:00:00+00:00,15152.0
2025-04-10 13:00:00+00:00,15364.0
2025-04-10 14:00:00+00:00,15062.0
2025-04-10 15:00:00+00:00,11642.0
2025-04-10 16:00:00+00:00,7185.0
2025-04-10 17:00:00+00:00,2843.0
2025-04-10 18:00:00+00:00,230.0
2025-04-10 19:00:00+00:00,0.0
2025-04-10 20:00:00+00:00,0.0
2025-04-10 21:00:00+00:00,0.0
2025-04-10 22:00:00+00:00,0.0
2025-04-10 23:00:00+00:00,0.0
2025-04-11 00:00:00+00:00,0.0
2025-04-11 01:00:00+00:00,0.0
2025-04-11 02:00:00+00:00,0.0
2025-04-11 03:00:00+00:00,0.0
2025-04-11 04:00:00+00:00,0.0
2025-04-11 05:00:00+00:00,326.0
2025-04-11 06:00:00+00:00,2218.0
2025-04-11 07:00:00+00:00,6127.0
2025-04-11 08:00:00+00:00,11376.0
2025-04-11 09:00:00+00:00,15756.0
2025-04-11 10:00:00+00:00,18486.0
2025-04-11 11:00:00+00:00,19569.0
2025-04-11 12:00:00+00:00,19424.0
2025-04-11 13:00:00+00:00,17806.0
2025-04-11 14:00:00+00:00,14948.0
2025-04-11 15:00:00+00:00,11043.0
2025-04-11 16:00:00+00:00,6735.0
2025-04-11 17:00:00+00:00,2724.0
2025-04-11 18:00:00+00:00,257.0
2025-04-11 19:00:00+00:00,0.0
2025-04-11 20:00:00+00:00,0.0
2025-04-11 21:00:00+00:00,0.0
2025-04-11 22:00:00+00:00,0.0
2025-04-11 23:00:00+00:00,0.0
2025-04-12 00:00:00+00:00,0.0
2025-04-12 01:00:00+00:00,0.0
2025-04-12 02:00:00+00:00,0.0
2025-04-12 03:00:00+00:00,0.0
2025-04-12 04:00:00+00:00,0.0
2025-04-12 05:00:00+00:00,529.0
2025-04-12 06:00:00+00:00,3476.0
2025-04-12 07:00:00+00:00,8071.0
2025-04-12 08:00:00+00:00,12649.0
2025-04-12 09:00:00+00:00,16250.0
2025-04-12 10:00:00+00:00,18720.0
2025-04-12 11:00:00+00:00,19874.0
2025-04-12 12:00:00+00:00,19907.0
2025-04-12 13:00:00+00:00,18394.0
2025-04-12 14:00:00+00:00,15546.0
2025-04-12 15:00:00+00:00,11758.0
2025-04-12 16:00:00+00:00,7341.0
2025-04-12 17:00:00+00:00,3004.0
2025-04-12 18:00:00+00:00,283.0
2025-04-12 19:00:00+00:00,0.0
2025-04-12 20:00:00+00:00,0.0
2025-04-12 21:00:00+00:00,0.0
2025-04-12 22:00:00+00:00,0.0
2025-04-12 23:00:00+00:00,0.0
2025-04-13 00:00:00+00:00,0.0
2025-04-13 01:00:00+00:00,0.0
2025-04-13 02:00:00+00:00,0.0
2025-04-13 03:00:00+00:00,0.0
2025-04-13 04:00:00+00:00,1.0
2025-04-13 05:00:00+00:00,159.0
2025-04-13 06:00:00+00:00,1155.0
2025-04-13 07:00:00+00:00,3311.0
2025-04-13 08:00:00+00:00,5638.0
2025-04-13 09:00:00+00:00,9155.0
2025-04-13 10:00:00+00:00,10671.0
2025-04-13 11:00:00+00:00,12558.0
2025-04-13 12:00:00+00:00,14113.0
2025-04-13 13:00:00+00:00,13753.0
2025-04-13 14:00:00+00:00,11467.0
2025-04-13 15:00:00+00:00,9096.0
2025-04-13 16:00:00+00:00,5380.0
2025-04-13 17:00:00+00:00,1819.0
2025-04-13 18:00:00+00:00,276.0
2025-04-13 19:00:00+00:00,0.0
2025-04-13 20:00:00+00:00,0.0
2025-04-13 21:00:00+00:00,0.0
2025-04-13 22:00:00+00:00,0.0
2025-04-13 23:00:00+00:00,0.0
2025-04-14 00:00:00+00:00,0.0
2025-04-14 01:00:00+00:00,0.0
2025-04-14 02:00:00+00:00,0.0
2025-04-14 03:00:00+00:00,0.0
2025-04-14 04:00:00+00:00,2.0
2025-04-14 05:00:00+00:00,306.0
2025-04-14 06:00:00+00:00,2117.0
2025-04-14 07:00:00+00:00,5505.0
2025-04-14 08:00:00+00:00,10357.0
2025-04-14 09:00:00+00:00,14741.0
2025-04-14 10:00:00+00:00,16994.0
2025-04-14 11:00:00+00:00,17472.0
2025-04-14 12:00:00+00:00,18228.0
2025-04-14 13:00:00+00:00,16129.0
2025-04-14 14:00:00+00:00,13012.0
2025-04-14 15:00:00+00:00,9648.0
2025-04-14 16:00:00+00:00,6083.0
2025-04-14 17:00:00+00:00,2464.0
2025-04-14 18:00:00+00:00,262.0
2025-04-14 19:00:00+00:00,0.0
2025-04-14 20:00:00+00:00,0.0
2025-04-14 21:00:00+00:00,0.0
2025-04-14 22:00:00+00:00,0.0
2025-04-14 23:00:00+00:00,0.0
2025-04-15 00:00:00+00:00,0.0
2025-04-15 01:00:00+00:00,0.0
2025-04-15 02:00:00+00:00,0.0
2025-04-15 03:00:00+00:00,0.0
2025-04-15 04:00:00+00:00,5.0
2025-04-15 05:00:00+00:00,732.0
2025-04-15 06:00:00+00:00,3553.0
2025-04-15 07:00:00+00:00,7584.0
2025-04-15 08:00:00+00:00,11429.0
2025-04-15 09:00:00+00:00,14101.0
2025-04-15 10:00:00+00:00,16045.0
2025-04-15 11:00:00+00:00,14155.0
2025-04-15 12:00:00+00:00,12138.0
2025-04-15 13:00:00+00:00,8090.0
2025-04-15 14:00:00+00:00,5948.0
2025-04-15 15:00:00+00:00,3346.0
2025-04-15 16:00:00+00:00,1947.0
2025-04-15 17:00:00+00:00,1363.0
2025-04-15 18:00:00+00:00,219.0
2025-04-15 19:00:00+00:00,0.0
2025-04-15 20:00:00+00:00,0.0
2025-04-15 21:00:00+00:00,0.0
2025-04-15 22:00:00+00:00,0.0
2025-04-15 23:00:00+00:00,0.0
2025-04-16 00:00:00+00:00,0.0
2025-04-16 01:00:00+00:00,0.0
2025-04-16 02:00:00+00:00,0.0
2025-04-16 03:00:00+00:00,0.0
2025-04-16 04:00:00+00:00,5.0
2025-04-16 05:00:00+00:00,398.0
2025-04-16 06:00:00+00:00,1222.0
2025-04-16 07:00:00+00:00,2168.0
2025-04-16 08:00:00+00:00,3349.0
2025-04-16 09:00:00+00:00,3782.0
2025-04-16 10:00:00+00:00,5019.0
2025-04-16 11:00:00+00:00,5893.0
2025-04-16 12:00:00+00:00,5826.0
2025-04-16 13:00:00+00:00,4764.0
2025-04-16 14:00:00+00:00,4703.0
2025-04-16 15:00:00+00:00,2639.0
2025-04-16 16:00:00+00:00,1399.0
2025-04-16 17:00:00+00:00,574.0
2025-04-16 18:00:00+00:00,84.0
2025-04-16 19:00:00+00:00,0.0
2025-04-16 20:00:00+00:00,0.0
2025-04-16 21:00:00+00:00,0.0
2025-04-16 22:00:00+00:00,0.0
2025-04-16 23:00:00+00:00,0.0
2025-04-17 00:00:00+00:00,0.0
2025-04-17 01:00:00+00:00,0.0
2025-04-17 02:00:00+00:00,0.0
2025-04-17 03:00:00+00:00,0.0
2025-04-17 04:00:00+00:00,2.0
2025-04-17 05:00:00+00:00,119.0
2025-04-17 06:00:00+00:00,724.0
2025-04-17 07:00:00+00:00,1657.0
2025-04-17 08:00:00+00:00,2839.0
2025-04-17 09:00:00+00:00,3969.0
2025-04-17 10:00:00+00:00,4996.0
2025-04-17 11:00:00+00:00,6143.0
2025-04-17 12:00:00+00:00,6037.0
2025-04-17 13:00:00+00:00,4730.0
2025-04-17 14:00:00+00:00,3470.0
2025-04-17 15:00:00+00:00,2775.0
2025-04-17 16:00:00+00:00,1513.0
2025-04-17 17:00:00+00:00,624.0
2025-04-17 18:00:00+00:00,107.0
2025-04-17 19:00:00+00:00,0.0
2025-04-17 20:00:00+00:00,0.0
2025-04-17 21:00:00+00:00,0.0
2025-04-17 22:00:00+00:00,0.0
2025-04-17 23:00:00+00:00,0.0
2025-04-18 00:00:00+00:00,0.0
2025-04-18 01:00:00+00:00,0.0
2025-04-18 02:00:00+00:00,0.0
2025-04-18 03:00:00+00:00,0.0
2025-04-18 04:00:00+00:00,2.0
2025-04-18 05:00:00+00:00,213.0
2025-04-18 06:00:00+00:00,1160.0
2025-04-18 07:00:00+00:00,2815.0
2025-04-18 08:00:00+00:00,4876.0
2025-04-18 09:00:00+00:00,7248.0
2025-04-18 10:00:00+00:00,10987.0
2025-04-18 11:00:00+00:00,14211.0
2025-04-18 12:00:00+00:00,15783.0
2025-04-18 13:00:00+00:00,15335.0
2025-04-18 14:00:00+00:00,13720.0
2025-04-18 15:00:00+00:00,11430.0
2025-04-18 16:00:00+00:00,7612.0
2025-04-18 17:00:00+00:00,3317.0
2025-04-18 18:00:00+00:00,508.0
2025-04-18 19:00:00+00:00,0.0
2025-04-18 20:00:00+00:00,0.0
2025-04-18 21:00:00+00:00,0.0
2025-04-18 22:00:00+00:00,0.0
2025-04-18 23:00:00+00:00,0.0
2025-04-19 00:00:00+00:00,0.0
2025-04-19 01:00:00+00:00,0.0
2025-04-19 02:00:00+00:00,0.0
2025-04-19 03:00:00+00:00,0.0
2025-04-19 04:00:00+00:00,15.0
2025-04-19 05:00:00+00:00,999.0
2025-04-19 06:00:00+00:00,4595.0
2025-04-19 07:00:00+00:00,8755.0
2025-04-19 08:00:00+00:00,12759.0
2025-04-19 09:00:00+00:00,15406.0
2025-04-19 10:00:00+00:00,17526.0
2025-04-19 11:00:00+00:00,19011.0
2025-04-19 12:00:00+00:00,19543.0
2025-04-19 13:00:00+00:00,18055.0
2025-04-19 14:00:00+00:00,15694.0
2025-04-19 15:00:00+00:00,11985.0
2025-04-19 16:00:00+00:00,7627.0
2025-04-19 17:00:00+00:00,3383.0
2025-04-19 18:00:00+00:00,466.0
2025-04-19 19:00:00+00:00,0.0
2025-04-19 20:00:00+00:00,0.0
2025-04-19 21:00:00+00:00,0.0
2025-04-19 22:00:00+00:00,0.0
2025-04-19 23:00:00+00:00,0.0
2025-04-20 00:00:00+00:00,0.0
2025-04-20 01:00:00+00:00,0.0
2025-04-20 02:00:00+00:00,0.0
2025-04-20 03:00:00+00:00,0.0
2025-04-20 04:00:00+00:00,18.0
2025-04-20 05:00:00+00:00,800.0
2025-04-20 06:00:00+00:00,3293.0
2025-04-20 07:00:00+00:00,6671.0
2025-04-20 08:00:00+00:00,10581.0
2025-04-20 09:00:00+00:00,13671.0
2025-04-20 10:00:00+00:00,15920.0
2025-04-20 11:00:00+00:00,18192.0
2025-04-20 12:00:00+00:00,17911.0
2025-04-20 13:00:00+00:00,15831.0
2025-04-20 14:00:00+00:00,11460.0
2025-04-20 15:00:00+00:00,8436.0
2025-04-20 16:00:00+00:00,4484.0
2025-04-20 17:00:00+00:00,1979.0
2025-04-20 18:00:00+00:00,415.0
2025-04-20 19:00:00+00:00,0.0
2025-04-20 20:00:00+00:00,0.0
2025-04-20 21:00:00+00:00,0.0
2025-04-20 22:00:00+00:00,0.0
2025-04-20 23:00:00+00:00,0.0
2025-04-21 00:00:00+00:00,0.0
2025-04-21 01:00:00+00:00,0.0
2025-04-21 02:00:00+00:00,0.0
2025-04-21 03:00:00+00:00,0.0
2025-04-21 04:00:00+00:00,12.0
2025-04-21 05:00:00+00:00,341.0
2025-04-21 06:00:00+00:00,1307.0
2025-04-21 07:00:00+00:00,2931.0
2025-04-21 08:00:00+00:00,5350.0
2025-04-21 09:00:00+00:00,7915.0
2025-04-21 10:00:00+00:00,9399.0
2025-04-21 11:00:00+00:00,7947.0
2025-04-21 12:00:00+00:00,7241.0
2025-04-21 13:00:00+00:00,5332.0
2025-04-21 14:00:00+00:00,4696.0
2025-04-21 15:00:00+00:00,4702.0
2025-04-21 16:00:00+00:00,2806.0
2025-04-21 17:00:00+00:00,1248.0
2025-04-21 18:00:00+00:00,365.0
2025-04-21 19:00:00+00:00,0.0
2025-04-21 20:00:00+00:00,0.0
2025-04-21 21:00:00+00:00,0.0
2025-04-21 22:00:00+00:00,0.0
2025-04-21 23:00:00+00:00,0.0
2025-04-22 00:00:00+00:00,0.0
2025-04-22 01:00:00+00:00,0.0
2025-04-22 02:00:00+00:00,0.0
2025-04-22 03:00:00+00:00,0.0
2025-04-22 04:00:00+00:00,14.0
2025-04-22 05:00:00+00:00,367.0
2025-04-22 06:00:00+00:00,1517.0
2025-04-22 07:00:00+00:00,3328.0
2025-04-22 08:00:00+00:00,5829.0
2025-04-22 09:00:00+00:00,8600.0
2025-04-22 10:00:00+00:00,11946.0
2025-04-22 11:00:00+00:00,13525.0
2025-04-22 12:00:00+00:00,15386.0
2025-04-22 13:00:00+00:00,14675.0
2025-04-22 14:00:00+00:00,12577.0
2025-04-22 15:00:00+00:00,9860.0
2025-04-22 16:00:00+00:00,5606.0
2025-04-22 17:00:00+00:00,2557.0
2025-04-22 18:00:00+00:00,445.0
2025-04-22 19:00:00+00:00,0.0
2025-04-22 20:00:00+00:00,0.0
2025-04-22 21:00:00+00:00,0.0
2025-04-22 22:00:00+00:00,0.0
2025-04-22 23:00:00+00:00,0.0
2025-04-23 00:00:00+00:00,0.0
2025-04-23 01:00:00+00:00,0.0
2025-04-23 02:00:00+00:00,0.0
2025-04-23 03:00:00+00:00,0.0
2025-04-23 04:00:00+00:00,17.0
2025-04-23 05:00:00+00:00,537.0
2025-04-23 06:00:00+00:00,1959.0
2025-04-23 07:00:00+00:00,3939.0
2025-04-23 08:00:00+00:00,5822.0
2025-04-23 09:00:00+00:00,6699.0
2025-04-23 10:00:00+00:00,7344.0
2025-04-23 11:00:00+00:00,7372.0
2025-04-23 12:00:00+00:00,7209.0
2025-04-23 13:00:00+00:00,7221.0
2025-04-23 14:00:00+00:00,5523.0
2025-04-23 15:00:00+00:00,4046.0
2025-04-23 16:00:00+00:00,2546.0
2025-04-23 17:00:00+00:00,1542.0
2025-04-23 18:00:00+00:00,482.0
2025-04-23 19:00:00+00:00,0.0
2025-04-23 20:00:00+00:00,0.0
2025-04-23 21:00:00+00:00,0.0
2025-04-23 22:00:00+00:00,0.0
2025-04-23 23:00:00+00:00,0.0
2025-04-24 00:00:00+00:00,0.0
2025-04-24 01:00:00+00:00,0.0
2025-04-24 02:00:00+00:00,0.0
2025-04-24 03:00:00+00:00,0.0
2025-04-24 04:00:00+00:00,8.0
2025-04-24 05:00:00+00:00,207.0
2025-04-24 06:00:00+00:00,792.0
2025-04-24 07:00:00+00:00,1897.0
2025-04-24 08:00:00+00:00,2844.0
2025-04-24 09:00:00+00:00,3948.0
2025-04-24 10:00:00+00:00,4484.0
2025-04-24 11:00:00+00:00,4301.0
2025-04-24 12:00:00+00:00,4720.0
2025-04-24 13:00:00+00:00,5035.0
2025-04-24 14:00:00+00:00,4082.0
2025-04-24 15:00:00+00:00,2930.0
2025-04-24 16:00:00+00:00,1863.0
2025-04-24 17:00:00+00:00,893.0
2025-04-24 18:00:00+00:00,301.0
2025-04-24 19:00:00+00:00,0.0
2025-04-24 20:00:00+00:00,0.0
2025-04-24 21:00:00+00:00,0.0
2025-04-24 22:00:00+00:00,0.0
2025-04-24 23:00:00+00:00,0.0
2025-04-25 00:00:00+00:00,0.0
2025-04-25 01:00:00+00:00,0.0
2025-04-25 02:00:00+00:00,0.0
2025-04-25 03:00:00+00:00,0.0
2025-04-25 04:00:00+00:00,27.0
2025-04-25 05:00:00+00:00,475.0
2025-04-25 06:00:00+00:00,1605.0
2025-04-25 07:00:00+00:00,3349.0
2025-04-25 08:00:00+00:00,5629.0
2025-04-25 09:00:00+00:00,8263.0
2025-04-25 10:00:00+00:00,10750.0
2025-04-25 11:00:00+00:00,12338.0
2025-04-25 12:00:00+00:00,12849.0
2025-04-25 13:00:00+00:00,11592.0
2025-04-25 14:00:00+00:00,10145.0
2025-04-25 15:00:00+00:00,8310.0
2025-04-25 16:00:00+00:00,6755.0
2025-04-25 17:00:00+00:00,3981.0
2025-04-25 18:00:00+00:00,831.0
2025-04-25 19:00:00+00:00,0.0
2025-04-25 20:00:00+00:00,0.0
2025-04-25 21:00:00+00:00,0.0
2025-04-25 22:00:00+00:00,0.0
2025-04-25 23:00:00+00:00,0.0
2025-04-26 00:00:00+00:00,0.0
2025-04-26 01:00:00+00:00,0.0
2025-04-26 02:00:00+00:00,0.0
2025-04-26 03:00:00+00:00,0.0
2025-04-26 04:00:00+00:00,54.0
2025-04-26 05:00:00+00:00,1059.0
2025-04-26 06:00:00+00:00,3552.0
2025-04-26 07:00:00+00:00,6875.0
2025-04-26 08:00:00+00:00,11216.0
2025-04-26 09:00:00+00:00,16022.0
2025-04-26 10:00:00+00:00,19154.0
2025-04-26 11:00:00+00:00,20519.0
2025-04-26 12:00:00+00:00,19157.0
2025-04-26 13:00:00+00:00,17443.0
2025-04-26 14:00:00+00:00,15006.0
2025-04-26 15:00:00+00:00,12146.0
2025-04-26 16:00:00+00:00,8122.0
2025-04-26 17:00:00+00:00,4221.0
2025-04-26 18:00:00+00:00,922.0
2025-04-26 19:00:00+00:00,0.0
2025-04-26 20:00:00+00:00,0.0
2025-04-26 21:00:00+00:00,0.0
2025-04-26 22:00:00+00:00,0.0
2025-04-26 23:00:00+00:00,0.0
2025-04-27 00:00:00+00:00,0.0
2025-04-27 01:00:00+00:00,0.0
2025-04-27 02:00:00+00:00,0.0
2025-04-27 03:00:00+00:00,0.0
2025-04-27 04:00:00+00:00,89.0
2025-04-27 05:00:00+00:00,1764.0
2025-04-27 06:00:00+00:00,5610.0
2025-04-27 07:00:00+00:00,10216.0
2025-04-27 08:00:00+00:00,14528.0
2025-04-27 09:00:00+00:00,17981.0
2025-04-27 10:00:00+00:00,20261.0
2025-04-27 11:00:00+00:00,21467.0
2025-04-27 12:00:00+00:00,21008.0
2025-04-27 13:00:00+00:00,19476.0
2025-04-27 14:00:00+00:00,17060.0
2025-04-27 15:00:00+00:00,13140.0
2025-04-27 16:00:00+00:00,8670.0
2025-04-27 17:00:00+00:00,4396.0
2025-04-27 18:00:00+00:00,1021.0
2025-04-27 19:00:00+00:00,0.0
2025-04-27 20:00:00+00:00,0.0
2025-04-27 21:00:00+00:00,0.0
2025-04-27 22:00:00+00:00,0.0
2025-04-27 23:00:00+00:00,0.0
2025-04-28 00:00:00+00:00,0.0
2025-04-28 01:00:00+00:00,0.0
2025-04-28 02:00:00+00:00,0.0
2025-04-28 03:00:00+00:00,0.0
2025-04-28 04:00:00+00:00,117.0
2025-04-28 05:00:00+00:00,1910.0
2025-04-28 06:00:00+00:00,5695.0
2025-04-28 07:00:00+00:00,10184.0
2025-04-28 08:00:00+00:00,14429.0
2025-04-28 09:00:00+00:00,17729.0
2025-04-28 10:00:00+00:00,20017.0
2025-04-28 11:00:00+00:00,21259.0
2025-04-28 12:00:00+00:00,20994.0
2025-04-28 13:00:00+00:00,19329.0
2025-04-28 14:00:00+00:00,16516.0
2025-04-28 15:00:00+00:00,12357.0
2025-04-28 16:00:00+00:00,7848.0
2025-04-28 17:00:00+00:00,4258.0
2025-04-28 18:00:00+00:00,1088.0
2025-04-28 19:00:00+00:00,0.0
2025-04-28 20:00:00+00:00,0.0
2025-04-28 21:00:00+00:00,0.0
2025-04-28 22:00:00+00:00,0.0
2025-04-28 23:00:00+00:00,0.0
2025-04-29 00:00:00+00:00,0.0
2025-04-29 01:00:00+00:00,0.0
2025-04-29 02:00:00+00:00,0.0
2025-04-29 03:00:00+00:00,0.0
2025-04-29 04:00:00+00:00,96.0
2025-04-29 05:00:00+00:00,1671.0
2025-04-29 06:00:00+00:00,5482.0
2025-04-29 07:00:00+00:00,10201.0
2025-04-29 08:00:00+00:00,14245.0
2025-04-29 09:00:00+00:00,17513.0
2025-04-29 10:00:00+00:00,19950.0
2025-04-29 11:00:00+00:00,21122.0
2025-04-29 12:00:00+00:00,20848.0
2025-04-29 13:00:00+00:00,19498.0
2025-04-29 14:00:00+00:00,16746.0
2025-04-29 15:00:00+00:00,12965.0
2025-04-29 16:00:00+00:00,8566.0
2025-04-29 17:00:00+00:00,4314.0
2025-04-29 18:00:00+00:00,1013.0
2025-04-29 19:00:00+00:00,0.0
2025-04-29 20:00:00+00:00,0.0
2025-04-29 21:00:00+00:00,0.0
2025-04-29 22:00:00+00:00,0.0
2025-04-29 23:00:00+00:00,0.0
2025-04-30 00:00:00+00:00,0.0
2025-04-30 01:00:00+00:00,0.0
2025-04-30 02:00:00+00:00,0.0
2025-04-30 03:00:00+00:00,0.0
2025-04-30 04:00:00+00:00,150.0
2025-04-30 05:00:00+00:00,2002.0
2025-04-30 06:00:00+00:00,5583.0
2025-04-30 07:00:00+00:00,9752.0
2025-04-30 08:00:00+00:00,13970.0
2025-04-30 09:00:00+00:00,17628.0
2025-04-30 10:00:00+00:00,19901.0
2025-04-30 11:00:00+00:00,21168.0
2025-04-30 12:00:00+00:00,20587.0
2025-04-30 13:00:00+00:00,19404.0
2025-04-30 14:00:00+00:00,16870.0
2025-04-30 15:00:00+00:00,13037.0
2025-04-30 16:00:00+00:00,8639.0
2025-04-30 17:00:00+00:00,4470.0
2025-04-30 18:00:00+00:00,1116.0
2025-04-30 19:00:00+00:00,5.0
2025-04-30 20:00:00+00:00,0.0
2025-04-30 21:00:00+00:00,0.0
2025-04-30 22:00:00+00:00,0.0
2025-04-30 23:00:00+00:00,0.0
2025-05-01 00:00:00+00:00,0.0
2025-05-01 01:00:00+00:00,0.0
2025-05-01 02:00:00+00:00,0.0
2025-05-01 03:00:00+00:00,0.0
2025-05-01 04:00:00+00:00,140.0
2025-05-01 05:00:00+00:00,1981.0
2025-05-01 06:00:00+00:00,5857.0
2025-05-01 07:00:00+00:00,10421.0
2025-05-01 08:00:00+00:00,14599.0
2025-05-01 09:00:00+00:00,17950.0
2025-05-01 10:00:00+00:00,20275.0
2025-05-01 11:00:00+00:00,21284.0
2025-05-01 12:00:00+00:00,21036.0
2025-05-01 13:00:00+00:00,19391.0
2025-05-01 14:00:00+00:00,16161.0
2025-05-01 15:00:00+00:00,12376.0
2025-05-01 16:00:00+00:00,7736.0
2025-05-01 17:00:00+00:00,3758.0
2025-05-01 18:00:00+00:00,767.0
2025-05-01 19:00:00+00:00,11.0
2025-05-01 20:00:00+00:00,0.0
2025-05-01 21:00:00+00:00,0.0
2025-05-01 22:00:00+00:00,0.0
2025-05-01 23:00:00+00:00,0.0
2025-05-02 00:00:00+00:00,0.0
2025-05-02 01:00:00+00:00,0.0
2025-05-02 02:00:00+00:00,0.0
2025-05-02 03:00:00+00:00,0.0
2025-05-02 04:00:00+00:00,129.0
2025-05-02 05:00:00+00:00,1819.0
2025-05-02 06:00:00+00:00,4981.0
2025-05-02 07:00:00+00:00,7949.0
2025-05-02 08:00:00+00:00,11129.0
2025-05-02 09:00:00+00:00,12990.0
2025-05-02 10:00:00+00:00,11509.0
2025-05-02 11:00:00+00:00,12331.0
2025-05-02 12:00:00+00:00,15759.0
2025-05-02 13:00:00+00:00,17229.0
2025-05-02 14:00:00+00:00,15691.0
2025-05-02 15:00:00+00:00,12397.0
2025-05-02 16:00:00+00:00,8319.0
2025-05-02 17:00:00+00:00,4254.0
2025-05-02 18:00:00+00:00,1050.0
2025-05-02 19:00:00+00:00,6.0
2025-05-02 20:00:00+00:00,0.0
2025-05-02 21:00:00+00:00,0.0
2025-05-02 22:00:00+00:00,0.0
2025-05-02 23:00:00+00:00,0.0
2025-05-03 00:00:00+00:00,0.0
2025-05-03 01:00:00+00:00,0.0
2025-05-03 02:00:00+00:00,0.0
2025-05-03 03:00:00+00:00,0.0
2025-05-03 04:00:00+00:00,189.0
2025-05-03 05:00:00+00:00,1940.0
2025-05-03 06:00:00+00:00,5290.0
2025-05-03 07:00:00+00:00,9095.0
2025-05-03 08:00:00+00:00,12738.0
2025-05-03 09:00:00+00:00,17340.0
2025-05-03 10:00:00+00:00,18360.0
2025-05-03 11:00:00+00:00,18823.0
2025-05-03 12:00:00+00:00,18414.0
2025-05-03 13:00:00+00:00,14160.0
2025-05-03 14:00:00+00:00,11711.0
2025-05-03 15:00:00+00:00,9633.0
2025-05-03 16:00:00+00:00,5764.0
2025-05-03 17:00:00+00:00,2423.0
2025-05-03 18:00:00+00:00,974.0
2025-05-03 19:00:00+00:00,38.0
2025-05-03 20:00:00+00:00,0.0
2025-05-03 21:00:00+00:00,0.0
2025-05-03 22:00:00+00:00,0.0
2025-05-03 23:00:00+00:00,0.0
2025-05-04 00:00:00+00:00,0.0
2025-05-04 01:00:00+00:00,0.0
2025-05-04 02:00:00+00:00,0.0
2025-05-04 03:00:00+00:00,0.0
2025-05-04 04:00:00+00:00,119.0
2025-05-04 05:00:00+00:00,1129.0
2025-05-04 06:00:00+00:00,3276.0
2025-05-04 07:00:00+00:00,6095.0
2025-05-04 08:00:00+00:00,7724.0
2025-05-04 09:00:00+00:00,11010.0
2025-05-04 10:00:00+00:00,12275.0
2025-05-04 11:00:00+00:00,14295.0
2025-05-04 12:00:00+00:00,12083.0
2025-05-04 13:00:00+00:00,12752.0
2025-05-04 14:00:00+00:00,11507.0
2025-05-04 15:00:00+00:00,8731.0
2025-05-04 16:00:00+00:00,6189.0
2025-05-04 17:00:00+00:00,3597.0
2025-05-04 18:00:00+00:00,1214.0
2025-05-04 19:00:00+00:00,32.0
2025-05-04 20:00:00+00:00,0.0
2025-05-04 21:00:00+00:00,0.0
2025-05-04 22:00:00+00:00,0.0
2025-05-04 23:00:00+00:00,0.0
2025-05-05 00:00:00+00:00,0.0
2025-05-05 01:00:00+00:00,0.0
2025-05-05 02:00:00+00:00,0.0
2025-05-05 03:00:00+00:00,0.0
2025-05-05 04:00:00+00:00,198.0
2025-05-05 05:00:00+00:00,1827.0
2025-05-05 06:00:00+00:00,4819.0
2025-05-05 07:00:00+00:00,8977.0
2025-05-05 08:00:00+00:00,12436.0
2025-05-05 09:00:00+00:00,13806.0
2025-05-05 10:00:00+00:00,15851.0
2025-05-05 11:00:00+00:00,16583.0
2025-05-05 12:00:00+00:00,15162.0
2025-05-05 13:00:00+00:00,14447.0
2025-05-05 14:00:00+00:00,12684.0
2025-05-05 15:00:00+00:00,10249.0
2025-05-05 16:00:00+00:00,7409.0
2025-05-05 17:00:00+00:00,4122.0
2025-05-05 18:00:00+00:00,1572.0
2025-05-05 19:00:00+00:00,37.0
2025-05-05 20:00:00+00:00,0.0
2025-05-05 21:00:00+00:00,0.0
2025-05-05 22:00:00+00:00,0.0
2025-05-05 23:00:00+00:00,0.0
2025-05-06 00:00:00+00:00,0.0
2025-05-06 01:00:00+00:00,0.0
2025-05-06 02:00:00+00:00,0.0
2025-05-06 03:00:00+00:00,0.0
2025-05-06 04:00:00+00:00,247.0
2025-05-06 05:00:00+00:00,2115.0
2025-05-06 06:00:00+00:00,5408.0
2025-05-06 07:00:00+00:00,9035.0
2025-05-06 08:00:00+00:00,11683.0
2025-05-06 09:00:00+00:00,13431.0
2025-05-06 10:00:00+00:00,13522.0
2025-05-06 11:00:00+00:00,13176.0
2025-05-06 12:00:00+00:00,12660.0
2025-05-06 13:00:00+00:00,10665.0
2025-05-06 14:00:00+00:00,8181.0
2025-05-06 15:00:00+00:00,5621.0
2025-05-06 16:00:00+00:00,3285.0
2025-05-06 17:00:00+00:00,1939.0
2025-05-06 18:00:00+00:00,674.0
2025-05-06 19:00:00+00:00,41.0
2025-05-06 20:00:00+00:00,0.0
2025-05-06 21:00:00+00:00,0.0
2025-05-06 22:00:00+00:00,0.0
2025-05-06 23:00:00+00:00,0.0
2025-05-07 00:00:00+00:00,0.0
2025-05-07 01:00:00+00:00,0.0
2025-05-07 02:00:00+00:00,0.0
2025-05-07 03:00:00+00:00,0.0
2025-05-07 04:00:00+00:00,194.0
2025-05-07 05:00:00+00:00,1241.0
2025-05-07 06:00:00+00:00,3289.0
2025-05-07 07:00:00+00:00,6339.0
2025-05-07 08:00:00+00:00,8907.0
2025-05-07 09:00:00+00:00,11513.0
2025-05-07 10:00:00+00:00,12997.0
2025-05-07 11:00:00+00:00,16385.0
2025-05-07 12:00:00+00:00,16245.0
2025-05-07 13:00:00+00:00,14091.0
2025-05-07 14:00:00+00:00,12541.0
2025-05-07 15:00:00+00:00,9508.0
2025-05-07 16:00:00+00:00,6713.0
2025-05-07 17:00:00+00:00,3472.0
2025-05-07 18:00:00+00:00,1216.0
2025-05-07 19:00:00+00:00,57.0
2025-05-07 20:00:00+00:00,0.0
2025-05-07 21:00:00+00:00,0.0
2025-05-07 22:00:00+00:00,0.0
2025-05-07 23:00:00+00:00,0.0
2025-05-08 00:00:00+00:00,0.0
2025-05-08 01:00:00+00:00,0.0
2025-05-08 02:00:00+00:00,0.0
2025-05-08 03:00:00+00:00,0.0
2025-05-08 04:00:00+00:00,261.0
2025-05-08 05:00:00+00:00,1995.0
2025-05-08 06:00:00+00:00,4925.0
2025-05-08 07:00:00+00:00,9544.0
2025-05-08 08:00:00+00:00,13753.0
2025-05-08 09:00:00+00:00,17552.0
2025-05-08 10:00:00+00:00,19405.0
2025-05-08 11:00:00+00:00,19101.0
2025-05-08 12:00:00+00:00,18082.0
2025-05-08 13:00:00+00:00,15073.0
2025-05-08 14:00:00+00:00,12564.0
2025-05-08 15:00:00+00:00,9515.0
2025-05-08 16:00:00+00:00,6629.0
2025-05-08 17:00:00+00:00,3294.0
2025-05-08 18:00:00+00:00,1176.0
2025-05-08 19:00:00+00:00,75.0
2025-05-08 20:00:00+00:00,0.0
2025-05-08 21:00:00+00:00,0.0
2025-05-08 22:00:00+00:00,0.0
2025-05-08 23:00:00+00:00,0.0
2025-05-09 00:00:00+00:00,0.0
2025-05-09 01:00:00+00:00,0.0
2025-05-09 02:00:00+00:00,0.0
2025-05-09 03:00:00+00:00,0.0
2025-05-09 04:00:00+00:00,376.0
2025-05-09 05:00:00+00:00,2717.0
2025-05-09 06:00:00+00:00,6668.0
2025-05-09 07:00:00+00:00,11173.0
2025-05-09 08:00:00+00:00,15445.0
2025-05-09 09:00:00+00:00,18666.0
2025-05-09 10:00:00+00:00,20934.0
2025-05-09 11:00:00+00:00,22081.0
2025-05-09 12:00:00+00:00,20516.0
2025-05-09 13:00:00+00:00,18380.0
2025-05-09 14:00:00+00:00,15806.0
2025-05-09 15:00:00+00:00,12877.0
2025-05-09 16:00:00+00:00,9175.0
2025-05-09 17:00:00+00:00,5288.0
2025-05-09 18:00:00+00:00,1765.0
2025-05-09 19:00:00+00:00,72.0
2025-05-09 20:00:00+00:00,0.0
2025-05-09 21:00:00+00:00,0.0
2025-05-09 22:00:00+00:00,0.0
2025-05-09 23:00:00+00:00,0.0
2025-05-10 00:00:00+00:00,0.0
2025-05-10 01:00:00+00:00,0.0
2025-05-10 02:00:00+00:00,0.0
2025-05-10 03:00:00+00:00,0.0
2025-05-10 04:00:00+00:00,370.0
2025-05-10 05:00:00+00:00,2736.0
2025-05-10 06:00:00+00:00,6714.0
2025-05-10 07:00:00+00:00,11190.0
2025-05-10 08:00:00+00:00,15402.0
2025-05-10 09:00:00+00:00,18760.0
2025-05-10 10:00:00+00:00,21052.0
2025-05-10 11:00:00+00:00,22197.0
2025-05-10 12:00:00+00:00,21832.0
2025-05-10 13:00:00+00:00,20157.0
2025-05-10 14:00:00+00:00,16731.0
2025-05-10 15:00:00+00:00,12723.0
2025-05-10 16:00:00+00:00,9329.0
2025-05-10 17:00:00+00:00,5007.0
2025-05-10 18:00:00+00:00,1794.0
2025-05-10 19:00:00+00:00,80.0
2025-05-10 20:00:00+00:00,0.0
2025-05-10 21:00:00+00:00,0.0
2025-05-10 22:00:00+00:00,0.0
2025-05-10 23:00:00+00:00,0.0
2025-05-11 00:00:00+00:00,0.0
2025-05-11 01:00:00+00:00,0.0
2025-05-11 02:00:00+00:00,0.0
2025-05-11 03:00:00+00:00,0.0
2025-05-11 04:00:00+00:00,416.0
2025-05-11 05:00:00+00:00,2828.0
2025-05-11 06:00:00+00:00,6790.0
2025-05-11 07:00:00+00:00,11295.0
2025-05-11 08:00:00+00:00,15481.0
2025-05-11 09:00:00+00:00,18887.0
2025-05-11 10:00:00+00:00,21173.0
2025-05-11 11:00:00+00:00,22172.0
2025-05-11 12:00:00+00:00,22002.0
2025-05-11 13:00:00+00:00,20384.0
2025-05-11 14:00:00+00:00,17302.0
2025-05-11 15:00:00+00:00,13720.0
2025-05-11 16:00:00+00:00,9322.0
2025-05-11 17:00:00+00:00,5279.0
2025-05-11 18:00:00+00:00,1850.0
2025-05-11 19:00:00+00:00,72.0
2025-05-11 20:00:00+00:00,0.0
2025-05-11 21:00:00+00:00,0.0
2025-05-11 22:00:00+00:00,0.0
2025-05-11 23:00:00+00:00,0.0
2025-05-12 00:00:00+00:00,0.0
2025-05-12 01:00:00+00:00,0.0
2025-05-12 02:00:00+00:00,0.0
2025-05-12 03:00:00+00:00,0.0
2025-05-12 04:00:00+00:00,452.0
2025-05-12 05:00:00+00:00,2875.0
2025-05-12 06:00:00+00:00,6820.0
2025-05-12 07:00:00+00:00,11282.0
2025-05-12 08:00:00+00:00,15478.0
2025-05-12 09:00:00+00:00,18911.0
2025-05-12 10:00:00+00:00,21142.0
2025-05-12 11:00:00+00:00,22239.0
2025-05-12 12:00:00+00:00,22097.0
2025-05-12 13:00:00+00:00,20455.0
2025-05-12 14:00:00+00:00,17340.0
2025-05-12 15:00:00+00:00,13633.0
2025-05-12 16:00:00+00:00,9479.0
2025-05-12 17:00:00+00:00,5435.0
2025-05-12 18:00:00+00:00,1995.0
2025-05-12 19:00:00+00:00,114.0
2025-05-12 20:00:00+00:00,0.0
2025-05-12 21:00:00+00:00,0.0
2025-05-12 22:00:00+00:00,0.0
2025-05-12 23:00:00+00:00,0.0
2025-05-13 00:00:00+00:00,0.0
2025-05-13 01:00:00+00:00,0.0
2025-05-13 02:00:00+00:00,0.0
2025-05-13 03:00:00+00:00,2.0
2025-05-13 04:00:00+00:00,516.0
2025-05-13 05:00:00+00:00,3052.0
2025-05-13 06:00:00+00:00,7073.0
2025-05-13 07:00:00+00:00,11647.0
2025-05-13 08:00:00+00:00,15888.0
2025-05-13 09:00:00+00:00,19290.0
2025-05-13 10:00:00+00:00,21702.0
2025-05-13 11:00:00+00:00,22717.0
2025-05-13 12:00:00+00:00,22490.0
2025-05-13 13:00:00+00:00,20907.0
2025-05-13 14:00:00+00:00,18057.0
2025-05-13 15:00:00+00:00,14250.0
2025-05-13 16:00:00+00:00,9885.0
2025-05-13 17:00:00+00:00,5677.0
2025-05-13 18:00:00+00:00,2007.0
2025-05-13 19:00:00+00:00,100.0
2025-05-13 20:00:00+00:00,0.0
2025-05-13 21:00:00+00:00,0.0
2025-05-13 22:00:00+00:00,0.0
2025-05-13 23:00:00+00:00,0.0
2025-05-14 00:00:00+00:00,0.0
2025-05-14 01:00:00+00:00,0.0
2025-05-14 02:00:00+00:00,0.0
2025-05-14 03:00:00+00:00,1.0
2025-05-14 04:00:00+00:00,364.0
2025-05-14 05:00:00+00:00,2546.0
2025-05-14 06:00:00+00:00,6091.0
2025-05-14 07:00:00+00:00,10372.0
2025-05-14 08:00:00+00:00,13940.0
2025-05-14 09:00:00+00:00,16975.0
2025-05-14 10:00:00+00:00,19364.0
2025-05-14 11:00:00+00:00,20867.0
2025-05-14 12:00:00+00:00,21059.0
2025-05-14 13:00:00+00:00,20050.0
2025-05-14 14:00:00+00:00,17930.0
2025-05-14 15:00:00+00:00,14068.0
2025-05-14 16:00:00+00:00,9813.0
2025-05-14 17:00:00+00:00,5378.0
2025-05-14 18:00:00+00:00,1804.0
2025-05-14 19:00:00+00:00,94.0
2025-05-14 20:00:00+00:00,0.0
2025-05-14 21:00:00+00:00,0.0
2025-05-14 22:00:00+00:00,0.0
2025-05-14 23:00:00+00:00,0.0
2025-05-15 00:00:00+00:00,0.0
2025-05-15 01:00:00+00:00,0.0
2025-05-15 02:00:00+00:00,0.0
2025-05-15 03:00:00+00:00,6.0
2025-05-15 04:00:00+00:00,411.0
2025-05-15 05:00:00+00:00,1717.0
2025-05-15 06:00:00+00:00,4352.0
2025-05-15 07:00:00+00:00,8223.0
2025-05-15 08:00:00+00:00,13583.0
2025-05-15 09:00:00+00:00,17929.0
2025-05-15 10:00:00+00:00,20647.0
2025-05-15 11:00:00+00:00,21846.0
2025-05-15 12:00:00+00:00,21356.0
2025-05-15 13:00:00+00:00,20056.0
2025-05-15 14:00:00+00:00,17300.0
2025-05-15 15:00:00+00:00,14491.0
2025-05-15 16:00:00+00:00,10403.0
2025-05-15 17:00:00+00:00,6020.0
2025-05-15 18:00:00+00:00,2262.0
2025-05-15 19:00:00+00:00,167.0
2025-05-15 20:00:00+00:00,0.0
2025-05-15 21:00:00+00:00,0.0
2025-05-15 22:00:00+00:00,0.0
2025-05-15 23:00:00+00:00,0.0
2025-05-16 00:00:00+00:00,0.0
2025-05-16 01:00:00+00:00,0.0
2025-05-16 02:00:00+00:00,0.0
2025-05-16 03:00:00+00:00,5.0
2025-05-16 04:00:00+00:00,606.0
2025-05-16 05:00:00+00:00,3010.0
2025-05-16 06:00:00+00:00,6484.0
2025-05-16 07:00:00+00:00,10512.0
2025-05-16 08:00:00+00:00,13615.0
2025-05-16 09:00:00+00:00,16159.0
2025-05-16 10:00:00+00:00,18048.0
2025-05-16 11:00:00+00:00,19329.0
2025-05-16 12:00:00+00:00,18395.0
2025-05-16 13:00:00+00:00,16077.0
2025-05-16 14:00:00+00:00,12937.0
2025-05-16 15:00:00+00:00,9088.0
2025-05-16 16:00:00+00:00,5669.0
2025-05-16 17:00:00+00:00,2677.0
2025-05-16 18:00:00+00:00,1092.0
2025-05-16 19:00:00+00:00,111.0
2025-05-16 20:00:00+00:00,0.0
2025-05-16 21:00:00+00:00,0.0
2025-05-16 22:00:00+00:00,0.0
2025-05-16 23:00:00+00:00,0.0
2025-05-17 00:00:00+00:00,0.0
2025-05-17 01:00:00+00:00,0.0
2025-05-17 02:00:00+00:00,0.0
2025-05-17 03:00:00+00:00,5.0
2025-05-17 04:00:00+00:00,557.0
2025-05-17 05:00:00+00:00,2883.0
2025-05-17 06:00:00+00:00,6920.0
2025-05-17 07:00:00+00:00,11472.0
2025-05-17 08:00:00+00:00,15526.0
2025-05-17 09:00:00+00:00,17372.0
2025-05-17 10:00:00+00:00,18838.0
2025-05-17 11:00:00+00:00,20583.0
2025-05-17 12:00:00+00:00,19815.0
2025-05-17 13:00:00+00:00,18421.0
2025-05-17 14:00:00+00:00,15876.0
2025-05-17 15:00:00+00:00,12415.0
2025-05-17 16:00:00+00:00,8849.0
2025-05-17 17:00:00+00:00,4721.0
2025-05-17 18:00:00+00:00,1502.0
2025-05-17 19:00:00+00:00,74.0
2025-05-17 20:00:00+00:00,0.0
2025-05-17 21:00:00+00:00,0.0
2025-05-17 22:00:00+00:00,0.0
2025-05-17 23:00:00+00:00,0.0
2025-05-18 00:00:00+00:00,0.0
2025-05-18 01:00:00+00:00,0.0
2025-05-18 02:00:00+00:00,0.0
2025-05-18 03:00:00+00:00,4.0
2025-05-18 04:00:00+00:00,246.0
2025-05-18 05:00:00+00:00,1393.0
2025-05-18 06:00:00+00:00,3675.0
2025-05-18 07:00:00+00:00,6352.0
2025-05-18 08:00:00+00:00,8795.0
2025-05-18 09:00:00+00:00,11729.0
2025-05-18 10:00:00+00:00,12938.0
2025-05-18 11:00:00+00:00,12921.0
2025-05-18 12:00:00+00:00,14287.0
2025-05-18 13:00:00+00:00,16207.0
2025-05-18 14:00:00+00:00,11503.0
2025-05-18 15:00:00+00:00,10592.0
2025-05-18 16:00:00+00:00,7367.0
2025-05-18 17:00:00+00:00,4653.0
2025-05-18 18:00:00+00:00,1845.0
2025-05-18 19:00:00+00:00,155.0
2025-05-18 20:00:00+00:00,0.0
2025-05-18 21:00:00+00:00,0.0
2025-05-18 22:00:00+00:00,0.0
2025-05-18 23:00:00+00:00,0.0
2025-05-19 00:00:00+00:00,0.0
2025-05-19 01:00:00+00:00,0.0
2025-05-19 02:00:00+00:00,0.0
2025-05-19 03:00:00+00:00,5.0
2025-05-19 04:00:00+00:00,621.0
2025-05-19 05:00:00+00:00,3084.0
2025-05-19 06:00:00+00:00,7206.0
2025-05-19 07:00:00+00:00,11926.0
2025-05-19 08:00:00+00:00,15833.0
2025-05-19 09:00:00+00:00,18858.0
2025-05-19 10:00:00+00:00,20958.0
2025-05-19 11:00:00+00:00,21475.0
2025-05-19 12:00:00+00:00,20776.0
2025-05-19 13:00:00+00:00,19161.0
2025-05-19 14:00:00+00:00,16797.0
2025-05-19 15:00:00+00:00,13760.0
2025-05-19 16:00:00+00:00,9368.0
2025-05-19 17:00:00+00:00,5770.0
2025-05-19 18:00:00+00:00,2309.0
2025-05-19 19:00:00+00:00,230.0
2025-05-19 20:00:00+00:00,0.0
2025-05-19 21:00:00+00:00,0.0
2025-05-19 22:00:00+00:00,0.0
2025-05-19 23:00:00+00:00,0.0
2025-05-20 00:00:00+00:00,0.0
2025-05-20 01:00:00+00:00,0.0
2025-05-20 02:00:00+00:00,0.0
2025-05-20 03:00:00+00:00,10.0
2025-05-20 04:00:00+00:00,711.0
2025-05-20 05:00:00+00:00,3338.0
2025-05-20 06:00:00+00:00,7240.0
2025-05-20 07:00:00+00:00,11632.0
2025-05-20 08:00:00+00:00,15718.0
2025-05-20 09:00:00+00:00,19064.0
2025-05-20 10:00:00+00:00,19888.0
2025-05-20 11:00:00+00:00,20694.0
2025-05-20 12:00:00+00:00,20558.0
2025-05-20 13:00:00+00:00,19959.0
2025-05-20 14:00:00+00:00,17169.0
2025-05-20 15:00:00+00:00,14379.0
2025-05-20 16:00:00+00:00,9861.0
2025-05-20 17:00:00+00:00,5819.0
2025-05-20 18:00:00+00:00,2428.0
2025-05-20 19:00:00+00:00,253.0
2025-05-20 20:00:00+00:00,0.0
2025-05-20 21:00:00+00:00,0.0
2025-05-20 22:00:00+00:00,0.0
2025-05-20 23:00:00+00:00,0.0
2025-05-21 00:00:00+00:00,0.0
2025-05-21 01:00:00+00:00,0.0
2025-05-21 02:00:00+00:00,0.0
2025-05-21 03:00:00+00:00,21.0
2025-05-21 04:00:00+00:00,653.0
2025-05-21 05:00:00+00:00,2598.0
2025-05-21 06:00:00+00:00,6027.0
2025-05-21 07:00:00+00:00,10131.0
2025-05-21 08:00:00+00:00,12745.0
2025-05-21 09:00:00+00:00,14976.0
2025-05-21 10:00:00+00:00,14993.0
2025-05-21 11:00:00+00:00,16148.0
2025-05-21 12:00:00+00:00,15631.0
2025-05-21 13:00:00+00:00,14416.0
2025-05-21 14:00:00+00:00,12439.0
2025-05-21 15:00:00+00:00,11362.0
2025-05-21 16:00:00+00:00,7638.0
2025-05-21 17:00:00+00:00,3999.0
2025-05-21 18:00:00+00:00,1596.0
2025-05-21 19:00:00+00:00,236.0
2025-05-21 20:00:00+00:00,0.0
2025-05-21 21:00:00+00:00,0.0
2025-05-21 22:00:00+00:00,0.0
2025-05-21 23:00:00+00:00,0.0
2025-05-22 00:00:00+00:00,0.0
2025-05-22 01:00:00+00:00,0.0
2025-05-22 02:00:00+00:00,0.0
2025-05-22 03:00:00+00:00,9.0
2025-05-22 04:00:00+00:00,448.0
2025-05-22 05:00:00+00:00,2376.0
2025-05-22 06:00:00+00:00,4929.0
2025-05-22 07:00:00+00:00,8332.0
2025-05-22 08:00:00+00:00,11806.0
2025-05-22 09:00:00+00:00,14553.0
2025-05-22 10:00:00+00:00,17276.0
2025-05-22 11:00:00+00:00,19184.0
2025-05-22 12:00:00+00:00,19054.0
2025-05-22 13:00:00+00:00,17744.0
2025-05-22 14:00:00+00:00,15089.0
2025-05-22 15:00:00+00:00,12416.0
2025-05-22 16:00:00+00:00,8269.0
2025-05-22 17:00:00+00:00,4930.0
2025-05-22 18:00:00+00:00,2196.0
2025-05-22 19:00:00+00:00,281.0
2025-05-22 20:00:00+00:00,0.0
2025-05-22 21:00:00+00:00,0.0
2025-05-22 22:00:00+00:00,0.0
2025-05-22 23:00:00+00:00,0.0
2025-05-23 00:00:00+00:00,0.0
2025-05-23 01:00:00+00:00,0.0
2025-05-23 02:00:00+00:00,0.0
2025-05-23 03:00:00+00:00,9.0
2025-05-23 04:00:00+00:00,577.0
2025-05-23 05:00:00+00:00,2507.0
2025-05-23 06:00:00+00:00,5845.0
2025-05-23 07:00:00+00:00,9435.0
2025-05-23 08:00:00+00:00,10904.0
2025-05-23 09:00:00+00:00,12307.0
2025-05-23 10:00:00+00:00,15228.0
2025-05-23 11:00:00+00:00,15369.0
2025-05-23 12:00:00+00:00,16444.0
2025-05-23 13:00:00+00:00,14307.0
2025-05-23 14:00:00+00:00,13522.0
2025-05-23 15:00:00+00:00,9740.0
2025-05-23 16:00:00+00:00,8377.0
2025-05-23 17:00:00+00:00,4642.0
2025-05-23 18:00:00+00:00,2125.0
2025-05-23 19:00:00+00:00,330.0
2025-05-23 20:00:00+00:00,0.0
2025-05-23 21:00:00+00:00,0.0
2025-05-23 22:00:00+00:00,0.0
2025-05-23 23:00:00+00:00,0.0
2025-05-24 00:00:00+00:00,0.0
2025-05-24 01:00:00+00:00,0.0
2025-05-24 02:00:00+00:00,0.0
2025-05-24 03:00:00+00:00,25.0
2025-05-24 04:00:00+00:00,717.0
2025-05-24 05:00:00+00:00,2259.0
2025-05-24 06:00:00+00:00,3873.0
2025-05-24 07:00:00+00:00,5628.0
2025-05-24 08:00:00+00:00,7738.0
2025-05-24 09:00:00+00:00,8208.0
2025-05-24 10:00:00+00:00,7823.0
2025-05-24 11:00:00+00:00,7024.0
2025-05-24 12:00:00+00:00,5064.0
2025-05-24 13:00:00+00:00,4207.0
2025-05-24 14:00:00+00:00,3111.0
2025-05-24 15:00:00+00:00,2123.0
2025-05-24 16:00:00+00:00,1611.0
2025-05-24 17:00:00+00:00,934.0
2025-05-24 18:00:00+00:00,451.0
2025-05-24 19:00:00+00:00,119.0
2025-05-24 20:00:00+00:00,0.0
2025-05-24 21:00:00+00:00,0.0
2025-05-24 22:00:00+00:00,0.0
2025-05-24 23:00:00+00:00,0.0
2025-05-25 00:00:00+00:00,0.0
2025-05-25 01:00:00+00:00,0.0
2025-05-25 02:00:00+00:00,0.0
2025-05-25 03:00:00+00:00,3.0
2025-05-25 04:00:00+00:00,118.0
2025-05-25 05:00:00+00:00,501.0
2025-05-25 06:00:00+00:00,1464.0
2025-05-25 07:00:00+00:00,2719.0
2025-05-25 08:00:00+00:00,4185.0
2025-05-25 09:00:00+00:00,7388.0
2025-05-25 10:00:00+00:00,12924.0
2025-05-25 11:00:00+00:00,13370.0
2025-05-25 12:00:00+00:00,12240.0
2025-05-25 13:00:00+00:00,11125.0
2025-05-25 14:00:00+00:00,9164.0
2025-05-25 15:00:00+00:00,7637.0
2025-05-25 16:00:00+00:00,5510.0
2025-05-25 17:00:00+00:00,3781.0
2025-05-25 18:00:00+00:00,1838.0
2025-05-25 19:00:00+00:00,379.0
2025-05-25 20:00:00+00:00,0.0
2025-05-25 21:00:00+00:00,0.0
2025-05-25 22:00:00+00:00,0.0
2025-05-25 23:00:00+00:00,0.0
2025-05-26 00:00:00+00:00,0.0
2025-05-26 01:00:00+00:00,0.0
2025-05-26 02:00:00+00:00,0.0
2025-05-26 03:00:00+00:00,12.0
2025-05-26 04:00:00+00:00,565.0
2025-05-26 05:00:00+00:00,2584.0
2025-05-26 06:00:00+00:00,5670.0
2025-05-26 07:00:00+00:00,10200.0
2025-05-26 08:00:00+00:00,12435.0
2025-05-26 09:00:00+00:00,13993.0
2025-05-26 10:00:00+00:00,15851.0
2025-05-26 11:00:00+00:00,16999.0
2025-05-26 12:00:00+00:00,16417.0
2025-05-26 13:00:00+00:00,16481.0
2025-05-26 14:00:00+00:00,13183.0
2025-05-26 15:00:00+00:00,10728.0
2025-05-26 16:00:00+00:00,7484.0
2025-05-26 17:00:00+00:00,4405.0
2025-05-26 18:00:00+00:00,1168.0
2025-05-26 19:00:00+00:00,149.0
2025-05-26 20:00:00+00:00,0.0
2025-05-26 21:00:00+00:00,0.0
2025-05-26 22:00:00+00:00,0.0
2025-05-26 23:00:00+00:00,0.0
2025-05-27 00:00:00+00:00,0.0
2025-05-27 01:00:00+00:00,0.0
2025-05-27 02:00:00+00:00,0.0
2025-05-27 03:00:00+00:00,8.0
2025-05-27 04:00:00+00:00,264.0
2025-05-27 05:00:00+00:00,1008.0
2025-05-27 06:00:00+00:00,1676.0
2025-05-27 07:00:00+00:00,2673.0
2025-05-27 08:00:00+00:00,4092.0
2025-05-27 09:00:00+00:00,6143.0
2025-05-27 10:00:00+00:00,8109.0
2025-05-27 11:00:00+00:00,11724.0
2025-05-27 12:00:00+00:00,12207.0
2025-05-27 13:00:00+00:00,10611.0
2025-05-27 14:00:00+00:00,5386.0
2025-05-27 15:00:00+00:00,1971.0
2025-05-27 16:00:00+00:00,1259.0
2025-05-27 17:00:00+00:00,729.0
2025-05-27 18:00:00+00:00,424.0
2025-05-27 19:00:00+00:00,108.0
2025-05-27 20:00:00+00:00,0.0
2025-05-27 21:00:00+00:00,0.0
2025-05-27 22:00:00+00:00,0.0
2025-05-27 23:00:00+00:00,0.0
2025-05-28 00:00:00+00:00,0.0
2025-05-28 01:00:00+00:00,0.0
2025-05-28 02:00:00+00:00,0.0
2025-05-28 03:00:00+00:00,7.0
2025-05-28 04:00:00+00:00,235.0
2025-05-28 05:00:00+00:00,1255.0
2025-05-28 06:00:00+00:00,2998.0
2025-05-28 07:00:00+00:00,4612.0
2025-05-28 08:00:00+00:00,6416.0
2025-05-28 09:00:00+00:00,9130.0
2025-05-28 10:00:00+00:00,10486.0
2025-05-28 11:00:00+00:00,12955.0
2025-05-28 12:00:00+00:00,12325.0
2025-05-28 13:00:00+00:00,13138.0
2025-05-28 14:00:00+00:00,11957.0
2025-05-28 15:00:00+00:00,11892.0
2025-05-28 16:00:00+00:00,8763.0
2025-05-28 17:00:00+00:00,5655.0
2025-05-28 18:00:00+00:00,2469.0
2025-05-28 19:00:00+00:00,398.0
2025-05-28 20:00:00+00:00,0.0
2025-05-28 21:00:00+00:00,0.0
2025-05-28 22:00:00+00:00,0.0
2025-05-28 23:00:00+00:00,0.0
2025-05-29 00:00:00+00:00,0.0
2025-05-29 01:00:00+00:00,0.0
2025-05-29 02:00:00+00:00,0.0
2025-05-29 03:00:00+00:00,40.0
2025-05-29 04:00:00+00:00,563.0
2025-05-29 05:00:00+00:00,1920.0
2025-05-29 06:00:00+00:00,2420.0
2025-05-29 07:00:00+00:00,3353.0
2025-05-29 08:00:00+00:00,5006.0
2025-05-29 09:00:00+00:00,6202.0
2025-05-29 10:00:00+00:00,6171.0
2025-05-29 11:00:00+00:00,6100.0
2025-05-29 12:00:00+00:00,6239.0
2025-05-29 13:00:00+00:00,7755.0
2025-05-29 14:00:00+00:00,7397.0
2025-05-29 15:00:00+00:00,5911.0
2025-05-29 16:00:00+00:00,5107.0
2025-05-29 17:00:00+00:00,2922.0
2025-05-29 18:00:00+00:00,1525.0
2025-05-29 19:00:00+00:00,362.0
2025-05-29 20:00:00+00:00,0.0
2025-05-29 21:00:00+00:00,0.0
2025-05-29 22:00:00+00:00,0.0
2025-05-29 23:00:00+00:00,0.0
2025-05-30 00:00:00+00:00,0.0
2025-05-30 01:00:00+00:00,0.0
2025-05-30 02:00:00+00:00,0.0
2025-05-30 03:00:00+00:00,30.0
2025-05-30 04:00:00+00:00,731.0
2025-05-30 05:00:00+00:00,2678.0
2025-05-30 06:00:00+00:00,5031.0
2025-05-30 07:00:00+00:00,7681.0
2025-05-30 08:00:00+00:00,9986.0
2025-05-30 09:00:00+00:00,13184.0
2025-05-30 10:00:00+00:00,15630.0
2025-05-30 11:00:00+00:00,17825.0
2025-05-30 12:00:00+00:00,17959.0
2025-05-30 13:00:00+00:00,16794.0
2025-05-30 14:00:00+00:00,13524.0
2025-05-30 15:00:00+00:00,11423.0
2025-05-30 16:00:00+00:00,8399.0
2025-05-30 17:00:00+00:00,5236.0
2025-05-30 18:00:00+00:00,2278.0
2025-05-30 19:00:00+00:00,407.0
2025-05-30 20:00:00+00:00,0.0
2025-05-30 21:00:00+00:00,0.0
2025-05-30 22:00:00+00:00,0.0
2025-05-30 23:00:00+00:00,0.0
2025-05-31 00:00:00+00:00,0.0
2025-05-31 01:00:00+00:00,0.0
2025-05-31 02:00:00+00:00,0.0
2025-05-31 03:00:00+00:00,49.0
2025-05-31 04:00:00+00:00,807.0
2025-05-31 05:00:00+00:00,2799.0
2025-05-31 06:00:00+00:00,6144.0
2025-05-31 07:00:00+00:00,10003.0
2025-05-31 08:00:00+00:00,13081.0
2025-05-31 09:00:00+00:00,14519.0
2025-05-31 10:00:00+00:00,15180.0
2025-05-31 11:00:00+00:00,16029.0
2025-05-31 12:00:00+00:00,17908.0
2025-05-31 13:00:00+00:00,17883.0
2025-05-31 14:00:00+00:00,16006.0
2025-05-31 15:00:00+00:00,12028.0
2025-05-31 16:00:00+00:00,8724.0
2025-05-31 17:00:00+00:00,4258.0
2025-05-31 18:00:00+00:00,1715.0
2025-05-31 19:00:00+00:00,227.0
2025-05-31 20:00:00+00:00,0.0
2025-05-31 21:00:00+00:00,0.0
2025-05-31 22:00:00+00:00,0.0
2025-05-31 23:00:00+00:00,0.0
2025-06-01 00:00:00+00:00,0.0
2025-06-01 01:00:00+00:00,0.0
2025-06-01 02:00:00+00:00,0.0
2025-06-01 03:00:00+00:00,18.0
2025-06-01 04:00:00+00:00,756.0
2025-06-01 05:00:00+00:00,2670.0
2025-06-01 06:00:00+00:00,5038.0
2025-06-01 07:00:00+00:00,7450.0
2025-06-01 08:00:00+00:00,9798.0
2025-06-01 09:00:00+00:00,10668.0
2025-06-01 10:00:00+00:00,12212.0
2025-06-01 11:00:00+00:00,12294.0
2025-06-01 12:00:00+00:00,12221.0
2025-06-01 13:00:00+00:00,11213.0
2025-06-01 14:00:00+00:00,11458.0
2025-06-01 15:00:00+00:00,9859.0
2025-06-01 16:00:00+00:00,8240.0
2025-06-01 17:00:00+00:00,4847.0
2025-06-01 18:00:00+00:00,1994.0
2025-06-01 19:00:00+00:00,568.0
2025-06-01 20:00:00+00:00,0.0
2025-06-01 21:00:00+00:00,0.0
2025-06-01 22:00:00+00:00,0.0
2025-06-01 23:00:00+00:00,0.0
2025-06-02 00:00:00+00:00,0.0
2025-06-02 01:00:00+00:00,0.0
2025-06-02 02:00:00+00:00,0.0
2025-06-02 03:00:00+00:00,24.0
2025-06-02 04:00:00+00:00,649.0
2025-06-02 05:00:00+00:00,2372.0
2025-06-02 06:00:00+00:00,5507.0
2025-06-02 07:00:00+00:00,8661.0
2025-06-02 08:00:00+00:00,12538.0
2025-06-02 09:00:00+00:00,14208.0
2025-06-02 10:00:00+00:00,15751.0
2025-06-02 11:00:00+00:00,15284.0
2025-06-02 12:00:00+00:00,15588.0
2025-06-02 13:00:00+00:00,16110.0
2025-06-02 14:00:00+00:00,15137.0
2025-06-02 15:00:00+00:00,13237.0
2025-06-02 16:00:00+00:00,9188.0
2025-06-02 17:00:00+00:00,6264.0
2025-06-02 18:00:00+00:00,2858.0
2025-06-02 19:00:00+00:00,542.0
2025-06-02 20:00:00+00:00,0.0
2025-06-02 21:00:00+00:00,0.0
2025-06-02 22:00:00+00:00,0.0
2025-06-02 23:00:00+00:00,0.0
2025-06-03 00:00:00+00:00,0.0
2025-06-03 01:00:00+00:00,0.0
2025-06-03 02:00:00+00:00,0.0
2025-06-03 03:00:00+00:00,57.0
2025-06-03 04:00:00+00:00,1144.0
2025-06-03 05:00:00+00:00,3752.0
2025-06-03 06:00:00+00:00,7176.0
2025-06-03 07:00:00+00:00,9828.0
2025-06-03 08:00:00+00:00,13736.0
2025-06-03 09:00:00+00:00,15546.0
2025-06-03 10:00:00+00:00,16417.0
2025-06-03 11:00:00+00:00,17505.0
2025-06-03 12:00:00+00:00,17553.0
2025-06-03 13:00:00+00:00,15192.0
2025-06-03 14:00:00+00:00,11876.0
2025-06-03 15:00:00+00:00,8030.0
2025-06-03 16:00:00+00:00,5467.0
2025-06-03 17:00:00+00:00,3242.0
2025-06-03 18:00:00+00:00,1284.0
2025-06-03 19:00:00+00:00,250.0
2025-06-03 20:00:00+00:00,0.0
2025-06-03 21:00:00+00:00,0.0
2025-06-03 22:00:00+00:00,0.0
2025-06-03 23:00:00+00:00,0.0
2025-06-04 00:00:00+00:00,0.0
2025-06-04 01:00:00+00:00,0.0
2025-06-04 02:00:00+00:00,0.0
2025-06-04 03:00:00+00:00,19.0
2025-06-04 04:00:00+00:00,430.0
2025-06-04 05:00:00+00:00,1485.0
2025-06-04 06:00:00+00:00,3207.0
2025-06-04 07:00:00+00:00,5224.0
2025-06-04 08:00:00+00:00,7851.0
2025-06-04 09:00:00+00:00,8924.0
2025-06-04 10:00:00+00:00,10692.0
2025-06-04 11:00:00+00:00,11243.0
2025-06-04 12:00:00+00:00,12506.0
2025-06-04 13:00:00+00:00,14196.0
2025-06-04 14:00:00+00:00,12808.0
2025-06-04 15:00:00+00:00,9140.0
2025-06-04 16:00:00+00:00,6890.0
2025-06-04 17:00:00+00:00,3493.0
2025-06-04 18:00:00+00:00,1494.0
2025-06-04 19:00:00+00:00,344.0
2025-06-04 20:00:00+00:00,0.0
2025-06-04 21:00:00+00:00,0.0
2025-06-04 22:00:00+00:00,0.0
2025-06-04 23:00:00+00:00,0.0
2025-06-05 00:00:00+00:00,0.0
2025-06-05 01:00:00+00:00,0.0
2025-06-05 02:00:00+00:00,0.0
2025-06-05 03:00:00+00:00,32.0
2025-06-05 04:00:00+00:00,498.0
2025-06-05 05:00:00+00:00,1709.0
2025-06-05 06:00:00+00:00,4118.0
2025-06-05 07:00:00+00:00,6996.0
2025-06-05 08:00:00+00:00,9285.0
2025-06-05 09:00:00+00:00,9169.0
2025-06-05 10:00:00+00:00,7114.0
2025-06-05 11:00:00+00:00,6415.0
2025-06-05 12:00:00+00:00,8693.0
2025-06-05 13:00:00+00:00,11471.0
2025-06-05 14:00:00+00:00,11245.0
2025-06-05 15:00:00+00:00,8533.0
2025-06-05 16:00:00+00:00,5649.0
2025-06-05 17:00:00+00:00,2180.0
2025-06-05 18:00:00+00:00,997.0
2025-06-05 19:00:00+00:00,152.0
2025-06-05 20:00:00+00:00,0.0
2025-06-05 21:00:00+00:00,0.0
2025-06-05 22:00:00+00:00,0.0
2025-06-05 23:00:00+00:00,0.0
2025-06-06 00:00:00+00:00,0.0
2025-06-06 01:00:00+00:00,0.0
2025-06-06 02:00:00+00:00,0.0
2025-06-06 03:00:00+00:00,12.0
2025-06-06 04:00:00+00:00,528.0
2025-06-06 05:00:00+00:00,2323.0
2025-06-06 06:00:00+00:00,5238.0
2025-06-06 07:00:00+00:00,8550.0
2025-06-06 08:00:00+00:00,11808.0
2025-06-06 09:00:00+00:00,14228.0
2025-06-06 10:00:00+00:00,16195.0
2025-06-06 11:00:00+00:00,16499.0
2025-06-06 12:00:00+00:00,16943.0
2025-06-06 13:00:00+00:00,13741.0
2025-06-06 14:00:00+00:00,10185.0
2025-06-06 15:00:00+00:00,7866.0
2025-06-06 16:00:00+00:00,5435.0
2025-06-06 17:00:00+00:00,3202.0
2025-06-06 18:00:00+00:00,1685.0
2025-06-06 19:00:00+00:00,445.0
2025-06-06 20:00:00+00:00,0.0
2025-06-06 21:00:00+00:00,0.0
2025-06-06 22:00:00+00:00,0.0
2025-06-06 23:00:00+00:00,0.0
2025-06-07 00:00:00+00:00,0.0
2025-06-07 01:00:00+00:00,0.0
2025-06-07 02:00:00+00:00,0.0
2025-06-07 03:00:00+00:00,19.0
2025-06-07 04:00:00+00:00,414.0
2025-06-07 05:00:00+00:00,1165.0
2025-06-07 06:00:00+00:00,2288.0
2025-06-07 07:00:00+00:00,3939.0
2025-06-07 08:00:00+00:00,5798.0
2025-06-07 09:00:00+00:00,8542.0
2025-06-07 10:00:00+00:00,9526.0
2025-06-07 11:00:00+00:00,9474.0
2025-06-07 12:00:00+00:00,11175.0
2025-06-07 13:00:00+00:00,11161.0
2025-06-07 14:00:00+00:00,9940.0
2025-06-07 15:00:00+00:00,9210.0
2025-06-07 16:00:00+00:00,6352.0
2025-06-07 17:00:00+00:00,3990.0
2025-06-07 18:00:00+00:00,1462.0
2025-06-07 19:00:00+00:00,258.0
2025-06-07 20:00:00+00:00,0.0
2025-06-07 21:00:00+00:00,0.0
2025-06-07 22:00:00+00:00,0.0
2025-06-07 23:00:00+00:00,0.0
2025-06-08 00:00:00+00:00,0.0
2025-06-08 01:00:00+00:00,0.0
2025-06-08 02:00:00+00:00,0.0
2025-06-08 03:00:00+00:00,15.0
2025-06-08 04:00:00+00:00,326.0
2025-06-08 05:00:00+00:00,1196.0
2025-06-08 06:00:00+00:00,2881.0
2025-06-08 07:00:00+00:00,4900.0
2025-06-08 08:00:00+00:00,6881.0
2025-06-08 09:00:00+00:00,9367.0
2025-06-08 10:00:00+00:00,11306.0
2025-06-08 11:00:00+00:00,11356.0
2025-06-08 12:00:00+00:00,12081.0
2025-06-08 13:00:00+00:00,11863.0
2025-06-08 14:00:00+00:00,10329.0
2025-06-08 15:00:00+00:00,8805.0
2025-06-08 16:00:00+00:00,7117.0
2025-06-08 17:00:00+00:00,5044.0
2025-06-08 18:00:00+00:00,2160.0
2025-06-08 19:00:00+00:00,459.0
2025-06-08 20:00:00+00:00,0.0
2025-06-08 21:00:00+00:00,0.0
2025-06-08 22:00:00+00:00,0.0
2025-06-08 23:00:00+00:00,0.0
2025-06-09 00:00:00+00:00,0.0
2025-06-09 01:00:00+00:00,0.0
2025-06-09 02:00:00+00:00,0.0
2025-06-09 03:00:00+00:00,26.0
2025-06-09 04:00:00+00:00,725.0
2025-06-09 05:00:00+00:00,2719.0
2025-06-09 06:00:00+00:00,5845.0
2025-06-09 07:00:00+00:00,9291.0
2025-06-09 08:00:00+00:00,12220.0
2025-06-09 09:00:00+00:00,14236.0
2025-06-09 10:00:00+00:00,13897.0
2025-06-09 11:00:00+00:00,14386.0
2025-06-09 12:00:00+00:00,13208.0
2025-06-09 13:00:00+00:00,13177.0
2025-06-09 14:00:00+00:00,12269.0
2025-06-09 15:00:00+00:00,10587.0
2025-06-09 16:00:00+00:00,8618.0
2025-06-09 17:00:00+00:00,4777.0
2025-06-09 18:00:00+00:00,1904.0
2025-06-09 19:00:00+00:00,413.0
2025-06-09 20:00:00+00:00,0.0
2025-06-09 21:00:00+00:00,0.0
2025-06-09 22:00:00+00:00,0.0
2025-06-09 23:00:00+00:00,0.0
2025-06-10 00:00:00+00:00,0.0
2025-06-10 01:00:00+00:00,0.0
2025-06-10 02:00:00+00:00,0.0
2025-06-10 03:00:00+00:00,17.0
2025-06-10 04:00:00+00:00,354.0
2025-06-10 05:00:00+00:00,1166.0
2025-06-10 06:00:00+00:00,2572.0
2025-06-10 07:00:00+00:00,3675.0
2025-06-10 08:00:00+00:00,4634.0
2025-06-10 09:00:00+00:00,4745.0
2025-06-10 10:00:00+00:00,5578.0
2025-06-10 11:00:00+00:00,5938.0
2025-06-10 12:00:00+00:00,7092.0
2025-06-10 13:00:00+00:00,8500.0
2025-06-10 14:00:00+00:00,9373.0
2025-06-10 15:00:00+00:00,9077.0
2025-06-10 16:00:00+00:00,7673.0
2025-06-10 17:00:00+00:00,5455.0
2025-06-10 18:00:00+00:00,2506.0
2025-06-10 19:00:00+00:00,572.0
2025-06-10 20:00:00+00:00,0.0
2025-06-10 21:00:00+00:00,0.0
2025-06-10 22:00:00+00:00,0.0
2025-06-10 23:00:00+00:00,0.0
2025-06-11 00:00:00+00:00,0.0
2025-06-11 01:00:00+00:00,0.0
2025-06-11 02:00:00+00:00,0.0
2025-06-11 03:00:00+00:00,47.0
2025-06-11 04:00:00+00:00,904.0
2025-06-11 05:00:00+00:00,3215.0
2025-06-11 06:00:00+00:00,6798.0
2025-06-11 07:00:00+00:00,9313.0
2025-06-11 08:00:00+00:00,12120.0
2025-06-11 09:00:00+00:00,13899.0
2025-06-11 10:00:00+00:00,16187.0
2025-06-11 11:00:00+00:00,18503.0
2025-06-11 12:00:00+00:00,20363.0
2025-06-11 13:00:00+00:00,20263.0
2025-06-11 14:00:00+00:00,17748.0
2025-06-11 15:00:00+00:00,14475.0
2025-06-11 16:00:00+00:00,10458.0
2025-06-11 17:00:00+00:00,6554.0
2025-06-11 18:00:00+00:00,2938.0
2025-06-11 19:00:00+00:00,620.0
2025-06-11 20:00:00+00:00,0.0
2025-06-11 21:00:00+00:00,0.0
2025-06-11 22:00:00+00:00,0.0
2025-06-11 23:00:00+00:00,0.0
2025-06-12 00:00:00+00:00,0.0
2025-06-12 01:00:00+00:00,0.0
2025-06-12 02:00:00+00:00,0.0
2025-06-12 03:00:00+00:00,57.0
2025-06-12 04:00:00+00:00,1099.0
2025-06-12 05:00:00+00:00,3821.0
2025-06-12 06:00:00+00:00,7701.0
2025-06-12 07:00:00+00:00,12016.0
2025-06-12 08:00:00+00:00,15986.0
2025-06-12 09:00:00+00:00,19391.0
2025-06-12 10:00:00+00:00,21700.0
2025-06-12 11:00:00+00:00,22816.0
2025-06-12 12:00:00+00:00,22564.0
2025-06-12 13:00:00+00:00,20562.0
2025-06-12 14:00:00+00:00,18169.0
2025-06-12 15:00:00+00:00,14318.0
2025-06-12 16:00:00+00:00,10321.0
2025-06-12 17:00:00+00:00,6230.0
2025-06-12 18:00:00+00:00,2833.0
2025-06-12 19:00:00+00:00,617.0
2025-06-12 20:00:00+00:00,0.0
2025-06-12 21:00:00+00:00,0.0
2025-06-12 22:00:00+00:00,0.0
2025-06-12 23:00:00+00:00,0.0
2025-06-13 00:00:00+00:00,0.0
2025-06-13 01:00:00+00:00,0.0
2025-06-13 02:00:00+00:00,0.0
2025-06-13 03:00:00+00:00,53.0
2025-06-13 04:00:00+00:00,970.0
2025-06-13 05:00:00+00:00,3338.0
2025-06-13 06:00:00+00:00,7125.0
2025-06-13 07:00:00+00:00,11182.0
2025-06-13 08:00:00+00:00,14700.0
2025-06-13 09:00:00+00:00,17511.0
2025-06-13 10:00:00+00:00,19921.0
2025-06-13 11:00:00+00:00,20832.0
2025-06-13 12:00:00+00:00,21206.0
2025-06-13 13:00:00+00:00,19888.0
2025-06-13 14:00:00+00:00,16913.0
2025-06-13 15:00:00+00:00,14090.0
2025-06-13 16:00:00+00:00,10080.0
2025-06-13 17:00:00+00:00,6139.0
2025-06-13 18:00:00+00:00,2660.0
2025-06-13 19:00:00+00:00,571.0
2025-06-13 20:00:00+00:00,0.0
2025-06-13 21:00:00+00:00,0.0
2025-06-13 22:00:00+00:00,0.0
2025-06-13 23:00:00+00:00,0.0
2025-06-14 00:00:00+00:00,0.0
2025-06-14 01:00:00+00:00,0.0
2025-06-14 02:00:00+00:00,0.0
2025-06-14 03:00:00+00:00,40.0
2025-06-14 04:00:00+00:00,680.0
2025-06-14 05:00:00+00:00,2728.0
2025-06-14 06:00:00+00:00,5721.0
2025-06-14 07:00:00+00:00,9576.0
2025-06-14 08:00:00+00:00,13735.0
2025-06-14 09:00:00+00:00,15506.0
2025-06-14 10:00:00+00:00,14476.0
2025-06-14 11:00:00+00:00,13639.0
2025-06-14 12:00:00+00:00,10225.0
2025-06-14 13:00:00+00:00,8397.0
2025-06-14 14:00:00+00:00,6627.0
2025-06-14 15:00:00+00:00,7889.0
2025-06-14 16:00:00+00:00,6492.0
2025-06-14 17:00:00+00:00,4099.0
2025-06-14 18:00:00+00:00,2193.0
2025-06-14 19:00:00+00:00,565.0
2025-06-14 20:00:00+00:00,18.0
2025-06-14 21:00:00+00:00,0.0
2025-06-14 22:00:00+00:00,0.0
2025-06-14 23:00:00+00:00,0.0
2025-06-15 00:00:00+00:00,0.0
2025-06-15 01:00:00+00:00,0.0
2025-06-15 02:00:00+00:00,0.0
2025-06-15 03:00:00+00:00,49.0
2025-06-15 04:00:00+00:00,436.0
2025-06-15 05:00:00+00:00,1478.0
2025-06-15 06:00:00+00:00,4108.0
2025-06-15 07:00:00+00:00,7318.0
2025-06-15 08:00:00+00:00,10210.0
2025-06-15 09:00:00+00:00,13942.0
2025-06-15 10:00:00+00:00,17331.0
2025-06-15 11:00:00+00:00,18109.0
2025-06-15 12:00:00+00:00,18805.0
2025-06-15 13:00:00+00:00,16308.0
2025-06-15 14:00:00+00:00,15055.0
2025-06-15 15:00:00+00:00,13982.0
2025-06-15 16:00:00+00:00,10087.0
2025-06-15 17:00:00+00:00,6352.0
2025-06-15 18:00:00+00:00,3062.0
2025-06-15 19:00:00+00:00,686.0
2025-06-15 20:00:00+00:00,3.0
2025-06-15 21:00:00+00:00,0.0
2025-06-15 22:00:00+00:00,0.0
2025-06-15 23:00:00+00:00,0.0
2025-06-16 00:00:00+00:00,0.0
2025-06-16 01:00:00+00:00,0.0
2025-06-16 02:00:00+00:00,0.0
2025-06-16 03:00:00+00:00,64.0
2025-06-16 04:00:00+00:00,1068.0
2025-06-16 05:00:00+00:00,3563.0
2025-06-16 06:00:00+00:00,7094.0
2025-06-16 07:00:00+00:00,10530.0
2025-06-16 08:00:00+00:00,12546.0
2025-06-16 09:00:00+00:00,14757.0
2025-06-16 10:00:00+00:00,16056.0
2025-06-16 11:00:00+00:00,15955.0
2025-06-16 12:00:00+00:00,18201.0
2025-06-16 13:00:00+00:00,18459.0
2025-06-16 14:00:00+00:00,17217.0
2025-06-16 15:00:00+00:00,14117.0
2025-06-16 16:00:00+00:00,10706.0
2025-06-16 17:00:00+00:00,6539.0
2025-06-16 18:00:00+00:00,3189.0
2025-06-16 19:00:00+00:00,772.0
2025-06-16 20:00:00+00:00,2.0
2025-06-16 21:00:00+00:00,0.0
2025-06-16 22:00:00+00:00,0.0
2025-06-16 23:00:00+00:00,0.0
2025-06-17 00:00:00+00:00,0.0
2025-06-17 01:00:00+00:00,0.0
2025-06-17 02:00:00+00:00,0.0
2025-06-17 03:00:00+00:00,57.0
2025-06-17 04:00:00+00:00,1115.0
2025-06-17 05:00:00+00:00,3814.0
2025-06-17 06:00:00+00:00,7549.0
2025-06-17 07:00:00+00:00,11996.0
2025-06-17 08:00:00+00:00,15844.0
2025-06-17 09:00:00+00:00,19238.0
2025-06-17 10:00:00+00:00,21424.0
2025-06-17 11:00:00+00:00,22267.0
2025-06-17 12:00:00+00:00,21265.0
2025-06-17 13:00:00+00:00,18070.0
2025-06-17 14:00:00+00:00,14558.0
2025-06-17 15:00:00+00:00,11624.0
2025-06-17 16:00:00+00:00,8370.0
2025-06-17 17:00:00+00:00,5478.0
2025-06-17 18:00:00+00:00,3138.0
2025-06-17 19:00:00+00:00,1037.0
2025-06-17 20:00:00+00:00,19.0
2025-06-17 21:00:00+00:00,0.0
2025-06-17 22:00:00+00:00,0.0
2025-06-17 23:00:00+00:00,0.0
2025-06-18 00:00:00+00:00,0.0
2025-06-18 01:00:00+00:00,0.0
2025-06-18 02:00:00+00:00,0.0
2025-06-18 03:00:00+00:00,71.0
2025-06-18 04:00:00+00:00,1135.0
2025-06-18 05:00:00+00:00,3533.0
2025-06-18 06:00:00+00:00,6844.0
2025-06-18 07:00:00+00:00,10799.0
2025-06-18 08:00:00+00:00,14927.0
2025-06-18 09:00:00+00:00,18089.0
2025-06-18 10:00:00+00:00,19750.0
2025-06-18 11:00:00+00:00,20155.0
2025-06-18 12:00:00+00:00,19001.0
2025-06-18 13:00:00+00:00,18956.0
2025-06-18 14:00:00+00:00,16764.0
2025-06-18 15:00:00+00:00,13847.0
2025-06-18 16:00:00+00:00,10627.0
2025-06-18 17:00:00+00:00,6860.0
2025-06-18 18:00:00+00:00,3383.0
2025-06-18 19:00:00+00:00,804.0
2025-06-18 20:00:00+00:00,0.0
2025-06-18 21:00:00+00:00,0.0
2025-06-18 22:00:00+00:00,0.0
2025-06-18 23:00:00+00:00,0.0
2025-06-19 00:00:00+00:00,0.0
2025-06-19 01:00:00+00:00,0.0
2025-06-19 02:00:00+00:00,0.0
2025-06-19 03:00:00+00:00,69.0
2025-06-19 04:00:00+00:00,1178.0
2025-06-19 05:00:00+00:00,3717.0
2025-06-19 06:00:00+00:00,6899.0
2025-06-19 07:00:00+00:00,10789.0
2025-06-19 08:00:00+00:00,14415.0
2025-06-19 09:00:00+00:00,17363.0
2025-06-19 10:00:00+00:00,18509.0
2025-06-19 11:00:00+00:00,19922.0
2025-06-19 12:00:00+00:00,19890.0
2025-06-19 13:00:00+00:00,17588.0
2025-06-19 14:00:00+00:00,16463.0
2025-06-19 15:00:00+00:00,13812.0
2025-06-19 16:00:00+00:00,10302.0
2025-06-19 17:00:00+00:00,6604.0
2025-06-19 18:00:00+00:00,3361.0
2025-06-19 19:00:00+00:00,804.0
2025-06-19 20:00:00+00:00,1.0
2025-06-19 21:00:00+00:00,0.0
2025-06-19 22:00:00+00:00,0.0
2025-06-19 23:00:00+00:00,0.0
2025-06-20 00:00:00+00:00,0.0
2025-06-20 01:00:00+00:00,0.0
2025-06-20 02:00:00+00:00,0.0
2025-06-20 03:00:00+00:00,65.0
2025-06-20 04:00:00+00:00,1202.0
2025-06-20 05:00:00+00:00,3999.0
2025-06-20 06:00:00+00:00,7871.0
2025-06-20 07:00:00+00:00,12134.0
2025-06-20 08:00:00+00:00,16052.0
2025-06-20 09:00:00+00:00,19239.0
2025-06-20 10:00:00+00:00,21585.0
2025-06-20 11:00:00+00:00,22140.0
2025-06-20 12:00:00+00:00,22593.0
2025-06-20 13:00:00+00:00,20883.0
2025-06-20 14:00:00+00:00,18289.0
2025-06-20 15:00:00+00:00,14871.0
2025-06-20 16:00:00+00:00,10031.0
2025-06-20 17:00:00+00:00,5259.0
2025-06-20 18:00:00+00:00,2558.0
2025-06-20 19:00:00+00:00,632.0
2025-06-20 20:00:00+00:00,9.0
2025-06-20 21:00:00+00:00,0.0
2025-06-20 22:00:00+00:00,0.0
2025-06-20 23:00:00+00:00,0.0
2025-06-21 00:00:00+00:00,0.0
2025-06-21 01:00:00+00:00,0.0
2025-06-21 02:00:00+00:00,0.0
2025-06-21 03:00:00+00:00,62.0
2025-06-21 04:00:00+00:00,1140.0
2025-06-21 05:00:00+00:00,3814.0
2025-06-21 06:00:00+00:00,7701.0
2025-06-21 07:00:00+00:00,11984.0
2025-06-21 08:00:00+00:00,15929.0
2025-06-21 09:00:00+00:00,19255.0
2025-06-21 10:00:00+00:00,21623.0
2025-06-21 11:00:00+00:00,22796.0
2025-06-21 12:00:00+00:00,22645.0
2025-06-21 13:00:00+00:00,21190.0
2025-06-21 14:00:00+00:00,18656.0
2025-06-21 15:00:00+00:00,15115.0
2025-06-21 16:00:00+00:00,11050.0
2025-06-21 17:00:00+00:00,6823.0
2025-06-21 18:00:00+00:00,3200.0
2025-06-21 19:00:00+00:00,695.0
2025-06-21 20:00:00+00:00,0.0
2025-06-21 21:00:00+00:00,0.0
2025-06-21 22:00:00+00:00,0.0
2025-06-21 23:00:00+00:00,0.0
2025-06-22 00:00:00+00:00,0.0
2025-06-22 01:00:00+00:00,0.0
2025-06-22 02:00:00+00:00,0.0
2025-06-22 03:00:00+00:00,61.0
2025-06-22 04:00:00+00:00,1130.0
2025-06-22 05:00:00+00:00,3722.0
2025-06-22 06:00:00+00:00,7401.0
2025-06-22 07:00:00+00:00,10812.0
2025-06-22 08:00:00+00:00,13078.0
2025-06-22 09:00:00+00:00,12336.0
2025-06-22 10:00:00+00:00,10396.0
2025-06-22 11:00:00+00:00,9987.0
2025-06-22 12:00:00+00:00,8260.0
2025-06-22 13:00:00+00:00,9303.0
2025-06-22 14:00:00+00:00,12960.0
2025-06-22 15:00:00+00:00,12460.0
2025-06-22 16:00:00+00:00,8041.0
2025-06-22 17:00:00+00:00,4927.0
2025-06-22 18:00:00+00:00,2050.0
2025-06-22 19:00:00+00:00,644.0
2025-06-22 20:00:00+00:00,20.0
2025-06-22 21:00:00+00:00,0.0
2025-06-22 22:00:00+00:00,0.0
2025-06-22 23:00:00+00:00,0.0
2025-06-23 00:00:00+00:00,0.0
2025-06-23 01:00:00+00:00,0.0
2025-06-23 02:00:00+00:00,0.0
2025-06-23 03:00:00+00:00,43.0
2025-06-23 04:00:00+00:00,639.0
2025-06-23 05:00:00+00:00,1723.0
2025-06-23 06:00:00+00:00,2890.0
2025-06-23 07:00:00+00:00,5142.0
2025-06-23 08:00:00+00:00,8118.0
2025-06-23 09:00:00+00:00,10175.0
2025-06-23 10:00:00+00:00,14714.0
2025-06-23 11:00:00+00:00,18030.0
2025-06-23 12:00:00+00:00,19194.0
2025-06-23 13:00:00+00:00,18885.0
2025-06-23 14:00:00+00:00,16033.0
2025-06-23 15:00:00+00:00,12631.0
2025-06-23 16:00:00+00:00,9135.0
2025-06-23 17:00:00+00:00,5177.0
2025-06-23 18:00:00+00:00,2351.0
2025-06-23 19:00:00+00:00,498.0
2025-06-23 20:00:00+00:00,5.0
2025-06-23 21:00:00+00:00,0.0
2025-06-23 22:00:00+00:00,0.0
2025-06-23 23:00:00+00:00,0.0
2025-06-24 00:00:00+00:00,0.0
2025-06-24 01:00:00+00:00,0.0
2025-06-24 02:00:00+00:00,0.0
2025-06-24 03:00:00+00:00,41.0
2025-06-24 04:00:00+00:00,838.0
2025-06-24 05:00:00+00:00,2448.0
2025-06-24 06:00:00+00:00,4413.0
2025-06-24 07:00:00+00:00,7000.0
2025-06-24 08:00:00+00:00,8885.0
2025-06-24 09:00:00+00:00,10586.0
2025-06-24 10:00:00+00:00,10212.0
2025-06-24 11:00:00+00:00,8953.0
2025-06-24 12:00:00+00:00,5769.0
2025-06-24 13:00:00+00:00,5457.0
2025-06-24 14:00:00+00:00,5709.0
2025-06-24 15:00:00+00:00,5669.0
2025-06-24 16:00:00+00:00,6251.0
2025-06-24 17:00:00+00:00,4865.0
2025-06-24 18:00:00+00:00,2665.0
2025-06-24 19:00:00+00:00,580.0
2025-06-24 20:00:00+00:00,6.0
2025-06-24 21:00:00+00:00,0.0
2025-06-24 22:00:00+00:00,0.0
2025-06-24 23:00:00+00:00,0.0
2025-06-25 00:00:00+00:00,0.0
2025-06-25 01:00:00+00:00,0.0
2025-06-25 02:00:00+00:00,0.0
2025-06-25 03:00:00+00:00,38.0
2025-06-25 04:00:00+00:00,843.0
2025-06-25 05:00:00+00:00,3155.0
2025-06-25 06:00:00+00:00,5783.0
2025-06-25 07:00:00+00:00,7599.0
2025-06-25 08:00:00+00:00,9168.0
2025-06-25 09:00:00+00:00,10455.0
2025-06-25 10:00:00+00:00,12652.0
2025-06-25 11:00:00+00:00,15237.0
2025-06-25 12:00:00+00:00,16244.0
2025-06-25 13:00:00+00:00,16967.0
2025-06-25 14:00:00+00:00,16103.0
2025-06-25 15:00:00+00:00,13279.0
2025-06-25 16:00:00+00:00,8363.0
2025-06-25 17:00:00+00:00,5180.0
2025-06-25 18:00:00+00:00,2777.0
2025-06-25 19:00:00+00:00,766.0
2025-06-25 20:00:00+00:00,5.0
2025-06-25 21:00:00+00:00,0.0
2025-06-25 22:00:00+00:00,0.0
2025-06-25 23:00:00+00:00,0.0
2025-06-26 00:00:00+00:00,0.0
2025-06-26 01:00:00+00:00,0.0
2025-06-26 02:00:00+00:00,0.0
2025-06-26 03:00:00+00:00,18.0
2025-06-26 04:00:00+00:00,236.0
2025-06-26 05:00:00+00:00,790.0
2025-06-26 06:00:00+00:00,1141.0
2025-06-26 07:00:00+00:00,2144.0
2025-06-26 08:00:00+00:00,4075.0
2025-06-26 09:00:00+00:00,5967.0
2025-06-26 10:00:00+00:00,8422.0
2025-06-26 11:00:00+00:00,10352.0
2025-06-26 12:00:00+00:00,10178.0
2025-06-26 13:00:00+00:00,9882.0
2025-06-26 14:00:00+00:00,8703.0
2025-06-26 15:00:00+00:00,7557.0
2025-06-26 16:00:00+00:00,4735.0
2025-06-26 17:00:00+00:00,2786.0
2025-06-26 18:00:00+00:00,2018.0
2025-06-26 19:00:00+00:00,545.0
2025-06-26 20:00:00+00:00,10.0
2025-06-26 21:00:00+00:00,0.0
2025-06-26 22:00:00+00:00,0.0
2025-06-26 23:00:00+00:00,0.0
2025-06-27 00:00:00+00:00,0.0
2025-06-27 01:00:00+00:00,0.0
2025-06-27 02:00:00+00:00,0.0
2025-06-27 03:00:00+00:00,10.0
2025-06-27 04:00:00+00:00,132.0
2025-06-27 05:00:00+00:00,509.0
2025-06-27 06:00:00+00:00,2517.0
2025-06-27 07:00:00+00:00,5541.0
2025-06-27 08:00:00+00:00,8636.0
2025-06-27 09:00:00+00:00,12118.0
2025-06-27 10:00:00+00:00,10919.0
2025-06-27 11:00:00+00:00,12487.0
2025-06-27 12:00:00+00:00,13178.0
2025-06-27 13:00:00+00:00,12735.0
2025-06-27 14:00:00+00:00,12608.0
2025-06-27 15:00:00+00:00,12801.0
2025-06-27 16:00:00+00:00,8876.0
2025-06-27 17:00:00+00:00,5316.0
2025-06-27 18:00:00+00:00,3295.0
2025-06-27 19:00:00+00:00,934.0
2025-06-27 20:00:00+00:00,4.0
2025-06-27 21:00:00+00:00,0.0
2025-06-27 22:00:00+00:00,0.0
2025-06-27 23:00:00+00:00,0.0
2025-06-28 00:00:00+00:00,0.0
2025-06-28 01:00:00+00:00,0.0
2025-06-28 02:00:00+00:00,0.0
2025-06-28 03:00:00+00:00,47.0
2025-06-28 04:00:00+00:00,1027.0
2025-06-28 05:00:00+00:00,3549.0
2025-06-28 06:00:00+00:00,6926.0
2025-06-28 07:00:00+00:00,9997.0
2025-06-28 08:00:00+00:00,11626.0
2025-06-28 09:00:00+00:00,12336.0
2025-06-28 10:00:00+00:00,11514.0
2025-06-28 11:00:00+00:00,12933.0
2025-06-28 12:00:00+00:00,13544.0
2025-06-28 13:00:00+00:00,12247.0
2025-06-28 14:00:00+00:00,11367.0
2025-06-28 15:00:00+00:00,10021.0
2025-06-28 16:00:00+00:00,8373.0
2025-06-28 17:00:00+00:00,5521.0
2025-06-28 18:00:00+00:00,2885.0
2025-06-28 19:00:00+00:00,768.0
2025-06-28 20:00:00+00:00,11.0
2025-06-28 21:00:00+00:00,0.0
2025-06-28 22:00:00+00:00,0.0
2025-06-28 23:00:00+00:00,0.0
2025-06-29 00:00:00+00:00,0.0
2025-06-29 01:00:00+00:00,0.0
2025-06-29 02:00:00+00:00,0.0
2025-06-29 03:00:00+00:00,45.0
2025-06-29 04:00:00+00:00,950.0
2025-06-29 05:00:00+00:00,3476.0
2025-06-29 06:00:00+00:00,7304.0
2025-06-29 07:00:00+00:00,11367.0
2025-06-29 08:00:00+00:00,14033.0
2025-06-29 09:00:00+00:00,17313.0
2025-06-29 10:00:00+00:00,18864.0
2025-06-29 11:00:00+00:00,20220.0
2025-06-29 12:00:00+00:00,20446.0
2025-06-29 13:00:00+00:00,19257.0
2025-06-29 14:00:00+00:00,17884.0
2025-06-29 15:00:00+00:00,15113.0
2025-06-29 16:00:00+00:00,10873.0
2025-06-29 17:00:00+00:00,6980.0
2025-06-29 18:00:00+00:00,3484.0
2025-06-29 19:00:00+00:00,881.0
2025-06-29 20:00:00+00:00,2.0
2025-06-29 21:00:00+00:00,0.0
2025-06-29 22:00:00+00:00,0.0
2025-06-29 23:00:00+00:00,0.0
2025-06-30 00:00:00+00:00,0.0
2025-06-30 01:00:00+00:00,0.0
2025-06-30 02:00:00+00:00,0.0
2025-06-30 03:00:00+00:00,51.0
2025-06-30 04:00:00+00:00,1080.0
2025-06-30 05:00:00+00:00,3714.0
2025-06-30 06:00:00+00:00,7620.0
2025-06-30 07:00:00+00:00,11928.0
2025-06-30 08:00:00+00:00,15931.0
2025-06-30 09:00:00+00:00,19267.0
2025-06-30 10:00:00+00:00,21680.0
2025-06-30 11:00:00+00:00,22727.0
2025-06-30 12:00:00+00:00,22618.0
2025-06-30 13:00:00+00:00,21376.0
2025-06-30 14:00:00+00:00,18918.0
2025-06-30 15:00:00+00:00,15509.0
2025-06-30 16:00:00+00:00,11334.0
2025-06-30 17:00:00+00:00,7118.0
2025-06-30 18:00:00+00:00,3487.0
2025-06-30 19:00:00+00:00,830.0
2025-06-30 20:00:00+00:00,1.0
2025-06-30 21:00:00+00:00,0.0
2025-06-30 22:00:00+00:00,0.0
2025-06-30 23:00:00+00:00,0.0
2025-07-01 00:00:00+00:00,0.0
2025-07-01 01:00:00+00:00,0.0
2025-07-01 02:00:00+00:00,0.0
2025-07-01 03:00:00+00:00,45.0
2025-07-01 04:00:00+00:00,1041.0
2025-07-01 05:00:00+00:00,3727.0
2025-07-01 06:00:00+00:00,7504.0
2025-07-01 07:00:00+00:00,11750.0
2025-07-01 08:00:00+00:00,15703.0
2025-07-01 09:00:00+00:00,18889.0
2025-07-01 10:00:00+00:00,21273.0
2025-07-01 11:00:00+00:00,22383.0
2025-07-01 12:00:00+00:00,21966.0
2025-07-01 13:00:00+00:00,20461.0
2025-07-01 14:00:00+00:00,18013.0
2025-07-01 15:00:00+00:00,14512.0
2025-07-01 16:00:00+00:00,10853.0
2025-07-01 17:00:00+00:00,6443.0
2025-07-01 18:00:00+00:00,2925.0
2025-07-01 19:00:00+00:00,649.0
2025-07-01 20:00:00+00:00,1.0
2025-07-01 21:00:00+00:00,0.0
2025-07-01 22:00:00+00:00,0.0
2025-07-01 23:00:00+00:00,0.0
2025-07-02 00:00:00+00:00,0.0
2025-07-02 01:00:00+00:00,0.0
2025-07-02 02:00:00+00:00,0.0
2025-07-02 03:00:00+00:00,34.0
2025-07-02 04:00:00+00:00,822.0
2025-07-02 05:00:00+00:00,2875.0
2025-07-02 06:00:00+00:00,6198.0
2025-07-02 07:00:00+00:00,10649.0
2025-07-02 08:00:00+00:00,14215.0
2025-07-02 09:00:00+00:00,17045.0
2025-07-02 10:00:00+00:00,20353.0
2025-07-02 11:00:00+00:00,21422.0
2025-07-02 12:00:00+00:00,20087.0
2025-07-02 13:00:00+00:00,17222.0
2025-07-02 14:00:00+00:00,12330.0
2025-07-02 15:00:00+00:00,8775.0
2025-07-02 16:00:00+00:00,4058.0
2025-07-02 17:00:00+00:00,2056.0
2025-07-02 18:00:00+00:00,1146.0
2025-07-02 19:00:00+00:00,505.0
2025-07-02 20:00:00+00:00,41.0
2025-07-02 21:00:00+00:00,0.0
2025-07-02 22:00:00+00:00,0.0
2025-07-02 23:00:00+00:00,0.0
2025-07-03 00:00:00+00:00,0.0
2025-07-03 01:00:00+00:00,0.0
2025-07-03 02:00:00+00:00,0.0
2025-07-03 03:00:00+00:00,32.0
2025-07-03 04:00:00+00:00,939.0
2025-07-03 05:00:00+00:00,3448.0
2025-07-03 06:00:00+00:00,6596.0
2025-07-03 07:00:00+00:00,9812.0
2025-07-03 08:00:00+00:00,13750.0
2025-07-03 09:00:00+00:00,16348.0
2025-07-03 10:00:00+00:00,18503.0
2025-07-03 11:00:00+00:00,19982.0
2025-07-03 12:00:00+00:00,20068.0
2025-07-03 13:00:00+00:00,20363.0
2025-07-03 14:00:00+00:00,18338.0
2025-07-03 15:00:00+00:00,14292.0
2025-07-03 16:00:00+00:00,10548.0
2025-07-03 17:00:00+00:00,6764.0
2025-07-03 18:00:00+00:00,3214.0
2025-07-03 19:00:00+00:00,460.0
2025-07-03 20:00:00+00:00,4.0
2025-07-03 21:00:00+00:00,0.0
2025-07-03 22:00:00+00:00,0.0
2025-07-03 23:00:00+00:00,0.0
2025-07-04 00:00:00+00:00,0.0
2025-07-04 01:00:00+00:00,0.0
2025-07-04 02:00:00+00:00,0.0
2025-07-04 03:00:00+00:00,34.0
2025-07-04 04:00:00+00:00,1029.0
2025-07-04 05:00:00+00:00,3709.0
2025-07-04 06:00:00+00:00,7478.0
2025-07-04 07:00:00+00:00,11851.0
2025-07-04 08:00:00+00:00,15855.0
2025-07-04 09:00:00+00:00,18906.0
2025-07-04 10:00:00+00:00,21154.0
2025-07-04 11:00:00+00:00,20630.0
2025-07-04 12:00:00+00:00,19434.0
2025-07-04 13:00:00+00:00,17416.0
2025-07-04 14:00:00+00:00,15372.0
2025-07-04 15:00:00+00:00,13220.0
2025-07-04 16:00:00+00:00,10668.0
2025-07-04 17:00:00+00:00,7204.0
2025-07-04 18:00:00+00:00,3305.0
2025-07-04 19:00:00+00:00,653.0
2025-07-04 20:00:00+00:00,3.0
2025-07-04 21:00:00+00:00,0.0
2025-07-04 22:00:00+00:00,0.0
2025-07-04 23:00:00+00:00,0.0
2025-07-05 00:00:00+00:00,0.0
2025-07-05 01:00:00+00:00,0.0
2025-07-05 02:00:00+00:00,0.0
2025-07-05 03:00:00+00:00,17.0
2025-07-05 04:00:00+00:00,567.0
2025-07-05 05:00:00+00:00,1978.0
2025-07-05 06:00:00+00:00,3415.0
2025-07-05 07:00:00+00:00,4539.0
2025-07-05 08:00:00+00:00,6584.0
2025-07-05 09:00:00+00:00,10207.0
2025-07-05 10:00:00+00:00,11612.0
2025-07-05 11:00:00+00:00,9438.0
2025-07-05 12:00:00+00:00,9063.0
2025-07-05 13:00:00+00:00,9591.0
2025-07-05 14:00:00+00:00,7857.0
2025-07-05 15:00:00+00:00,6520.0
2025-07-05 16:00:00+00:00,3761.0
2025-07-05 17:00:00+00:00,1822.0
2025-07-05 18:00:00+00:00,785.0
2025-07-05 19:00:00+00:00,189.0
2025-07-05 20:00:00+00:00,5.0
2025-07-05 21:00:00+00:00,0.0
2025-07-05 22:00:00+00:00,0.0
2025-07-05 23:00:00+00:00,0.0
2025-07-06 00:00:00+00:00,0.0
2025-07-06 01:00:00+00:00,0.0
2025-07-06 02:00:00+00:00,0.0
2025-07-06 03:00:00+00:00,12.0
2025-07-06 04:00:00+00:00,321.0
2025-07-06 05:00:00+00:00,1330.0
2025-07-06 06:00:00+00:00,2859.0
2025-07-06 07:00:00+00:00,4351.0
2025-07-06 08:00:00+00:00,5249.0
2025-07-06 09:00:00+00:00,5348.0
2025-07-06 10:00:00+00:00,5011.0
2025-07-06 11:00:00+00:00,3373.0
2025-07-06 12:00:00+00:00,4092.0
2025-07-06 13:00:00+00:00,4608.0
2025-07-06 14:00:00+00:00,4981.0
2025-07-06 15:00:00+00:00,5240.0
2025-07-06 16:00:00+00:00,4269.0
2025-07-06 17:00:00+00:00,2613.0
2025-07-06 18:00:00+00:00,1850.0
2025-07-06 19:00:00+00:00,716.0
2025-07-06 20:00:00+00:00,23.0
2025-07-06 21:00:00+00:00,0.0
2025-07-06 22:00:00+00:00,0.0
2025-07-06 23:00:00+00:00,0.0
2025-07-07 00:00:00+00:00,0.0
2025-07-07 01:00:00+00:00,0.0
2025-07-07 02:00:00+00:00,0.0
2025-07-07 03:00:00+00:00,11.0
2025-07-07 04:00:00+00:00,439.0
2025-07-07 05:00:00+00:00,1799.0
2025-07-07 06:00:00+00:00,3409.0
2025-07-07 07:00:00+00:00,5796.0
2025-07-07 08:00:00+00:00,7903.0
2025-07-07 09:00:00+00:00,9530.0
2025-07-07 10:00:00+00:00,10778.0
2025-07-07 11:00:00+00:00,12770.0
2025-07-07 12:00:00+00:00,13710.0
2025-07-07 13:00:00+00:00,14743.0
2025-07-07 14:00:00+00:00,12943.0
2025-07-07 15:00:00+00:00,10002.0
2025-07-07 16:00:00+00:00,7369.0
2025-07-07 17:00:00+00:00,4165.0
2025-07-07 18:00:00+00:00,1976.0
2025-07-07 19:00:00+00:00,543.0
2025-07-07 20:00:00+00:00,0.0
2025-07-07 21:00:00+00:00,0.0
2025-07-07 22:00:00+00:00,0.0
2025-07-07 23:00:00+00:00,0.0
2025-07-08 00:00:00+00:00,0.0
2025-07-08 01:00:00+00:00,0.0
2025-07-08 02:00:00+00:00,0.0
2025-07-08 03:00:00+00:00,19.0
2025-07-08 04:00:00+00:00,512.0
2025-07-08 05:00:00+00:00,1954.0
2025-07-08 06:00:00+00:00,4477.0
2025-07-08 07:00:00+00:00,8042.0
2025-07-08 08:00:00+00:00,9565.0
2025-07-08 09:00:00+00:00,12481.0
2025-07-08 10:00:00+00:00,13458.0
2025-07-08 11:00:00+00:00,14066.0
2025-07-08 12:00:00+00:00,15106.0
2025-07-08 13:00:00+00:00,12504.0
2025-07-08 14:00:00+00:00,10605.0
2025-07-08 15:00:00+00:00,8626.0
2025-07-08 16:00:00+00:00,5400.0
2025-07-08 17:00:00+00:00,3298.0
2025-07-08 18:00:00+00:00,1448.0
2025-07-08 19:00:00+00:00,516.0
2025-07-08 20:00:00+00:00,0.0
2025-07-08 21:00:00+00:00,0.0
2025-07-08 22:00:00+00:00,0.0
2025-07-08 23:00:00+00:00,0.0
2025-07-09 00:00:00+00:00,0.0
2025-07-09 01:00:00+00:00,0.0
2025-07-09 02:00:00+00:00,0.0
2025-07-09 03:00:00+00:00,16.0
2025-07-09 04:00:00+00:00,484.0
2025-07-09 05:00:00+00:00,1892.0
2025-07-09 06:00:00+00:00,5026.0
2025-07-09 07:00:00+00:00,9276.0
2025-07-09 08:00:00+00:00,11755.0
2025-07-09 09:00:00+00:00,13679.0
2025-07-09 10:00:00+00:00,16810.0
2025-07-09 11:00:00+00:00,18250.0
2025-07-09 12:00:00+00:00,20551.0
2025-07-09 13:00:00+00:00,19884.0
2025-07-09 14:00:00+00:00,17661.0
2025-07-09 15:00:00+00:00,14749.0
2025-07-09 16:00:00+00:00,11114.0
2025-07-09 17:00:00+00:00,6811.0
2025-07-09 18:00:00+00:00,3024.0
2025-07-09 19:00:00+00:00,664.0
2025-07-09 20:00:00+00:00,0.0
2025-07-09 21:00:00+00:00,0.0
2025-07-09 22:00:00+00:00,0.0
2025-07-09 23:00:00+00:00,0.0
2025-07-10 00:00:00+00:00,0.0
2025-07-10 01:00:00+00:00,0.0
2025-07-10 02:00:00+00:00,0.0
2025-07-10 03:00:00+00:00,15.0
2025-07-10 04:00:00+00:00,638.0
2025-07-10 05:00:00+00:00,2523.0
2025-07-10 06:00:00+00:00,5219.0
2025-07-10 07:00:00+00:00,8128.0
2025-07-10 08:00:00+00:00,9548.0
2025-07-10 09:00:00+00:00,11984.0
2025-07-10 10:00:00+00:00,15980.0
2025-07-10 11:00:00+00:00,15295.0
2025-07-10 12:00:00+00:00,15184.0
2025-07-10 13:00:00+00:00,16637.0
2025-07-10 14:00:00+00:00,15613.0
2025-07-10 15:00:00+00:00,13644.0
2025-07-10 16:00:00+00:00,10088.0
2025-07-10 17:00:00+00:00,6475.0
2025-07-10 18:00:00+00:00,3101.0
2025-07-10 19:00:00+00:00,693.0
2025-07-10 20:00:00+00:00,0.0
2025-07-10 21:00:00+00:00,0.0
2025-07-10 22:00:00+00:00,0.0
2025-07-10 23:00:00+00:00,0.0
2025-07-11 00:00:00+00:00,0.0
2025-07-11 01:00:00+00:00,0.0
2025-07-11 02:00:00+00:00,0.0
2025-07-11 03:00:00+00:00,13.0
2025-07-11 04:00:00+00:00,620.0
2025-07-11 05:00:00+00:00,2472.0
2025-07-11 06:00:00+00:00,4622.0
2025-07-11 07:00:00+00:00,6787.0
2025-07-11 08:00:00+00:00,8968.0
2025-07-11 09:00:00+00:00,10972.0
2025-07-11 10:00:00+00:00,12765.0
2025-07-11 11:00:00+00:00,14767.0
2025-07-11 12:00:00+00:00,15901.0
2025-07-11 13:00:00+00:00,15515.0
2025-07-11 14:00:00+00:00,14655.0
2025-07-11 15:00:00+00:00,12475.0
2025-07-11 16:00:00+00:00,8830.0
2025-07-11 17:00:00+00:00,5942.0
2025-07-11 18:00:00+00:00,3137.0
2025-07-11 19:00:00+00:00,654.0
2025-07-11 20:00:00+00:00,0.0
2025-07-11 21:00:00+00:00,0.0
2025-07-11 22:00:00+00:00,0.0
2025-07-11 23:00:00+00:00,0.0
2025-07-12 00:00:00+00:00,0.0
2025-07-12 01:00:00+00:00,0.0
2025-07-12 02:00:00+00:00,0.0
2025-07-12 03:00:00+00:00,10.0
2025-07-12 04:00:00+00:00,406.0
2025-07-12 05:00:00+00:00,1576.0
2025-07-12 06:00:00+00:00,3902.0
2025-07-12 07:00:00+00:00,7820.0
2025-07-12 08:00:00+00:00,12132.0
2025-07-12 09:00:00+00:00,16971.0
2025-07-12 10:00:00+00:00,19664.0
2025-07-12 11:00:00+00:00,20712.0
2025-07-12 12:00:00+00:00,19990.0
2025-07-12 13:00:00+00:00,19257.0
2025-07-12 14:00:00+00:00,16043.0
2025-07-12 15:00:00+00:00,13085.0
2025-07-12 16:00:00+00:00,9371.0
2025-07-12 17:00:00+00:00,5341.0
2025-07-12 18:00:00+00:00,2290.0
2025-07-12 19:00:00+00:00,589.0
2025-07-12 20:00:00+00:00,0.0
2025-07-12 21:00:00+00:00,0.0
2025-07-12 22:00:00+00:00,0.0
2025-07-12 23:00:00+00:00,0.0
2025-07-13 00:00:00+00:00,0.0
2025-07-13 01:00:00+00:00,0.0
2025-07-13 02:00:00+00:00,0.0
2025-07-13 03:00:00+00:00,9.0
2025-07-13 04:00:00+00:00,399.0
2025-07-13 05:00:00+00:00,1566.0
2025-07-13 06:00:00+00:00,3545.0
2025-07-13 07:00:00+00:00,6334.0
2025-07-13 08:00:00+00:00,7684.0
2025-07-13 09:00:00+00:00,10464.0
2025-07-13 10:00:00+00:00,12248.0
2025-07-13 11:00:00+00:00,12106.0
2025-07-13 12:00:00+00:00,14371.0
2025-07-13 13:00:00+00:00,14579.0
2025-07-13 14:00:00+00:00,12850.0
2025-07-13 15:00:00+00:00,9845.0
2025-07-13 16:00:00+00:00,6380.0
2025-07-13 17:00:00+00:00,4436.0
2025-07-13 18:00:00+00:00,2134.0
2025-07-13 19:00:00+00:00,550.0
2025-07-13 20:00:00+00:00,0.0
2025-07-13 21:00:00+00:00,0.0
2025-07-13 22:00:00+00:00,0.0
2025-07-13 23:00:00+00:00,0.0
2025-07-14 00:00:00+00:00,0.0
2025-07-14 01:00:00+00:00,0.0
2025-07-14 02:00:00+00:00,0.0
2025-07-14 03:00:00+00:00,18.0
2025-07-14 04:00:00+00:00,710.0
2025-07-14 05:00:00+00:00,2535.0
2025-07-14 06:00:00+00:00,5164.0
2025-07-14 07:00:00+00:00,8784.0
2025-07-14 08:00:00+00:00,11324.0
2025-07-14 09:00:00+00:00,14067.0
2025-07-14 10:00:00+00:00,14364.0
2025-07-14 11:00:00+00:00,14525.0
2025-07-14 12:00:00+00:00,11637.0
2025-07-14 13:00:00+00:00,12330.0
2025-07-14 14:00:00+00:00,11184.0
2025-07-14 15:00:00+00:00,10402.0
2025-07-14 16:00:00+00:00,8681.0
2025-07-14 17:00:00+00:00,5205.0
2025-07-14 18:00:00+00:00,2108.0
2025-07-14 19:00:00+00:00,449.0
2025-07-14 20:00:00+00:00,0.0
2025-07-14 21:00:00+00:00,0.0
2025-07-14 22:00:00+00:00,0.0
2025-07-14 23:00:00+00:00,0.0
2025-07-15 00:00:00+00:00,0.0
2025-07-15 01:00:00+00:00,0.0
2025-07-15 02:00:00+00:00,0.0
2025-07-15 03:00:00+00:00,2.0
2025-07-15 04:00:00+00:00,291.0
2025-07-15 05:00:00+00:00,1974.0
2025-07-15 06:00:00+00:00,5218.0
2025-07-15 07:00:00+00:00,9510.0
2025-07-15 08:00:00+00:00,12710.0
2025-07-15 09:00:00+00:00,14821.0
2025-07-15 10:00:00+00:00,15108.0
2025-07-15 11:00:00+00:00,14372.0
2025-07-15 12:00:00+00:00,17314.0
2025-07-15 13:00:00+00:00,15770.0
2025-07-15 14:00:00+00:00,11630.0
2025-07-15 15:00:00+00:00,9765.0
2025-07-15 16:00:00+00:00,7194.0
2025-07-15 17:00:00+00:00,4831.0
2025-07-15 18:00:00+00:00,2064.0
2025-07-15 19:00:00+00:00,428.0
2025-07-15 20:00:00+00:00,0.0
2025-07-15 21:00:00+00:00,0.0
2025-07-15 22:00:00+00:00,0.0
2025-07-15 23:00:00+00:00,0.0
2025-07-16 00:00:00+00:00,0.0
2025-07-16 01:00:00+00:00,0.0
2025-07-16 02:00:00+00:00,0.0
2025-07-16 03:00:00+00:00,4.0
2025-07-16 04:00:00+00:00,244.0
2025-07-16 05:00:00+00:00,1505.0
2025-07-16 06:00:00+00:00,3770.0
2025-07-16 07:00:00+00:00,6353.0
2025-07-16 08:00:00+00:00,8390.0
2025-07-16 09:00:00+00:00,9159.0
2025-07-16 10:00:00+00:00,9948.0
2025-07-16 11:00:00+00:00,11734.0
2025-07-16 12:00:00+00:00,12009.0
2025-07-16 13:00:00+00:00,10898.0
2025-07-16 14:00:00+00:00,11292.0
2025-07-16 15:00:00+00:00,9689.0
2025-07-16 16:00:00+00:00,8086.0
2025-07-16 17:00:00+00:00,5752.0
2025-07-16 18:00:00+00:00,2647.0
2025-07-16 19:00:00+00:00,566.0
2025-07-16 20:00:00+00:00,0.0
2025-07-16 21:00:00+00:00,0.0
2025-07-16 22:00:00+00:00,0.0
2025-07-16 23:00:00+00:00,0.0
2025-07-17 00:00:00+00:00,0.0
2025-07-17 01:00:00+00:00,0.0
2025-07-17 02:00:00+00:00,0.0
2025-07-17 03:00:00+00:00,6.0
2025-07-17 04:00:00+00:00,453.0
2025-07-17 05:00:00+00:00,2205.0
2025-07-17 06:00:00+00:00,4924.0
2025-07-17 07:00:00+00:00,7797.0
2025-07-17 08:00:00+00:00,11119.0
2025-07-17 09:00:00+00:00,13998.0
2025-07-17 10:00:00+00:00,15467.0
2025-07-17 11:00:00+00:00,18100.0
2025-07-17 12:00:00+00:00,16145.0
2025-07-17 13:00:00+00:00,15025.0
2025-07-17 14:00:00+00:00,13900.0
2025-07-17 15:00:00+00:00,11958.0
2025-07-17 16:00:00+00:00,9447.0
2025-07-17 17:00:00+00:00,5618.0
2025-07-17 18:00:00+00:00,2442.0
2025-07-17 19:00:00+00:00,380.0
2025-07-17 20:00:00+00:00,0.0
2025-07-17 21:00:00+00:00,0.0
2025-07-17 22:00:00+00:00,0.0
2025-07-17 23:00:00+00:00,0.0
2025-07-18 00:00:00+00:00,0.0
2025-07-18 01:00:00+00:00,0.0
2025-07-18 02:00:00+00:00,0.0
2025-07-18 03:00:00+00:00,8.0
2025-07-18 04:00:00+00:00,488.0
2025-07-18 05:00:00+00:00,1998.0
2025-07-18 06:00:00+00:00,4424.0
2025-07-18 07:00:00+00:00,7448.0
2025-07-18 08:00:00+00:00,10355.0
2025-07-18 09:00:00+00:00,13590.0
2025-07-18 10:00:00+00:00,16673.0
2025-07-18 11:00:00+00:00,18173.0
2025-07-18 12:00:00+00:00,17028.0
2025-07-18 13:00:00+00:00,14437.0
2025-07-18 14:00:00+00:00,14233.0
2025-07-18 15:00:00+00:00,12276.0
2025-07-18 16:00:00+00:00,8999.0
2025-07-18 17:00:00+00:00,5711.0
2025-07-18 18:00:00+00:00,2838.0
2025-07-18 19:00:00+00:00,522.0
2025-07-18 20:00:00+00:00,0.0
2025-07-18 21:00:00+00:00,0.0
2025-07-18 22:00:00+00:00,0.0
2025-07-18 23:00:00+00:00,0.0
2025-07-19 00:00:00+00:00,0.0
2025-07-19 01:00:00+00:00,0.0
2025-07-19 02:00:00+00:00,0.0
2025-07-19 03:00:00+00:00,5.0
2025-07-19 04:00:00+00:00,547.0
2025-07-19 05:00:00+00:00,2885.0
2025-07-19 06:00:00+00:00,6336.0
2025-07-19 07:00:00+00:00,9785.0
2025-07-19 08:00:00+00:00,12572.0
2025-07-19 09:00:00+00:00,16465.0
2025-07-19 10:00:00+00:00,18172.0
2025-07-19 11:00:00+00:00,19209.0
2025-07-19 12:00:00+00:00,18716.0
2025-07-19 13:00:00+00:00,15783.0
2025-07-19 14:00:00+00:00,10129.0
2025-07-19 15:00:00+00:00,6934.0
2025-07-19 16:00:00+00:00,4135.0
2025-07-19 17:00:00+00:00,2320.0
2025-07-19 18:00:00+00:00,994.0
2025-07-19 19:00:00+00:00,209.0
2025-07-19 20:00:00+00:00,0.0
2025-07-19 21:00:00+00:00,0.0
2025-07-19 22:00:00+00:00,0.0
2025-07-19 23:00:00+00:00,0.0
2025-07-20 00:00:00+00:00,0.0
2025-07-20 01:00:00+00:00,0.0
2025-07-20 02:00:00+00:00,0.0
2025-07-20 03:00:00+00:00,3.0
2025-07-20 04:00:00+00:00,251.0
2025-07-20 05:00:00+00:00,1076.0
2025-07-20 06:00:00+00:00,2895.0
2025-07-20 07:00:00+00:00,5478.0
2025-07-20 08:00:00+00:00,10399.0
2025-07-20 09:00:00+00:00,13785.0
2025-07-20 10:00:00+00:00,15918.0
2025-07-20 11:00:00+00:00,16214.0
2025-07-20 12:00:00+00:00,11383.0
2025-07-20 13:00:00+00:00,9183.0
2025-07-20 14:00:00+00:00,6474.0
2025-07-20 15:00:00+00:00,5162.0
2025-07-20 16:00:00+00:00,5418.0
2025-07-20 17:00:00+00:00,2794.0
2025-07-20 18:00:00+00:00,1928.0
2025-07-20 19:00:00+00:00,543.0
2025-07-20 20:00:00+00:00,0.0
2025-07-20 21:00:00+00:00,0.0
2025-07-20 22:00:00+00:00,0.0
2025-07-20 23:00:00+00:00,0.0
2025-07-21 00:00:00+00:00,0.0
2025-07-21 01:00:00+00:00,0.0
2025-07-21 02:00:00+00:00,0.0
2025-07-21 03:00:00+00:00,1.0
2025-07-21 04:00:00+00:00,258.0
2025-07-21 05:00:00+00:00,1877.0
2025-07-21 06:00:00+00:00,5006.0
2025-07-21 07:00:00+00:00,10189.0
2025-07-21 08:00:00+00:00,14298.0
2025-07-21 09:00:00+00:00,14701.0
2025-07-21 10:00:00+00:00,14279.0
2025-07-21 11:00:00+00:00,14248.0
2025-07-21 12:00:00+00:00,12853.0
2025-07-21 13:00:00+00:00,11297.0
2025-07-21 14:00:00+00:00,12036.0
2025-07-21 15:00:00+00:00,6971.0
2025-07-21 16:00:00+00:00,7227.0
2025-07-21 17:00:00+00:00,4460.0
2025-07-21 18:00:00+00:00,1336.0
2025-07-21 19:00:00+00:00,418.0
2025-07-21 20:00:00+00:00,0.0
2025-07-21 21:00:00+00:00,0.0
2025-07-21 22:00:00+00:00,0.0
2025-07-21 23:00:00+00:00,0.0
2025-07-22 00:00:00+00:00,0.0
2025-07-22 01:00:00+00:00,0.0
2025-07-22 02:00:00+00:00,0.0
2025-07-22 03:00:00+00:00,1.0
2025-07-22 04:00:00+00:00,145.0
2025-07-22 05:00:00+00:00,875.0
2025-07-22 06:00:00+00:00,2651.0
2025-07-22 07:00:00+00:00,5511.0
2025-07-22 08:00:00+00:00,8406.0
2025-07-22 09:00:00+00:00,11191.0
2025-07-22 10:00:00+00:00,13726.0
2025-07-22 11:00:00+00:00,13653.0
2025-07-22 12:00:00+00:00,10753.0
2025-07-22 13:00:00+00:00,12137.0
2025-07-22 14:00:00+00:00,11835.0
2025-07-22 15:00:00+00:00,10957.0
2025-07-22 16:00:00+00:00,8206.0
2025-07-22 17:00:00+00:00,5017.0
2025-07-22 18:00:00+00:00,2327.0
2025-07-22 19:00:00+00:00,355.0
2025-07-22 20:00:00+00:00,0.0
2025-07-22 21:00:00+00:00,0.0
2025-07-22 22:00:00+00:00,0.0
2025-07-22 23:00:00+00:00,0.0
2025-07-23 00:00:00+00:00,0.0
2025-07-23 01:00:00+00:00,0.0
2025-07-23 02:00:00+00:00,0.0
2025-07-23 03:00:00+00:00,1.0
2025-07-23 04:00:00+00:00,218.0
2025-07-23 05:00:00+00:00,1322.0
2025-07-23 06:00:00+00:00,3533.0
2025-07-23 07:00:00+00:00,5638.0
2025-07-23 08:00:00+00:00,7143.0
2025-07-23 09:00:00+00:00,10103.0
2025-07-23 10:00:00+00:00,11595.0
2025-07-23 11:00:00+00:00,13508.0
2025-07-23 12:00:00+00:00,14550.0
2025-07-23 13:00:00+00:00,13593.0
2025-07-23 14:00:00+00:00,11861.0
2025-07-23 15:00:00+00:00,9429.0
2025-07-23 16:00:00+00:00,6686.0
2025-07-23 17:00:00+00:00,4362.0
2025-07-23 18:00:00+00:00,1752.0
2025-07-23 19:00:00+00:00,350.0
2025-07-23 20:00:00+00:00,0.0
2025-07-23 21:00:00+00:00,0.0
2025-07-23 22:00:00+00:00,0.0
2025-07-23 23:00:00+00:00,0.0
2025-07-24 00:00:00+00:00,0.0
2025-07-24 01:00:00+00:00,0.0
2025-07-24 02:00:00+00:00,0.0
2025-07-24 03:00:00+00:00,1.0
2025-07-24 04:00:00+00:00,290.0
2025-07-24 05:00:00+00:00,1635.0
2025-07-24 06:00:00+00:00,4204.0
2025-07-24 07:00:00+00:00,7154.0
2025-07-24 08:00:00+00:00,9042.0
2025-07-24 09:00:00+00:00,11898.0
2025-07-24 10:00:00+00:00,15179.0
2025-07-24 11:00:00+00:00,17184.0
2025-07-24 12:00:00+00:00,16296.0
2025-07-24 13:00:00+00:00,16049.0
2025-07-24 14:00:00+00:00,13149.0
2025-07-24 15:00:00+00:00,12048.0
2025-07-24 16:00:00+00:00,9203.0
2025-07-24 17:00:00+00:00,4630.0
2025-07-24 18:00:00+00:00,2063.0
2025-07-24 19:00:00+00:00,307.0
2025-07-24 20:00:00+00:00,0.0
2025-07-24 21:00:00+00:00,0.0
2025-07-24 22:00:00+00:00,0.0
2025-07-24 23:00:00+00:00,0.0
2025-07-25 00:00:00+00:00,0.0
2025-07-25 01:00:00+00:00,0.0
2025-07-25 02:00:00+00:00,0.0
2025-07-25 03:00:00+00:00,0.0
2025-07-25 04:00:00+00:00,162.0
2025-07-25 05:00:00+00:00,898.0
2025-07-25 06:00:00+00:00,2002.0
2025-07-25 07:00:00+00:00,3380.0
2025-07-25 08:00:00+00:00,5380.0
2025-07-25 09:00:00+00:00,6405.0
2025-07-25 10:00:00+00:00,6528.0
2025-07-25 11:00:00+00:00,7915.0
2025-07-25 12:00:00+00:00,9896.0
2025-07-25 13:00:00+00:00,9824.0
2025-07-25 14:00:00+00:00,10016.0
2025-07-25 15:00:00+00:00,8780.0
2025-07-25 16:00:00+00:00,6418.0
2025-07-25 17:00:00+00:00,5113.0
2025-07-25 18:00:00+00:00,2577.0
2025-07-25 19:00:00+00:00,470.0
2025-07-25 20:00:00+00:00,0.0
2025-07-25 21:00:00+00:00,0.0
2025-07-25 22:00:00+00:00,0.0
2025-07-25 23:00:00+00:00,0.0
2025-07-26 00:00:00+00:00,0.0
2025-07-26 01:00:00+00:00,0.0
2025-07-26 02:00:00+00:00,0.0
2025-07-26 03:00:00+00:00,0.0
2025-07-26 04:00:00+00:00,321.0
2025-07-26 05:00:00+00:00,1721.0
2025-07-26 06:00:00+00:00,4045.0
2025-07-26 07:00:00+00:00,7980.0
2025-07-26 08:00:00+00:00,12202.0
2025-07-26 09:00:00+00:00,14392.0
2025-07-26 10:00:00+00:00,14493.0
2025-07-26 11:00:00+00:00,14859.0
2025-07-26 12:00:00+00:00,12108.0
2025-07-26 13:00:00+00:00,10632.0
2025-07-26 14:00:00+00:00,7200.0
2025-07-26 15:00:00+00:00,5886.0
2025-07-26 16:00:00+00:00,3860.0
2025-07-26 17:00:00+00:00,2659.0
2025-07-26 18:00:00+00:00,1324.0
2025-07-26 19:00:00+00:00,269.0
2025-07-26 20:00:00+00:00,0.0
2025-07-26 21:00:00+00:00,0.0
2025-07-26 22:00:00+00:00,0.0
2025-07-26 23:00:00+00:00,0.0
2025-07-27 00:00:00+00:00,0.0
2025-07-27 01:00:00+00:00,0.0
2025-07-27 02:00:00+00:00,0.0
2025-07-27 03:00:00+00:00,0.0
2025-07-27 04:00:00+00:00,130.0
2025-07-27 05:00:00+00:00,1325.0
2025-07-27 06:00:00+00:00,3628.0
2025-07-27 07:00:00+00:00,6214.0
2025-07-27 08:00:00+00:00,8809.0
2025-07-27 09:00:00+00:00,11271.0
2025-07-27 10:00:00+00:00,12065.0
2025-07-27 11:00:00+00:00,12273.0
2025-07-27 12:00:00+00:00,11871.0
2025-07-27 13:00:00+00:00,10658.0
2025-07-27 14:00:00+00:00,10377.0
2025-07-27 15:00:00+00:00,6506.0
2025-07-27 16:00:00+00:00,4924.0
2025-07-27 17:00:00+00:00,2987.0
2025-07-27 18:00:00+00:00,1326.0
2025-07-27 19:00:00+00:00,186.0
2025-07-27 20:00:00+00:00,0.0
2025-07-27 21:00:00+00:00,0.0
2025-07-27 22:00:00+00:00,0.0
2025-07-27 23:00:00+00:00,0.0
2025-07-28 00:00:00+00:00,0.0
2025-07-28 01:00:00+00:00,0.0
2025-07-28 02:00:00+00:00,0.0
2025-07-28 03:00:00+00:00,0.0
2025-07-28 04:00:00+00:00,208.0
2025-07-28 05:00:00+00:00,1503.0
2025-07-28 06:00:00+00:00,3862.0
2025-07-28 07:00:00+00:00,7057.0
2025-07-28 08:00:00+00:00,9822.0
2025-07-28 09:00:00+00:00,11795.0
2025-07-28 10:00:00+00:00,12740.0
2025-07-28 11:00:00+00:00,14007.0
2025-07-28 12:00:00+00:00,14744.0
2025-07-28 13:00:00+00:00,14156.0
2025-07-28 14:00:00+00:00,13182.0
2025-07-28 15:00:00+00:00,10045.0
2025-07-28 16:00:00+00:00,8793.0
2025-07-28 17:00:00+00:00,5417.0
2025-07-28 18:00:00+00:00,2359.0
2025-07-28 19:00:00+00:00,275.0
2025-07-28 20:00:00+00:00,0.0
2025-07-28 21:00:00+00:00,0.0
2025-07-28 22:00:00+00:00,0.0
2025-07-28 23:00:00+00:00,0.0
2025-07-29 00:00:00+00:00,0.0
2025-07-29 01:00:00+00:00,0.0
2025-07-29 02:00:00+00:00,0.0
2025-07-29 03:00:00+00:00,0.0
2025-07-29 04:00:00+00:00,178.0
2025-07-29 05:00:00+00:00,1475.0
2025-07-29 06:00:00+00:00,4378.0
2025-07-29 07:00:00+00:00,8731.0
2025-07-29 08:00:00+00:00,11613.0
2025-07-29 09:00:00+00:00,14285.0
2025-07-29 10:00:00+00:00,15725.0
2025-07-29 11:00:00+00:00,17200.0
2025-07-29 12:00:00+00:00,16910.0
2025-07-29 13:00:00+00:00,15859.0
2025-07-29 14:00:00+00:00,12285.0
2025-07-29 15:00:00+00:00,9653.0
2025-07-29 16:00:00+00:00,7110.0
2025-07-29 17:00:00+00:00,3644.0
2025-07-29 18:00:00+00:00,1652.0
2025-07-29 19:00:00+00:00,238.0
2025-07-29 20:00:00+00:00,0.0
2025-07-29 21:00:00+00:00,0.0
2025-07-29 22:00:00+00:00,0.0
2025-07-29 23:00:00+00:00,0.0
2025-07-30 00:00:00+00:00,0.0
2025-07-30 01:00:00+00:00,0.0
2025-07-30 02:00:00+00:00,0.0
2025-07-30 03:00:00+00:00,0.0
2025-07-30 04:00:00+00:00,229.0
2025-07-30 05:00:00+00:00,1821.0
2025-07-30 06:00:00+00:00,4567.0
2025-07-30 07:00:00+00:00,7178.0
2025-07-30 08:00:00+00:00,9712.0
2025-07-30 09:00:00+00:00,13110.0
2025-07-30 10:00:00+00:00,14537.0
2025-07-30 11:00:00+00:00,15248.0
2025-07-30 12:00:00+00:00,16100.0
2025-07-30 13:00:00+00:00,15555.0
2025-07-30 14:00:00+00:00,12799.0
2025-07-30 15:00:00+00:00,11745.0
2025-07-30 16:00:00+00:00,8374.0
2025-07-30 17:00:00+00:00,4663.0
2025-07-30 18:00:00+00:00,1824.0
2025-07-30 19:00:00+00:00,233.0
2025-07-30 20:00:00+00:00,0.0
2025-07-30 21:00:00+00:00,0.0
2025-07-30 22:00:00+00:00,0.0
2025-07-30 23:00:00+00:00,0.0
2025-07-31 00:00:00+00:00,0.0
2025-07-31 01:00:00+00:00,0.0
2025-07-31 02:00:00+00:00,0.0
2025-07-31 03:00:00+00:00,0.0
2025-07-31 04:00:00+00:00,144.0
2025-07-31 05:00:00+00:00,1131.0
2025-07-31 06:00:00+00:00,3291.0
2025-07-31 07:00:00+00:00,6035.0
2025-07-31 08:00:00+00:00,8912.0
2025-07-31 09:00:00+00:00,10556.0
2025-07-31 10:00:00+00:00,13361.0
2025-07-31 11:00:00+00:00,11983.0
2025-07-31 12:00:00+00:00,10375.0
2025-07-31 13:00:00+00:00,7747.0
2025-07-31 14:00:00+00:00,5783.0
2025-07-31 15:00:00+00:00,5276.0
2025-07-31 16:00:00+00:00,4431.0
2025-07-31 17:00:00+00:00,2762.0
2025-07-31 18:00:00+00:00,1460.0
2025-07-31 19:00:00+00:00,266.0
2025-07-31 20:00:00+00:00,0.0
2025-07-31 21:00:00+00:00,0.0
2025-07-31 22:00:00+00:00,0.0
2025-07-31 23:00:00+00:00,0.0
2025-08-01 00:00:00+00:00,0.0
2025-08-01 01:00:00+00:00,0.0
2025-08-01 02:00:00+00:00,0.0
2025-08-01 03:00:00+00:00,0.0
2025-08-01 04:00:00+00:00,137.0
2025-08-01 05:00:00+00:00,1095.0
2025-08-01 06:00:00+00:00,3200.0
2025-08-01 07:00:00+00:00,5276.0
2025-08-01 08:00:00+00:00,7615.0
2025-08-01 09:00:00+00:00,10436.0
2025-08-01 10:00:00+00:00,11966.0
2025-08-01 11:00:00+00:00,12273.0
2025-08-01 12:00:00+00:00,12130.0
2025-08-01 13:00:00+00:00,12153.0
2025-08-01 14:00:00+00:00,10615.0
2025-08-01 15:00:00+00:00,10123.0
2025-08-01 16:00:00+00:00,6959.0
2025-08-01 17:00:00+00:00,4061.0
2025-08-01 18:00:00+00:00,1561.0
2025-08-01 19:00:00+00:00,178.0
2025-08-01 20:00:00+00:00,0.0
2025-08-01 21:00:00+00:00,0.0
2025-08-01 22:00:00+00:00,0.0
2025-08-01 23:00:00+00:00,0.0
2025-08-02 00:00:00+00:00,0.0
2025-08-02 01:00:00+00:00,0.0
2025-08-02 02:00:00+00:00,0.0
2025-08-02 03:00:00+00:00,0.0
2025-08-02 04:00:00+00:00,86.0
2025-08-02 05:00:00+00:00,985.0
2025-08-02 06:00:00+00:00,2450.0
2025-08-02 07:00:00+00:00,3505.0
2025-08-02 08:00:00+00:00,6232.0
2025-08-02 09:00:00+00:00,9255.0
2025-08-02 10:00:00+00:00,11490.0
2025-08-02 11:00:00+00:00,13321.0
2025-08-02 12:00:00+00:00,12250.0
2025-08-02 13:00:00+00:00,10220.0
2025-08-02 14:00:00+00:00,8481.0
2025-08-02 15:00:00+00:00,5916.0
2025-08-02 16:00:00+00:00,3875.0
2025-08-02 17:00:00+00:00,2145.0
2025-08-02 18:00:00+00:00,775.0
2025-08-02 19:00:00+00:00,95.0
2025-08-02 20:00:00+00:00,0.0
2025-08-02 21:00:00+00:00,0.0
2025-08-02 22:00:00+00:00,0.0
2025-08-02 23:00:00+00:00,0.0
2025-08-03 00:00:00+00:00,0.0
2025-08-03 01:00:00+00:00,0.0
2025-08-03 02:00:00+00:00,0.0
2025-08-03 03:00:00+00:00,0.0
2025-08-03 04:00:00+00:00,73.0
2025-08-03 05:00:00+00:00,1038.0
2025-08-03 06:00:00+00:00,4068.0
2025-08-03 07:00:00+00:00,8736.0
2025-08-03 08:00:00+00:00,13136.0
2025-08-03 09:00:00+00:00,15806.0
2025-08-03 10:00:00+00:00,16858.0
2025-08-03 11:00:00+00:00,17606.0
2025-08-03 12:00:00+00:00,17346.0
2025-08-03 13:00:00+00:00,15432.0
2025-08-03 14:00:00+00:00,11709.0
2025-08-03 15:00:00+00:00,9286.0
2025-08-03 16:00:00+00:00,5577.0
2025-08-03 17:00:00+00:00,1475.0
2025-08-03 18:00:00+00:00,319.0
2025-08-03 19:00:00+00:00,12.0
2025-08-03 20:00:00+00:00,0.0
2025-08-03 21:00:00+00:00,0.0
2025-08-03 22:00:00+00:00,0.0
2025-08-03 23:00:00+00:00,0.0
2025-08-04 00:00:00+00:00,0.0
2025-08-04 01:00:00+00:00,0.0
2025-08-04 02:00:00+00:00,0.0
2025-08-04 03:00:00+00:00,0.0
2025-08-04 04:00:00+00:00,163.0
2025-08-04 05:00:00+00:00,1444.0
2025-08-04 06:00:00+00:00,3956.0
2025-08-04 07:00:00+00:00,6864.0
2025-08-04 08:00:00+00:00,10483.0
2025-08-04 09:00:00+00:00,12463.0
2025-08-04 10:00:00+00:00,12712.0
2025-08-04 11:00:00+00:00,14160.0
2025-08-04 12:00:00+00:00,12911.0
2025-08-04 13:00:00+00:00,10459.0
2025-08-04 14:00:00+00:00,7574.0
2025-08-04 15:00:00+00:00,5730.0
2025-08-04 16:00:00+00:00,3184.0
2025-08-04 17:00:00+00:00,1140.0
2025-08-04 18:00:00+00:00,296.0
2025-08-04 19:00:00+00:00,57.0
2025-08-04 20:00:00+00:00,0.0
2025-08-04 21:00:00+00:00,0.0
2025-08-04 22:00:00+00:00,0.0
2025-08-04 23:00:00+00:00,0.0
2025-08-05 00:00:00+00:00,0.0
2025-08-05 01:00:00+00:00,0.0
2025-08-05 02:00:00+00:00,0.0
2025-08-05 03:00:00+00:00,0.0
2025-08-05 04:00:00+00:00,54.0
2025-08-05 05:00:00+00:00,1107.0
2025-08-05 06:00:00+00:00,4936.0
2025-08-05 07:00:00+00:00,9997.0
2025-08-05 08:00:00+00:00,13318.0
2025-08-05 09:00:00+00:00,15216.0
2025-08-05 10:00:00+00:00,16219.0
2025-08-05 11:00:00+00:00,16449.0
2025-08-05 12:00:00+00:00,15266.0
2025-08-05 13:00:00+00:00,13308.0
2025-08-05 14:00:00+00:00,12097.0
2025-08-05 15:00:00+00:00,10667.0
2025-08-05 16:00:00+00:00,7325.0
2025-08-05 17:00:00+00:00,4768.0
2025-08-05 18:00:00+00:00,1693.0
2025-08-05 19:00:00+00:00,160.0
2025-08-05 20:00:00+00:00,0.0
2025-08-05 21:00:00+00:00,0.0
2025-08-05 22:00:00+00:00,0.0
2025-08-05 23:00:00+00:00,0.0
2025-08-06 00:00:00+00:00,0.0
2025-08-06 01:00:00+00:00,0.0
2025-08-06 02:00:00+00:00,0.0
2025-08-06 03:00:00+00:00,0.0
2025-08-06 04:00:00+00:00,172.0
2025-08-06 05:00:00+00:00,1768.0
2025-08-06 06:00:00+00:00,4863.0
2025-08-06 07:00:00+00:00,9083.0
2025-08-06 08:00:00+00:00,12224.0
2025-08-06 09:00:00+00:00,13104.0
2025-08-06 10:00:00+00:00,12931.0
2025-08-06 11:00:00+00:00,14653.0
2025-08-06 12:00:00+00:00,15252.0
2025-08-06 13:00:00+00:00,16018.0
2025-08-06 14:00:00+00:00,15291.0
2025-08-06 15:00:00+00:00,12171.0
2025-08-06 16:00:00+00:00,8292.0
2025-08-06 17:00:00+00:00,3985.0
2025-08-06 18:00:00+00:00,1047.0
2025-08-06 19:00:00+00:00,93.0
2025-08-06 20:00:00+00:00,0.0
2025-08-06 21:00:00+00:00,0.0
2025-08-06 22:00:00+00:00,0.0
2025-08-06 23:00:00+00:00,0.0
2025-08-07 00:00:00+00:00,0.0
2025-08-07 01:00:00+00:00,0.0
2025-08-07 02:00:00+00:00,0.0
2025-08-07 03:00:00+00:00,0.0
2025-08-07 04:00:00+00:00,79.0
2025-08-07 05:00:00+00:00,1105.0
2025-08-07 06:00:00+00:00,3523.0
2025-08-07 07:00:00+00:00,6945.0
2025-08-07 08:00:00+00:00,11553.0
2025-08-07 09:00:00+00:00,15748.0
2025-08-07 10:00:00+00:00,16860.0
2025-08-07 11:00:00+00:00,17692.0
2025-08-07 12:00:00+00:00,15176.0
2025-08-07 13:00:00+00:00,12999.0
2025-08-07 14:00:00+00:00,10317.0
2025-08-07 15:00:00+00:00,7909.0
2025-08-07 16:00:00+00:00,4958.0
2025-08-07 17:00:00+00:00,2120.0
2025-08-07 18:00:00+00:00,680.0
2025-08-07 19:00:00+00:00,49.0
2025-08-07 20:00:00+00:00,0.0
2025-08-07 21:00:00+00:00,0.0
2025-08-07 22:00:00+00:00,0.0
2025-08-07 23:00:00+00:00,0.0
2025-08-08 00:00:00+00:00,0.0
2025-08-08 01:00:00+00:00,0.0
2025-08-08 02:00:00+00:00,0.0
2025-08-08 03:00:00+00:00,0.0
2025-08-08 04:00:00+00:00,70.0
2025-08-08 05:00:00+00:00,897.0
2025-08-08 06:00:00+00:00,2933.0
2025-08-08 07:00:00+00:00,6197.0
2025-08-08 08:00:00+00:00,9048.0
2025-08-08 09:00:00+00:00,10946.0
2025-08-08 10:00:00+00:00,14354.0
2025-08-08 11:00:00+00:00,16166.0
2025-08-08 12:00:00+00:00,15834.0
2025-08-08 13:00:00+00:00,13806.0
2025-08-08 14:00:00+00:00,11920.0
2025-08-08 15:00:00+00:00,10160.0
2025-08-08 16:00:00+00:00,7685.0
2025-08-08 17:00:00+00:00,4564.0
2025-08-08 18:00:00+00:00,1635.0
2025-08-08 19:00:00+00:00,92.0
2025-08-08 20:00:00+00:00,0.0
2025-08-08 21:00:00+00:00,0.0
2025-08-08 22:00:00+00:00,0.0
2025-08-08 23:00:00+00:00,0.0
2025-08-09 00:00:00+00:00,0.0
2025-08-09 01:00:00+00:00,0.0
2025-08-09 02:00:00+00:00,0.0
2025-08-09 03:00:00+00:00,0.0
2025-08-09 04:00:00+00:00,128.0
2025-08-09 05:00:00+00:00,1432.0
2025-08-09 06:00:00+00:00,3569.0
2025-08-09 07:00:00+00:00,7721.0
2025-08-09 08:00:00+00:00,13765.0
2025-08-09 09:00:00+00:00,17017.0
2025-08-09 10:00:00+00:00,19255.0
2025-08-09 11:00:00+00:00,20160.0
2025-08-09 12:00:00+00:00,21013.0
2025-08-09 13:00:00+00:00,18739.0
2025-08-09 14:00:00+00:00,16130.0
2025-08-09 15:00:00+00:00,13237.0
2025-08-09 16:00:00+00:00,9456.0
2025-08-09 17:00:00+00:00,5179.0
2025-08-09 18:00:00+00:00,1627.0
2025-08-09 19:00:00+00:00,37.0
2025-08-09 20:00:00+00:00,0.0
2025-08-09 21:00:00+00:00,0.0
2025-08-09 22:00:00+00:00,0.0
2025-08-09 23:00:00+00:00,0.0
2025-08-10 00:00:00+00:00,0.0
2025-08-10 01:00:00+00:00,0.0
2025-08-10 02:00:00+00:00,0.0
2025-08-10 03:00:00+00:00,0.0
2025-08-10 04:00:00+00:00,91.0
2025-08-10 05:00:00+00:00,1580.0
2025-08-10 06:00:00+00:00,5030.0
2025-08-10 07:00:00+00:00,9578.0
2025-08-10 08:00:00+00:00,13765.0
2025-08-10 09:00:00+00:00,16786.0
2025-08-10 10:00:00+00:00,19402.0
2025-08-10 11:00:00+00:00,19241.0
2025-08-10 12:00:00+00:00,19117.0
2025-08-10 13:00:00+00:00,18137.0
2025-08-10 14:00:00+00:00,16661.0
2025-08-10 15:00:00+00:00,13544.0
2025-08-10 16:00:00+00:00,9629.0
2025-08-10 17:00:00+00:00,5014.0
2025-08-10 18:00:00+00:00,1534.0
2025-08-10 19:00:00+00:00,23.0
2025-08-10 20:00:00+00:00,0.0
2025-08-10 21:00:00+00:00,0.0
2025-08-10 22:00:00+00:00,0.0
2025-08-10 23:00:00+00:00,0.0
2025-08-11 00:00:00+00:00,0.0
2025-08-11 01:00:00+00:00,0.0
2025-08-11 02:00:00+00:00,0.0
2025-08-11 03:00:00+00:00,0.0
2025-08-11 04:00:00+00:00,91.0
2025-08-11 05:00:00+00:00,1539.0
2025-08-11 06:00:00+00:00,5154.0
2025-08-11 07:00:00+00:00,9562.0
2025-08-11 08:00:00+00:00,13938.0
2025-08-11 09:00:00+00:00,17317.0
2025-08-11 10:00:00+00:00,19863.0
2025-08-11 11:00:00+00:00,20958.0
2025-08-11 12:00:00+00:00,20545.0
2025-08-11 13:00:00+00:00,19613.0
2025-08-11 14:00:00+00:00,17209.0
2025-08-11 15:00:00+00:00,13503.0
2025-08-11 16:00:00+00:00,9196.0
2025-08-11 17:00:00+00:00,4925.0
2025-08-11 18:00:00+00:00,1247.0
2025-08-11 19:00:00+00:00,9.0
2025-08-11 20:00:00+00:00,0.0
2025-08-11 21:00:00+00:00,0.0
2025-08-11 22:00:00+00:00,0.0
2025-08-11 23:00:00+00:00,0.0
2025-08-12 00:00:00+00:00,0.0
2025-08-12 01:00:00+00:00,0.0
2025-08-12 02:00:00+00:00,0.0
2025-08-12 03:00:00+00:00,0.0
2025-08-12 04:00:00+00:00,49.0
2025-08-12 05:00:00+00:00,985.0
2025-08-12 06:00:00+00:00,3375.0
2025-08-12 07:00:00+00:00,5516.0
2025-08-12 08:00:00+00:00,9240.0
2025-08-12 09:00:00+00:00,13004.0
2025-08-12 10:00:00+00:00,15631.0
2025-08-12 11:00:00+00:00,18099.0
2025-08-12 12:00:00+00:00,18995.0
2025-08-12 13:00:00+00:00,18449.0
2025-08-12 14:00:00+00:00,16310.0
2025-08-12 15:00:00+00:00,12757.0
2025-08-12 16:00:00+00:00,8622.0
2025-08-12 17:00:00+00:00,4272.0
2025-08-12 18:00:00+00:00,1081.0
2025-08-12 19:00:00+00:00,24.0
2025-08-12 20:00:00+00:00,0.0
2025-08-12 21:00:00+00:00,0.0
2025-08-12 22:00:00+00:00,0.0
2025-08-12 23:00:00+00:00,0.0
2025-08-13 00:00:00+00:00,0.0
2025-08-13 01:00:00+00:00,0.0
2025-08-13 02:00:00+00:00,0.0
2025-08-13 03:00:00+00:00,0.0
2025-08-13 04:00:00+00:00,68.0
2025-08-13 05:00:00+00:00,1319.0
2025-08-13 06:00:00+00:00,4501.0
2025-08-13 07:00:00+00:00,8551.0
2025-08-13 08:00:00+00:00,12661.0
2025-08-13 09:00:00+00:00,16102.0
2025-08-13 10:00:00+00:00,18493.0
2025-08-13 11:00:00+00:00,19236.0
2025-08-13 12:00:00+00:00,19026.0
2025-08-13 13:00:00+00:00,17156.0
2025-08-13 14:00:00+00:00,13778.0
2025-08-13 15:00:00+00:00,9329.0
2025-08-13 16:00:00+00:00,5637.0
2025-08-13 17:00:00+00:00,2530.0
2025-08-13 18:00:00+00:00,750.0
2025-08-13 19:00:00+00:00,27.0
2025-08-13 20:00:00+00:00,0.0
2025-08-13 21:00:00+00:00,0.0
2025-08-13 22:00:00+00:00,0.0
2025-08-13 23:00:00+00:00,0.0
2025-08-14 00:00:00+00:00,0.0
2025-08-14 01:00:00+00:00,0.0
2025-08-14 02:00:00+00:00,0.0
2025-08-14 03:00:00+00:00,0.0
2025-08-14 04:00:00+00:00,21.0
2025-08-14 05:00:00+00:00,459.0
2025-08-14 06:00:00+00:00,1754.0
2025-08-14 07:00:00+00:00,5085.0
2025-08-14 08:00:00+00:00,9733.0
2025-08-14 09:00:00+00:00,13540.0
2025-08-14 10:00:00+00:00,16146.0
2025-08-14 11:00:00+00:00,16987.0
2025-08-14 12:00:00+00:00,17501.0
2025-08-14 13:00:00+00:00,17380.0
2025-08-14 14:00:00+00:00,15212.0
2025-08-14 15:00:00+00:00,12314.0
2025-08-14 16:00:00+00:00,7898.0
2025-08-14 17:00:00+00:00,4198.0
2025-08-14 18:00:00+00:00,1080.0
2025-08-14 19:00:00+00:00,16.0
2025-08-14 20:00:00+00:00,0.0
2025-08-14 21:00:00+00:00,0.0
2025-08-14 22:00:00+00:00,0.0
2025-08-14 23:00:00+00:00,0.0
2025-08-15 00:00:00+00:00,0.0
2025-08-15 01:00:00+00:00,0.0
2025-08-15 02:00:00+00:00,0.0
2025-08-15 03:00:00+00:00,0.0
2025-08-15 04:00:00+00:00,40.0
2025-08-15 05:00:00+00:00,1170.0
2025-08-15 06:00:00+00:00,4591.0
2025-08-15 07:00:00+00:00,9264.0
2025-08-15 08:00:00+00:00,13530.0
2025-08-15 09:00:00+00:00,16925.0
2025-08-15 10:00:00+00:00,18475.0
2025-08-15 11:00:00+00:00,18007.0
2025-08-15 12:00:00+00:00,17770.0
2025-08-15 13:00:00+00:00,16438.0
2025-08-15 14:00:00+00:00,15004.0
2025-08-15 15:00:00+00:00,10653.0
2025-08-15 16:00:00+00:00,7727.0
2025-08-15 17:00:00+00:00,3862.0
2025-08-15 18:00:00+00:00,865.0
2025-08-15 19:00:00+00:00,3.0
2025-08-15 20:00:00+00:00,0.0
2025-08-15 21:00:00+00:00,0.0
2025-08-15 22:00:00+00:00,0.0
2025-08-15 23:00:00+00:00,0.0
2025-08-16 00:00:00+00:00,0.0
2025-08-16 01:00:00+00:00,0.0
2025-08-16 02:00:00+00:00,0.0
2025-08-16 03:00:00+00:00,0.0
2025-08-16 04:00:00+00:00,11.0
2025-08-16 05:00:00+00:00,251.0
2025-08-16 06:00:00+00:00,1036.0
2025-08-16 07:00:00+00:00,2477.0
2025-08-16 08:00:00+00:00,4272.0
2025-08-16 09:00:00+00:00,5980.0
2025-08-16 10:00:00+00:00,7566.0
2025-08-16 11:00:00+00:00,10264.0
2025-08-16 12:00:00+00:00,10544.0
2025-08-16 13:00:00+00:00,10627.0
2025-08-16 14:00:00+00:00,10064.0
2025-08-16 15:00:00+00:00,8928.0
2025-08-16 16:00:00+00:00,6318.0
2025-08-16 17:00:00+00:00,3653.0
2025-08-16 18:00:00+00:00,1053.0
2025-08-16 19:00:00+00:00,6.0
2025-08-16 20:00:00+00:00,0.0
2025-08-16 21:00:00+00:00,0.0
2025-08-16 22:00:00+00:00,0.0
2025-08-16 23:00:00+00:00,0.0
2025-08-17 00:00:00+00:00,0.0
2025-08-17 01:00:00+00:00,0.0
2025-08-17 02:00:00+00:00,0.0
2025-08-17 03:00:00+00:00,0.0
2025-08-17 04:00:00+00:00,24.0
2025-08-17 05:00:00+00:00,755.0
2025-08-17 06:00:00+00:00,2768.0
2025-08-17 07:00:00+00:00,5650.0
2025-08-17 08:00:00+00:00,7752.0
2025-08-17 09:00:00+00:00,7652.0
2025-08-17 10:00:00+00:00,8832.0
2025-08-17 11:00:00+00:00,9591.0
2025-08-17 12:00:00+00:00,8141.0
2025-08-17 13:00:00+00:00,7101.0
2025-08-17 14:00:00+00:00,5802.0
2025-08-17 15:00:00+00:00,4576.0
2025-08-17 16:00:00+00:00,3063.0
2025-08-17 17:00:00+00:00,1595.0
2025-08-17 18:00:00+00:00,304.0
2025-08-17 19:00:00+00:00,0.0
2025-08-17 20:00:00+00:00,0.0
2025-08-17 21:00:00+00:00,0.0
2025-08-17 22:00:00+00:00,0.0
2025-08-17 23:00:00+00:00,0.0
2025-08-18 00:00:00+00:00,0.0
2025-08-18 01:00:00+00:00,0.0
2025-08-18 02:00:00+00:00,0.0
2025-08-18 03:00:00+00:00,0.0
2025-08-18 04:00:00+00:00,22.0
2025-08-18 05:00:00+00:00,785.0
2025-08-18 06:00:00+00:00,3258.0
2025-08-18 07:00:00+00:00,6834.0
2025-08-18 08:00:00+00:00,11097.0
2025-08-18 09:00:00+00:00,14508.0
2025-08-18 10:00:00+00:00,15833.0
2025-08-18 11:00:00+00:00,16993.0
2025-08-18 12:00:00+00:00,16092.0
2025-08-18 13:00:00+00:00,16643.0
2025-08-18 14:00:00+00:00,15323.0
2025-08-18 15:00:00+00:00,12323.0
2025-08-18 16:00:00+00:00,8272.0
2025-08-18 17:00:00+00:00,4440.0
2025-08-18 18:00:00+00:00,1003.0
2025-08-18 19:00:00+00:00,0.0
2025-08-18 20:00:00+00:00,0.0
2025-08-18 21:00:00+00:00,0.0
2025-08-18 22:00:00+00:00,0.0
2025-08-18 23:00:00+00:00,0.0
2025-08-19 00:00:00+00:00,0.0
2025-08-19 01:00:00+00:00,0.0
2025-08-19 02:00:00+00:00,0.0
2025-08-19 03:00:00+00:00,0.0
2025-08-19 04:00:00+00:00,26.0
2025-08-19 05:00:00+00:00,1149.0
2025-08-19 06:00:00+00:00,4653.0
2025-08-19 07:00:00+00:00,9145.0
2025-08-19 08:00:00+00:00,13406.0
2025-08-19 09:00:00+00:00,17248.0
2025-08-19 10:00:00+00:00,19252.0
2025-08-19 11:00:00+00:00,19632.0
2025-08-19 12:00:00+00:00,19686.0
2025-08-19 13:00:00+00:00,18288.0
2025-08-19 14:00:00+00:00,15956.0
2025-08-19 15:00:00+00:00,12540.0
2025-08-19 16:00:00+00:00,8198.0
2025-08-19 17:00:00+00:00,3967.0
2025-08-19 18:00:00+00:00,908.0
2025-08-19 19:00:00+00:00,0.0
2025-08-19 20:00:00+00:00,0.0
2025-08-19 21:00:00+00:00,0.0
2025-08-19 22:00:00+00:00,0.0
2025-08-19 23:00:00+00:00,0.0
2025-08-20 00:00:00+00:00,0.0
2025-08-20 01:00:00+00:00,0.0
2025-08-20 02:00:00+00:00,0.0
2025-08-20 03:00:00+00:00,0.0
2025-08-20 04:00:00+00:00,15.0
2025-08-20 05:00:00+00:00,593.0
2025-08-20 06:00:00+00:00,2615.0
2025-08-20 07:00:00+00:00,5624.0
2025-08-20 08:00:00+00:00,9574.0
2025-08-20 09:00:00+00:00,12346.0
2025-08-20 10:00:00+00:00,16242.0
2025-08-20 11:00:00+00:00,18483.0
2025-08-20 12:00:00+00:00,18116.0
2025-08-20 13:00:00+00:00,17562.0
2025-08-20 14:00:00+00:00,15356.0
2025-08-20 15:00:00+00:00,11601.0
2025-08-20 16:00:00+00:00,7824.0
2025-08-20 17:00:00+00:00,3979.0
2025-08-20 18:00:00+00:00,864.0
2025-08-20 19:00:00+00:00,0.0
2025-08-20 20:00:00+00:00,0.0
2025-08-20 21:00:00+00:00,0.0
2025-08-20 22:00:00+00:00,0.0
2025-08-20 23:00:00+00:00,0.0
2025-08-21 00:00:00+00:00,0.0
2025-08-21 01:00:00+00:00,0.0
2025-08-21 02:00:00+00:00,0.0
2025-08-21 03:00:00+00:00,0.0
2025-08-21 04:00:00+00:00,18.0
2025-08-21 05:00:00+00:00,1011.0
2025-08-21 06:00:00+00:00,4190.0
2025-08-21 07:00:00+00:00,8438.0
2025-08-21 08:00:00+00:00,12875.0
2025-08-21 09:00:00+00:00,14401.0
2025-08-21 10:00:00+00:00,16647.0
2025-08-21 11:00:00+00:00,17246.0
2025-08-21 12:00:00+00:00,16806.0
2025-08-21 13:00:00+00:00,14502.0
2025-08-21 14:00:00+00:00,12604.0
2025-08-21 15:00:00+00:00,10226.0
2025-08-21 16:00:00+00:00,7222.0
2025-08-21 17:00:00+00:00,2970.0
2025-08-21 18:00:00+00:00,560.0
2025-08-21 19:00:00+00:00,0.0
2025-08-21 20:00:00+00:00,0.0
2025-08-21 21:00:00+00:00,0.0
2025-08-21 22:00:00+00:00,0.0
2025-08-21 23:00:00+00:00,0.0
2025-08-22 00:00:00+00:00,0.0
2025-08-22 01:00:00+00:00,0.0
2025-08-22 02:00:00+00:00,0.0
2025-08-22 03:00:00+00:00,0.0
2025-08-22 04:00:00+00:00,8.0
2025-08-22 05:00:00+00:00,401.0
2025-08-22 06:00:00+00:00,1508.0
2025-08-22 07:00:00+00:00,3561.0
2025-08-22 08:00:00+00:00,6386.0
2025-08-22 09:00:00+00:00,7949.0
2025-08-22 10:00:00+00:00,8325.0
2025-08-22 11:00:00+00:00,9796.0
2025-08-22 12:00:00+00:00,9370.0
2025-08-22 13:00:00+00:00,8406.0
2025-08-22 14:00:00+00:00,7117.0
2025-08-22 15:00:00+00:00,5804.0
2025-08-22 16:00:00+00:00,3301.0
2025-08-22 17:00:00+00:00,1480.0
2025-08-22 18:00:00+00:00,357.0
2025-08-22 19:00:00+00:00,0.0
2025-08-22 20:00:00+00:00,0.0
2025-08-22 21:00:00+00:00,0.0
2025-08-22 22:00:00+00:00,0.0
2025-08-22 23:00:00+00:00,0.0
2025-08-23 00:00:00+00:00,0.0
2025-08-23 01:00:00+00:00,0.0
2025-08-23 02:00:00+00:00,0.0
2025-08-23 03:00:00+00:00,0.0
2025-08-23 04:00:00+00:00,6.0
2025-08-23 05:00:00+00:00,378.0
2025-08-23 06:00:00+00:00,2413.0
2025-08-23 07:00:00+00:00,5771.0
2025-08-23 08:00:00+00:00,8325.0
2025-08-23 09:00:00+00:00,10900.0
2025-08-23 10:00:00+00:00,12496.0
2025-08-23 11:00:00+00:00,12727.0
2025-08-23 12:00:00+00:00,13605.0
2025-08-23 13:00:00+00:00,12203.0
2025-08-23 14:00:00+00:00,11065.0
2025-08-23 15:00:00+00:00,8916.0
2025-08-23 16:00:00+00:00,6651.0
2025-08-23 17:00:00+00:00,3438.0
2025-08-23 18:00:00+00:00,548.0
2025-08-23 19:00:00+00:00,0.0
2025-08-23 20:00:00+00:00,0.0
2025-08-23 21:00:00+00:00,0.0
2025-08-23 22:00:00+00:00,0.0
2025-08-23 23:00:00+00:00,0.0
2025-08-24 00:00:00+00:00,0.0
2025-08-24 01:00:00+00:00,0.0
2025-08-24 02:00:00+00:00,0.0
2025-08-24 03:00:00+00:00,0.0
2025-08-24 04:00:00+00:00,9.0
2025-08-24 05:00:00+00:00,745.0
2025-08-24 06:00:00+00:00,3453.0
2025-08-24 07:00:00+00:00,7444.0
2025-08-24 08:00:00+00:00,11168.0
2025-08-24 09:00:00+00:00,14097.0
2025-08-24 10:00:00+00:00,15158.0
2025-08-24 11:00:00+00:00,16024.0
2025-08-24 12:00:00+00:00,14992.0
2025-08-24 13:00:00+00:00,16582.0
2025-08-24 14:00:00+00:00,13558.0
2025-08-24 15:00:00+00:00,11345.0
2025-08-24 16:00:00+00:00,7827.0
2025-08-24 17:00:00+00:00,3632.0
2025-08-24 18:00:00+00:00,633.0
2025-08-24 19:00:00+00:00,0.0
2025-08-24 20:00:00+00:00,0.0
2025-08-24 21:00:00+00:00,0.0
2025-08-24 22:00:00+00:00,0.0
2025-08-24 23:00:00+00:00,0.0
2025-08-25 00:00:00+00:00,0.0
2025-08-25 01:00:00+00:00,0.0
2025-08-25 02:00:00+00:00,0.0
2025-08-25 03:00:00+00:00,0.0
2025-08-25 04:00:00+00:00,12.0
2025-08-25 05:00:00+00:00,822.0
2025-08-25 06:00:00+00:00,3548.0
2025-08-25 07:00:00+00:00,7343.0
2025-08-25 08:00:00+00:00,11782.0
2025-08-25 09:00:00+00:00,14822.0
2025-08-25 10:00:00+00:00,16917.0
2025-08-25 11:00:00+00:00,17581.0
2025-08-25 12:00:00+00:00,17630.0
2025-08-25 13:00:00+00:00,16935.0
2025-08-25 14:00:00+00:00,14275.0
2025-08-25 15:00:00+00:00,11024.0
2025-08-25 16:00:00+00:00,7524.0
2025-08-25 17:00:00+00:00,3420.0
2025-08-25 18:00:00+00:00,573.0
2025-08-25 19:00:00+00:00,0.0
2025-08-25 20:00:00+00:00,0.0
2025-08-25 21:00:00+00:00,0.0
2025-08-25 22:00:00+00:00,0.0
2025-08-25 23:00:00+00:00,0.0
2025-08-26 00:00:00+00:00,0.0
2025-08-26 01:00:00+00:00,0.0
2025-08-26 02:00:00+00:00,0.0
2025-08-26 03:00:00+00:00,0.0
2025-08-26 04:00:00+00:00,5.0
2025-08-26 05:00:00+00:00,790.0
2025-08-26 06:00:00+00:00,3808.0
2025-08-26 07:00:00+00:00,7261.0
2025-08-26 08:00:00+00:00,11763.0
2025-08-26 09:00:00+00:00,15008.0
2025-08-26 10:00:00+00:00,16862.0
2025-08-26 11:00:00+00:00,16492.0
2025-08-26 12:00:00+00:00,13630.0
2025-08-26 13:00:00+00:00,10221.0
2025-08-26 14:00:00+00:00,8659.0
2025-08-26 15:00:00+00:00,7336.0
2025-08-26 16:00:00+00:00,5014.0
2025-08-26 17:00:00+00:00,2094.0
2025-08-26 18:00:00+00:00,330.0
2025-08-26 19:00:00+00:00,0.0
2025-08-26 20:00:00+00:00,0.0
2025-08-26 21:00:00+00:00,0.0
2025-08-26 22:00:00+00:00,0.0
2025-08-26 23:00:00+00:00,0.0
2025-08-27 00:00:00+00:00,0.0
2025-08-27 01:00:00+00:00,0.0
2025-08-27 02:00:00+00:00,0.0
2025-08-27 03:00:00+00:00,0.0
2025-08-27 04:00:00+00:00,3.0
2025-08-27 05:00:00+00:00,437.0
2025-08-27 06:00:00+00:00,2716.0
2025-08-27 07:00:00+00:00,6213.0
2025-08-27 08:00:00+00:00,9935.0
2025-08-27 09:00:00+00:00,12517.0
2025-08-27 10:00:00+00:00,14550.0
2025-08-27 11:00:00+00:00,16971.0
2025-08-27 12:00:00+00:00,15017.0
2025-08-27 13:00:00+00:00,12214.0
2025-08-27 14:00:00+00:00,11622.0
2025-08-27 15:00:00+00:00,8541.0
2025-08-27 16:00:00+00:00,5536.0
2025-08-27 17:00:00+00:00,2437.0
2025-08-27 18:00:00+00:00,329.0
2025-08-27 19:00:00+00:00,0.0
2025-08-27 20:00:00+00:00,0.0
2025-08-27 21:00:00+00:00,0.0
2025-08-27 22:00:00+00:00,0.0
2025-08-27 23:00:00+00:00,0.0
2025-08-28 00:00:00+00:00,0.0
2025-08-28 01:00:00+00:00,0.0
2025-08-28 02:00:00+00:00,0.0
2025-08-28 03:00:00+00:00,0.0
2025-08-28 04:00:00+00:00,2.0
2025-08-28 05:00:00+00:00,244.0
2025-08-28 06:00:00+00:00,1533.0
2025-08-28 07:00:00+00:00,3707.0
2025-08-28 08:00:00+00:00,6369.0
2025-08-28 09:00:00+00:00,10359.0
2025-08-28 10:00:00+00:00,13313.0
2025-08-28 11:00:00+00:00,13533.0
2025-08-28 12:00:00+00:00,11249.0
2025-08-28 13:00:00+00:00,9497.0
2025-08-28 14:00:00+00:00,10541.0
2025-08-28 15:00:00+00:00,8939.0
2025-08-28 16:00:00+00:00,6049.0
2025-08-28 17:00:00+00:00,3040.0
2025-08-28 18:00:00+00:00,419.0
2025-08-28 19:00:00+00:00,0.0
2025-08-28 20:00:00+00:00,0.0
2025-08-28 21:00:00+00:00,0.0
2025-08-28 22:00:00+00:00,0.0
2025-08-28 23:00:00+00:00,0.0
2025-08-29 00:00:00+00:00,0.0
2025-08-29 01:00:00+00:00,0.0
2025-08-29 02:00:00+00:00,0.0
2025-08-29 03:00:00+00:00,0.0
2025-08-29 04:00:00+00:00,1.0
2025-08-29 05:00:00+00:00,411.0
2025-08-29 06:00:00+00:00,2926.0
2025-08-29 07:00:00+00:00,7162.0
2025-08-29 08:00:00+00:00,11952.0
2025-08-29 09:00:00+00:00,15851.0
2025-08-29 10:00:00+00:00,15586.0
2025-08-29 11:00:00+00:00,14479.0
2025-08-29 12:00:00+00:00,11550.0
2025-08-29 13:00:00+00:00,9082.0
2025-08-29 14:00:00+00:00,6995.0
2025-08-29 15:00:00+00:00,5931.0
2025-08-29 16:00:00+00:00,2984.0
2025-08-29 17:00:00+00:00,1497.0
2025-08-29 18:00:00+00:00,300.0
2025-08-29 19:00:00+00:00,0.0
2025-08-29 20:00:00+00:00,0.0
2025-08-29 21:00:00+00:00,0.0
2025-08-29 22:00:00+00:00,0.0
2025-08-29 23:00:00+00:00,0.0
2025-08-30 00:00:00+00:00,0.0
2025-08-30 01:00:00+00:00,0.0
2025-08-30 02:00:00+00:00,0.0
2025-08-30 03:00:00+00:00,0.0
2025-08-30 04:00:00+00:00,2.0
2025-08-30 05:00:00+00:00,497.0
2025-08-30 06:00:00+00:00,2783.0
2025-08-30 07:00:00+00:00,5859.0
2025-08-30 08:00:00+00:00,9039.0
2025-08-30 09:00:00+00:00,11704.0
2025-08-30 10:00:00+00:00,13342.0
2025-08-30 11:00:00+00:00,14277.0
2025-08-30 12:00:00+00:00,14671.0
2025-08-30 13:00:00+00:00,13874.0
2025-08-30 14:00:00+00:00,12056.0
2025-08-30 15:00:00+00:00,8835.0
2025-08-30 16:00:00+00:00,5121.0
2025-08-30 17:00:00+00:00,1753.0
2025-08-30 18:00:00+00:00,129.0
2025-08-30 19:00:00+00:00,0.0
2025-08-30 20:00:00+00:00,0.0
2025-08-30 21:00:00+00:00,0.0
2025-08-30 22:00:00+00:00,0.0
2025-08-30 23:00:00+00:00,0.0
2025-08-31 00:00:00+00:00,0.0
2025-08-31 01:00:00+00:00,0.0
2025-08-31 02:00:00+00:00,0.0
2025-08-31 03:00:00+00:00,0.0
2025-08-31 04:00:00+00:00,1.0
2025-08-31 05:00:00+00:00,124.0
2025-08-31 06:00:00+00:00,985.0
2025-08-31 07:00:00+00:00,3134.0
2025-08-31 08:00:00+00:00,5945.0
2025-08-31 09:00:00+00:00,9301.0
2025-08-31 10:00:00+00:00,10667.0
2025-08-31 11:00:00+00:00,11853.0
2025-08-31 12:00:00+00:00,12609.0
2025-08-31 13:00:00+00:00,10494.0
2025-08-31 14:00:00+00:00,7263.0
2025-08-31 15:00:00+00:00,5722.0
2025-08-31 16:00:00+00:00,2909.0
2025-08-31 17:00:00+00:00,1187.0
2025-08-31 18:00:00+00:00,235.0
2025-08-31 19:00:00+00:00,0.0
2025-08-31 20:00:00+00:00,0.0
2025-08-31 21:00:00+00:00,0.0
2025-08-31 22:00:00+00:00,0.0
2025-08-31 23:00:00+00:00,0.0
2025-09-01 00:00:00+00:00,0.0
2025-09-01 01:00:00+00:00,0.0
2025-09-01 02:00:00+00:00,0.0
2025-09-01 03:00:00+00:00,0.0
2025-09-01 04:00:00+00:00,0.0
2025-09-01 05:00:00+00:00,132.0
2025-09-01 06:00:00+00:00,1020.0
2025-09-01 07:00:00+00:00,2405.0
2025-09-01 08:00:00+00:00,4759.0
2025-09-01 09:00:00+00:00,7919.0
2025-09-01 10:00:00+00:00,10669.0
2025-09-01 11:00:00+00:00,13171.0
2025-09-01 12:00:00+00:00,15313.0
2025-09-01 13:00:00+00:00,15135.0
2025-09-01 14:00:00+00:00,12726.0
2025-09-01 15:00:00+00:00,9886.0
2025-09-01 16:00:00+00:00,6079.0
2025-09-01 17:00:00+00:00,2455.0
2025-09-01 18:00:00+00:00,192.0
2025-09-01 19:00:00+00:00,0.0
2025-09-01 20:00:00+00:00,0.0
2025-09-01 21:00:00+00:00,0.0
2025-09-01 22:00:00+00:00,0.0
2025-09-01 23:00:00+00:00,0.0
2025-09-02 00:00:00+00:00,0.0
2025-09-02 01:00:00+00:00,0.0
2025-09-02 02:00:00+00:00,0.0
2025-09-02 03:00:00+00:00,0.0
2025-09-02 04:00:00+00:00,0.0
2025-09-02 05:00:00+00:00,399.0
2025-09-02 06:00:00+00:00,2894.0
2025-09-02 07:00:00+00:00,6974.0
2025-09-02 08:00:00+00:00,11195.0
2025-09-02 09:00:00+00:00,14299.0
2025-09-02 10:00:00+00:00,14697.0
2025-09-02 11:00:00+00:00,18074.0
2025-09-02 12:00:00+00:00,14450.0
2025-09-02 13:00:00+00:00,14082.0
2025-09-02 14:00:00+00:00,11148.0
2025-09-02 15:00:00+00:00,7146.0
2025-09-02 16:00:00+00:00,4099.0
2025-09-02 17:00:00+00:00,1451.0
2025-09-02 18:00:00+00:00,101.0
2025-09-02 19:00:00+00:00,0.0
2025-09-02 20:00:00+00:00,0.0
2025-09-02 21:00:00+00:00,0.0
2025-09-02 22:00:00+00:00,0.0
2025-09-02 23:00:00+00:00,0.0
2025-09-03 00:00:00+00:00,0.0
2025-09-03 01:00:00+00:00,0.0
2025-09-03 02:00:00+00:00,0.0
2025-09-03 03:00:00+00:00,0.0
2025-09-03 04:00:00+00:00,0.0
2025-09-03 05:00:00+00:00,281.0
2025-09-03 06:00:00+00:00,1862.0
2025-09-03 07:00:00+00:00,2858.0
2025-09-03 08:00:00+00:00,3626.0
2025-09-03 09:00:00+00:00,4788.0
2025-09-03 10:00:00+00:00,7133.0
2025-09-03 11:00:00+00:00,9349.0
2025-09-03 12:00:00+00:00,9195.0
