time,solar_generation
2023-01-01 00:00:00+00:00,0.0
2023-01-01 01:00:00+00:00,0.0
2023-01-01 02:00:00+00:00,0.0
2023-01-01 03:00:00+00:00,0.0
2023-01-01 04:00:00+00:00,0.0
2023-01-01 05:00:00+00:00,0.0
2023-01-01 06:00:00+00:00,0.0
2023-01-01 07:00:00+00:00,2.0
2023-01-01 08:00:00+00:00,123.0
2023-01-01 09:00:00+00:00,1044.0
2023-01-01 10:00:00+00:00,2368.0
2023-01-01 11:00:00+00:00,2887.0
2023-01-01 12:00:00+00:00,2844.0
2023-01-01 13:00:00+00:00,1879.0
2023-01-01 14:00:00+00:00,749.0
2023-01-01 15:00:00+00:00,124.0
2023-01-01 16:00:00+00:00,0.0
2023-01-01 17:00:00+00:00,0.0
2023-01-01 18:00:00+00:00,0.0
2023-01-01 19:00:00+00:00,0.0
2023-01-01 20:00:00+00:00,0.0
2023-01-01 21:00:00+00:00,0.0
2023-01-01 22:00:00+00:00,0.0
2023-01-01 23:00:00+00:00,0.0
2023-01-02 00:00:00+00:00,0.0
2023-01-02 01:00:00+00:00,0.0
2023-01-02 02:00:00+00:00,0.0
2023-01-02 03:00:00+00:00,0.0
2023-01-02 04:00:00+00:00,0.0
2023-01-02 05:00:00+00:00,0.0
2023-01-02 06:00:00+00:00,0.0
2023-01-02 07:00:00+00:00,3.0
2023-01-02 08:00:00+00:00,140.0
2023-01-02 09:00:00+00:00,691.0
2023-01-02 10:00:00+00:00,1676.0
2023-01-02 11:00:00+00:00,2329.0
2023-01-02 12:00:00+00:00,1894.0
2023-01-02 13:00:00+00:00,1123.0
2023-01-02 14:00:00+00:00,771.0
2023-01-02 15:00:00+00:00,232.0
2023-01-02 16:00:00+00:00,0.0
2023-01-02 17:00:00+00:00,0.0
2023-01-02 18:00:00+00:00,0.0
2023-01-02 19:00:00+00:00,0.0
2023-01-02 20:00:00+00:00,0.0
2023-01-02 21:00:00+00:00,0.0
2023-01-02 22:00:00+00:00,0.0
2023-01-02 23:00:00+00:00,0.0
2023-01-03 00:00:00+00:00,0.0
2023-01-03 01:00:00+00:00,0.0
2023-01-03 02:00:00+00:00,0.0
2023-01-03 03:00:00+00:00,0.0
2023-01-03 04:00:00+00:00,0.0
2023-01-03 05:00:00+00:00,0.0
2023-01-03 06:00:00+00:00,0.0
2023-01-03 07:00:00+00:00,3.0
2023-01-03 08:00:00+00:00,272.0
2023-01-03 09:00:00+00:00,982.0
2023-01-03 10:00:00+00:00,1365.0
2023-01-03 11:00:00+00:00,1625.0
2023-01-03 12:00:00+00:00,1705.0
2023-01-03 13:00:00+00:00,1898.0
2023-01-03 14:00:00+00:00,1208.0
2023-01-03 15:00:00+00:00,229.0
2023-01-03 16:00:00+00:00,0.0
2023-01-03 17:00:00+00:00,0.0
2023-01-03 18:00:00+00:00,0.0
2023-01-03 19:00:00+00:00,0.0
2023-01-03 20:00:00+00:00,0.0
2023-01-03 21:00:00+00:00,0.0
2023-01-03 22:00:00+00:00,0.0
2023-01-03 23:00:00+00:00,0.0
2023-01-04 00:00:00+00:00,0.0
2023-01-04 01:00:00+00:00,0.0
2023-01-04 02:00:00+00:00,0.0
2023-01-04 03:00:00+00:00,0.0
2023-01-04 04:00:00+00:00,0.0
2023-01-04 05:00:00+00:00,0.0
2023-01-04 06:00:00+00:00,0.0
2023-01-04 07:00:00+00:00,3.0
2023-01-04 08:00:00+00:00,68.0
2023-01-04 09:00:00+00:00,378.0
2023-01-04 10:00:00+00:00,889.0
2023-01-04 11:00:00+00:00,1233.0
2023-01-04 12:00:00+00:00,1460.0
2023-01-04 13:00:00+00:00,1407.0
2023-01-04 14:00:00+00:00,985.0
2023-01-04 15:00:00+00:00,221.0
2023-01-04 16:00:00+00:00,0.0
2023-01-04 17:00:00+00:00,0.0
2023-01-04 18:00:00+00:00,0.0
2023-01-04 19:00:00+00:00,0.0
2023-01-04 20:00:00+00:00,0.0
2023-01-04 21:00:00+00:00,0.0
2023-01-04 22:00:00+00:00,0.0
2023-01-04 23:00:00+00:00,0.0
2023-01-05 00:00:00+00:00,0.0
2023-01-05 01:00:00+00:00,0.0
2023-01-05 02:00:00+00:00,0.0
2023-01-05 03:00:00+00:00,0.0
2023-01-05 04:00:00+00:00,0.0
2023-01-05 05:00:00+00:00,0.0
2023-01-05 06:00:00+00:00,0.0
2023-01-05 07:00:00+00:00,4.0
2023-01-05 08:00:00+00:00,228.0
2023-01-05 09:00:00+00:00,1053.0
2023-01-05 10:00:00+00:00,2009.0
2023-01-05 11:00:00+00:00,2825.0
2023-01-05 12:00:00+00:00,2932.0
2023-01-05 13:00:00+00:00,2027.0
2023-01-05 14:00:00+00:00,1199.0
2023-01-05 15:00:00+00:00,202.0
2023-01-05 16:00:00+00:00,0.0
2023-01-05 17:00:00+00:00,0.0
2023-01-05 18:00:00+00:00,0.0
2023-01-05 19:00:00+00:00,0.0
2023-01-05 20:00:00+00:00,0.0
2023-01-05 21:00:00+00:00,0.0
2023-01-05 22:00:00+00:00,0.0
2023-01-05 23:00:00+00:00,0.0
2023-01-06 00:00:00+00:00,0.0
2023-01-06 01:00:00+00:00,0.0
2023-01-06 02:00:00+00:00,0.0
2023-01-06 03:00:00+00:00,0.0
2023-01-06 04:00:00+00:00,0.0
2023-01-06 05:00:00+00:00,0.0
2023-01-06 06:00:00+00:00,0.0
2023-01-06 07:00:00+00:00,2.0
2023-01-06 08:00:00+00:00,250.0
2023-01-06 09:00:00+00:00,1882.0
2023-01-06 10:00:00+00:00,3922.0
2023-01-06 11:00:00+00:00,5006.0
2023-01-06 12:00:00+00:00,4501.0
2023-01-06 13:00:00+00:00,3131.0
2023-01-06 14:00:00+00:00,1553.0
2023-01-06 15:00:00+00:00,300.0
2023-01-06 16:00:00+00:00,0.0
2023-01-06 17:00:00+00:00,0.0
2023-01-06 18:00:00+00:00,0.0
2023-01-06 19:00:00+00:00,0.0
2023-01-06 20:00:00+00:00,0.0
2023-01-06 21:00:00+00:00,0.0
2023-01-06 22:00:00+00:00,0.0
2023-01-06 23:00:00+00:00,0.0
2023-01-07 00:00:00+00:00,0.0
2023-01-07 01:00:00+00:00,0.0
2023-01-07 02:00:00+00:00,0.0
2023-01-07 03:00:00+00:00,0.0
2023-01-07 04:00:00+00:00,0.0
2023-01-07 05:00:00+00:00,0.0
2023-01-07 06:00:00+00:00,0.0
2023-01-07 07:00:00+00:00,4.0
2023-01-07 08:00:00+00:00,337.0
2023-01-07 09:00:00+00:00,1319.0
2023-01-07 10:00:00+00:00,2815.0
2023-01-07 11:00:00+00:00,4151.0
2023-01-07 12:00:00+00:00,4109.0
2023-01-07 13:00:00+00:00,3189.0
2023-01-07 14:00:00+00:00,1570.0
2023-01-07 15:00:00+00:00,284.0
2023-01-07 16:00:00+00:00,0.0
2023-01-07 17:00:00+00:00,0.0
2023-01-07 18:00:00+00:00,0.0
2023-01-07 19:00:00+00:00,0.0
2023-01-07 20:00:00+00:00,0.0
2023-01-07 21:00:00+00:00,0.0
2023-01-07 22:00:00+00:00,0.0
2023-01-07 23:00:00+00:00,0.0
2023-01-08 00:00:00+00:00,0.0
2023-01-08 01:00:00+00:00,0.0
2023-01-08 02:00:00+00:00,0.0
2023-01-08 03:00:00+00:00,0.0
2023-01-08 04:00:00+00:00,0.0
2023-01-08 05:00:00+00:00,0.0
2023-01-08 06:00:00+00:00,0.0
2023-01-08 07:00:00+00:00,2.0
2023-01-08 08:00:00+00:00,392.0
2023-01-08 09:00:00+00:00,2189.0
2023-01-08 10:00:00+00:00,3709.0
2023-01-08 11:00:00+00:00,4684.0
2023-01-08 12:00:00+00:00,4783.0
2023-01-08 13:00:00+00:00,3816.0
2023-01-08 14:00:00+00:00,2201.0
2023-01-08 15:00:00+00:00,504.0
2023-01-08 16:00:00+00:00,0.0
2023-01-08 17:00:00+00:00,0.0
2023-01-08 18:00:00+00:00,0.0
2023-01-08 19:00:00+00:00,0.0
2023-01-08 20:00:00+00:00,0.0
2023-01-08 21:00:00+00:00,0.0
2023-01-08 22:00:00+00:00,0.0
2023-01-08 23:00:00+00:00,0.0
2023-01-09 00:00:00+00:00,0.0
2023-01-09 01:00:00+00:00,0.0
2023-01-09 02:00:00+00:00,0.0
2023-01-09 03:00:00+00:00,0.0
2023-01-09 04:00:00+00:00,0.0
2023-01-09 05:00:00+00:00,0.0
2023-01-09 06:00:00+00:00,0.0
2023-01-09 07:00:00+00:00,6.0
2023-01-09 08:00:00+00:00,212.0
2023-01-09 09:00:00+00:00,808.0
2023-01-09 10:00:00+00:00,1697.0
2023-01-09 11:00:00+00:00,2415.0
2023-01-09 12:00:00+00:00,2427.0
2023-01-09 13:00:00+00:00,2212.0
2023-01-09 14:00:00+00:00,1504.0
2023-01-09 15:00:00+00:00,333.0
2023-01-09 16:00:00+00:00,0.0
2023-01-09 17:00:00+00:00,0.0
2023-01-09 18:00:00+00:00,0.0
2023-01-09 19:00:00+00:00,0.0
2023-01-09 20:00:00+00:00,0.0
2023-01-09 21:00:00+00:00,0.0
2023-01-09 22:00:00+00:00,0.0
2023-01-09 23:00:00+00:00,0.0
2023-01-10 00:00:00+00:00,0.0
2023-01-10 01:00:00+00:00,0.0
2023-01-10 02:00:00+00:00,0.0
2023-01-10 03:00:00+00:00,0.0
2023-01-10 04:00:00+00:00,0.0
2023-01-10 05:00:00+00:00,0.0
2023-01-10 06:00:00+00:00,0.0
2023-01-10 07:00:00+00:00,9.0
2023-01-10 08:00:00+00:00,499.0
2023-01-10 09:00:00+00:00,1642.0
2023-01-10 10:00:00+00:00,2235.0
2023-01-10 11:00:00+00:00,2206.0
2023-01-10 12:00:00+00:00,1672.0
2023-01-10 13:00:00+00:00,1249.0
2023-01-10 14:00:00+00:00,565.0
2023-01-10 15:00:00+00:00,74.0
2023-01-10 16:00:00+00:00,0.0
2023-01-10 17:00:00+00:00,0.0
2023-01-10 18:00:00+00:00,0.0
2023-01-10 19:00:00+00:00,0.0
2023-01-10 20:00:00+00:00,0.0
2023-01-10 21:00:00+00:00,0.0
2023-01-10 22:00:00+00:00,0.0
2023-01-10 23:00:00+00:00,0.0
2023-01-11 00:00:00+00:00,0.0
2023-01-11 01:00:00+00:00,0.0
2023-01-11 02:00:00+00:00,0.0
2023-01-11 03:00:00+00:00,0.0
2023-01-11 04:00:00+00:00,0.0
2023-01-11 05:00:00+00:00,0.0
2023-01-11 06:00:00+00:00,0.0
2023-01-11 07:00:00+00:00,2.0
2023-01-11 08:00:00+00:00,161.0
2023-01-11 09:00:00+00:00,1397.0
2023-01-11 10:00:00+00:00,3852.0
2023-01-11 11:00:00+00:00,4938.0
2023-01-11 12:00:00+00:00,4548.0
2023-01-11 13:00:00+00:00,3614.0
2023-01-11 14:00:00+00:00,2376.0
2023-01-11 15:00:00+00:00,537.0
2023-01-11 16:00:00+00:00,0.0
2023-01-11 17:00:00+00:00,0.0
2023-01-11 18:00:00+00:00,0.0
2023-01-11 19:00:00+00:00,0.0
2023-01-11 20:00:00+00:00,0.0
2023-01-11 21:00:00+00:00,0.0
2023-01-11 22:00:00+00:00,0.0
2023-01-11 23:00:00+00:00,0.0
2023-01-12 00:00:00+00:00,0.0
2023-01-12 01:00:00+00:00,0.0
2023-01-12 02:00:00+00:00,0.0
2023-01-12 03:00:00+00:00,0.0
2023-01-12 04:00:00+00:00,0.0
2023-01-12 05:00:00+00:00,0.0
2023-01-12 06:00:00+00:00,0.0
2023-01-12 07:00:00+00:00,3.0
2023-01-12 08:00:00+00:00,114.0
2023-01-12 09:00:00+00:00,549.0
2023-01-12 10:00:00+00:00,1139.0
2023-01-12 11:00:00+00:00,1471.0
2023-01-12 12:00:00+00:00,1411.0
2023-01-12 13:00:00+00:00,815.0
2023-01-12 14:00:00+00:00,442.0
2023-01-12 15:00:00+00:00,86.0
2023-01-12 16:00:00+00:00,0.0
2023-01-12 17:00:00+00:00,0.0
2023-01-12 18:00:00+00:00,0.0
2023-01-12 19:00:00+00:00,0.0
2023-01-12 20:00:00+00:00,0.0
2023-01-12 21:00:00+00:00,0.0
2023-01-12 22:00:00+00:00,0.0
2023-01-12 23:00:00+00:00,0.0
2023-01-13 00:00:00+00:00,0.0
2023-01-13 01:00:00+00:00,0.0
2023-01-13 02:00:00+00:00,0.0
2023-01-13 03:00:00+00:00,0.0
2023-01-13 04:00:00+00:00,0.0
2023-01-13 05:00:00+00:00,0.0
2023-01-13 06:00:00+00:00,0.0
2023-01-13 07:00:00+00:00,5.0
2023-01-13 08:00:00+00:00,290.0
2023-01-13 09:00:00+00:00,1067.0
2023-01-13 10:00:00+00:00,1528.0
2023-01-13 11:00:00+00:00,1764.0
2023-01-13 12:00:00+00:00,1898.0
2023-01-13 13:00:00+00:00,1594.0
2023-01-13 14:00:00+00:00,1175.0
2023-01-13 15:00:00+00:00,298.0
2023-01-13 16:00:00+00:00,0.0
2023-01-13 17:00:00+00:00,0.0
2023-01-13 18:00:00+00:00,0.0
2023-01-13 19:00:00+00:00,0.0
2023-01-13 20:00:00+00:00,0.0
2023-01-13 21:00:00+00:00,0.0
2023-01-13 22:00:00+00:00,0.0
2023-01-13 23:00:00+00:00,0.0
2023-01-14 00:00:00+00:00,0.0
2023-01-14 01:00:00+00:00,0.0
2023-01-14 02:00:00+00:00,0.0
2023-01-14 03:00:00+00:00,0.0
2023-01-14 04:00:00+00:00,0.0
2023-01-14 05:00:00+00:00,0.0
2023-01-14 06:00:00+00:00,0.0
2023-01-14 07:00:00+00:00,3.0
2023-01-14 08:00:00+00:00,93.0
2023-01-14 09:00:00+00:00,310.0
2023-01-14 10:00:00+00:00,553.0
2023-01-14 11:00:00+00:00,802.0
2023-01-14 12:00:00+00:00,689.0
2023-01-14 13:00:00+00:00,628.0
2023-01-14 14:00:00+00:00,426.0
2023-01-14 15:00:00+00:00,139.0
2023-01-14 16:00:00+00:00,0.0
2023-01-14 17:00:00+00:00,0.0
2023-01-14 18:00:00+00:00,0.0
2023-01-14 19:00:00+00:00,0.0
2023-01-14 20:00:00+00:00,0.0
2023-01-14 21:00:00+00:00,0.0
2023-01-14 22:00:00+00:00,0.0
2023-01-14 23:00:00+00:00,0.0
2023-01-15 00:00:00+00:00,0.0
2023-01-15 01:00:00+00:00,0.0
2023-01-15 02:00:00+00:00,0.0
2023-01-15 03:00:00+00:00,0.0
2023-01-15 04:00:00+00:00,0.0
2023-01-15 05:00:00+00:00,0.0
2023-01-15 06:00:00+00:00,0.0
2023-01-15 07:00:00+00:00,4.0
2023-01-15 08:00:00+00:00,436.0
2023-01-15 09:00:00+00:00,2058.0
2023-01-15 10:00:00+00:00,3436.0
2023-01-15 11:00:00+00:00,3446.0
2023-01-15 12:00:00+00:00,2761.0
2023-01-15 13:00:00+00:00,2059.0
2023-01-15 14:00:00+00:00,1295.0
2023-01-15 15:00:00+00:00,468.0
2023-01-15 16:00:00+00:00,0.0
2023-01-15 17:00:00+00:00,0.0
2023-01-15 18:00:00+00:00,0.0
2023-01-15 19:00:00+00:00,0.0
2023-01-15 20:00:00+00:00,0.0
2023-01-15 21:00:00+00:00,0.0
2023-01-15 22:00:00+00:00,0.0
2023-01-15 23:00:00+00:00,0.0
2023-01-16 00:00:00+00:00,0.0
2023-01-16 01:00:00+00:00,0.0
2023-01-16 02:00:00+00:00,0.0
2023-01-16 03:00:00+00:00,0.0
2023-01-16 04:00:00+00:00,0.0
2023-01-16 05:00:00+00:00,0.0
2023-01-16 06:00:00+00:00,0.0
2023-01-16 07:00:00+00:00,4.0
2023-01-16 08:00:00+00:00,126.0
2023-01-16 09:00:00+00:00,519.0
2023-01-16 10:00:00+00:00,1217.0
2023-01-16 11:00:00+00:00,1691.0
2023-01-16 12:00:00+00:00,1594.0
2023-01-16 13:00:00+00:00,1175.0
2023-01-16 14:00:00+00:00,792.0
2023-01-16 15:00:00+00:00,220.0
2023-01-16 16:00:00+00:00,0.0
2023-01-16 17:00:00+00:00,0.0
2023-01-16 18:00:00+00:00,0.0
2023-01-16 19:00:00+00:00,0.0
2023-01-16 20:00:00+00:00,0.0
2023-01-16 21:00:00+00:00,0.0
2023-01-16 22:00:00+00:00,0.0
2023-01-16 23:00:00+00:00,0.0
2023-01-17 00:00:00+00:00,0.0
2023-01-17 01:00:00+00:00,0.0
2023-01-17 02:00:00+00:00,0.0
2023-01-17 03:00:00+00:00,0.0
2023-01-17 04:00:00+00:00,0.0
2023-01-17 05:00:00+00:00,0.0
2023-01-17 06:00:00+00:00,0.0
2023-01-17 07:00:00+00:00,8.0
2023-01-17 08:00:00+00:00,763.0
2023-01-17 09:00:00+00:00,2990.0
2023-01-17 10:00:00+00:00,4534.0
2023-01-17 11:00:00+00:00,5704.0
2023-01-17 12:00:00+00:00,6315.0
2023-01-17 13:00:00+00:00,4931.0
2023-01-17 14:00:00+00:00,3176.0
2023-01-17 15:00:00+00:00,708.0
2023-01-17 16:00:00+00:00,0.0
2023-01-17 17:00:00+00:00,0.0
2023-01-17 18:00:00+00:00,0.0
2023-01-17 19:00:00+00:00,0.0
2023-01-17 20:00:00+00:00,0.0
2023-01-17 21:00:00+00:00,0.0
2023-01-17 22:00:00+00:00,0.0
2023-01-17 23:00:00+00:00,0.0
2023-01-18 00:00:00+00:00,0.0
2023-01-18 01:00:00+00:00,0.0
2023-01-18 02:00:00+00:00,0.0
2023-01-18 03:00:00+00:00,0.0
2023-01-18 04:00:00+00:00,0.0
2023-01-18 05:00:00+00:00,0.0
2023-01-18 06:00:00+00:00,0.0
2023-01-18 07:00:00+00:00,6.0
2023-01-18 08:00:00+00:00,655.0
2023-01-18 09:00:00+00:00,3578.0
2023-01-18 10:00:00+00:00,6165.0
2023-01-18 11:00:00+00:00,6621.0
2023-01-18 12:00:00+00:00,5889.0
2023-01-18 13:00:00+00:00,4473.0
2023-01-18 14:00:00+00:00,2217.0
2023-01-18 15:00:00+00:00,571.0
2023-01-18 16:00:00+00:00,7.0
2023-01-18 17:00:00+00:00,0.0
2023-01-18 18:00:00+00:00,0.0
2023-01-18 19:00:00+00:00,0.0
2023-01-18 20:00:00+00:00,0.0
2023-01-18 21:00:00+00:00,0.0
2023-01-18 22:00:00+00:00,0.0
2023-01-18 23:00:00+00:00,0.0
2023-01-19 00:00:00+00:00,0.0
2023-01-19 01:00:00+00:00,0.0
2023-01-19 02:00:00+00:00,0.0
2023-01-19 03:00:00+00:00,0.0
2023-01-19 04:00:00+00:00,0.0
2023-01-19 05:00:00+00:00,0.0
2023-01-19 06:00:00+00:00,0.0
2023-01-19 07:00:00+00:00,7.0
2023-01-19 08:00:00+00:00,377.0
2023-01-19 09:00:00+00:00,2166.0
2023-01-19 10:00:00+00:00,4617.0
2023-01-19 11:00:00+00:00,5778.0
2023-01-19 12:00:00+00:00,5566.0
2023-01-19 13:00:00+00:00,4656.0
2023-01-19 14:00:00+00:00,2833.0
2023-01-19 15:00:00+00:00,734.0
2023-01-19 16:00:00+00:00,10.0
2023-01-19 17:00:00+00:00,0.0
2023-01-19 18:00:00+00:00,0.0
2023-01-19 19:00:00+00:00,0.0
2023-01-19 20:00:00+00:00,0.0
2023-01-19 21:00:00+00:00,0.0
2023-01-19 22:00:00+00:00,0.0
2023-01-19 23:00:00+00:00,0.0
2023-01-20 00:00:00+00:00,0.0
2023-01-20 01:00:00+00:00,0.0
2023-01-20 02:00:00+00:00,0.0
2023-01-20 03:00:00+00:00,0.0
2023-01-20 04:00:00+00:00,0.0
2023-01-20 05:00:00+00:00,0.0
2023-01-20 06:00:00+00:00,0.0
2023-01-20 07:00:00+00:00,12.0
2023-01-20 08:00:00+00:00,245.0
2023-01-20 09:00:00+00:00,703.0
2023-01-20 10:00:00+00:00,1442.0
2023-01-20 11:00:00+00:00,1933.0
2023-01-20 12:00:00+00:00,1636.0
2023-01-20 13:00:00+00:00,1432.0
2023-01-20 14:00:00+00:00,1025.0
2023-01-20 15:00:00+00:00,314.0
2023-01-20 16:00:00+00:00,7.0
2023-01-20 17:00:00+00:00,0.0
2023-01-20 18:00:00+00:00,0.0
2023-01-20 19:00:00+00:00,0.0
2023-01-20 20:00:00+00:00,0.0
2023-01-20 21:00:00+00:00,0.0
2023-01-20 22:00:00+00:00,0.0
2023-01-20 23:00:00+00:00,0.0
2023-01-21 00:00:00+00:00,0.0
2023-01-21 01:00:00+00:00,0.0
2023-01-21 02:00:00+00:00,0.0
2023-01-21 03:00:00+00:00,0.0
2023-01-21 04:00:00+00:00,0.0
2023-01-21 05:00:00+00:00,0.0
2023-01-21 06:00:00+00:00,0.0
2023-01-21 07:00:00+00:00,12.0
2023-01-21 08:00:00+00:00,528.0
2023-01-21 09:00:00+00:00,1798.0
2023-01-21 10:00:00+00:00,3115.0
2023-01-21 11:00:00+00:00,4459.0
2023-01-21 12:00:00+00:00,5211.0
2023-01-21 13:00:00+00:00,4216.0
2023-01-21 14:00:00+00:00,2966.0
2023-01-21 15:00:00+00:00,786.0
2023-01-21 16:00:00+00:00,13.0
2023-01-21 17:00:00+00:00,0.0
2023-01-21 18:00:00+00:00,0.0
2023-01-21 19:00:00+00:00,0.0
2023-01-21 20:00:00+00:00,0.0
2023-01-21 21:00:00+00:00,0.0
2023-01-21 22:00:00+00:00,0.0
2023-01-21 23:00:00+00:00,0.0
2023-01-22 00:00:00+00:00,0.0
2023-01-22 01:00:00+00:00,0.0
2023-01-22 02:00:00+00:00,0.0
2023-01-22 03:00:00+00:00,0.0
2023-01-22 04:00:00+00:00,0.0
2023-01-22 05:00:00+00:00,0.0
2023-01-22 06:00:00+00:00,0.0
2023-01-22 07:00:00+00:00,10.0
2023-01-22 08:00:00+00:00,325.0
2023-01-22 09:00:00+00:00,1041.0
2023-01-22 10:00:00+00:00,1886.0
2023-01-22 11:00:00+00:00,2224.0
2023-01-22 12:00:00+00:00,2244.0
2023-01-22 13:00:00+00:00,1531.0
2023-01-22 14:00:00+00:00,983.0
2023-01-22 15:00:00+00:00,325.0
2023-01-22 16:00:00+00:00,10.0
2023-01-22 17:00:00+00:00,0.0
2023-01-22 18:00:00+00:00,0.0
2023-01-22 19:00:00+00:00,0.0
2023-01-22 20:00:00+00:00,0.0
2023-01-22 21:00:00+00:00,0.0
2023-01-22 22:00:00+00:00,0.0
2023-01-22 23:00:00+00:00,0.0
2023-01-23 00:00:00+00:00,0.0
2023-01-23 01:00:00+00:00,0.0
2023-01-23 02:00:00+00:00,0.0
2023-01-23 03:00:00+00:00,0.0
2023-01-23 04:00:00+00:00,0.0
2023-01-23 05:00:00+00:00,0.0
2023-01-23 06:00:00+00:00,0.0
2023-01-23 07:00:00+00:00,12.0
2023-01-23 08:00:00+00:00,307.0
2023-01-23 09:00:00+00:00,1055.0
2023-01-23 10:00:00+00:00,1962.0
2023-01-23 11:00:00+00:00,2795.0
2023-01-23 12:00:00+00:00,2922.0
2023-01-23 13:00:00+00:00,2209.0
2023-01-23 14:00:00+00:00,1563.0
2023-01-23 15:00:00+00:00,546.0
2023-01-23 16:00:00+00:00,16.0
2023-01-23 17:00:00+00:00,0.0
2023-01-23 18:00:00+00:00,0.0
2023-01-23 19:00:00+00:00,0.0
2023-01-23 20:00:00+00:00,0.0
2023-01-23 21:00:00+00:00,0.0
2023-01-23 22:00:00+00:00,0.0
2023-01-23 23:00:00+00:00,0.0
2023-01-24 00:00:00+00:00,0.0
2023-01-24 01:00:00+00:00,0.0
2023-01-24 02:00:00+00:00,0.0
2023-01-24 03:00:00+00:00,0.0
2023-01-24 04:00:00+00:00,0.0
2023-01-24 05:00:00+00:00,0.0
2023-01-24 06:00:00+00:00,0.0
2023-01-24 07:00:00+00:00,11.0
2023-01-24 08:00:00+00:00,222.0
2023-01-24 09:00:00+00:00,684.0
2023-01-24 10:00:00+00:00,1155.0
2023-01-24 11:00:00+00:00,1451.0
2023-01-24 12:00:00+00:00,1604.0
2023-01-24 13:00:00+00:00,1395.0
2023-01-24 14:00:00+00:00,942.0
2023-01-24 15:00:00+00:00,323.0
2023-01-24 16:00:00+00:00,13.0
2023-01-24 17:00:00+00:00,0.0
2023-01-24 18:00:00+00:00,0.0
2023-01-24 19:00:00+00:00,0.0
2023-01-24 20:00:00+00:00,0.0
2023-01-24 21:00:00+00:00,0.0
2023-01-24 22:00:00+00:00,0.0
2023-01-24 23:00:00+00:00,0.0
2023-01-25 00:00:00+00:00,0.0
2023-01-25 01:00:00+00:00,0.0
2023-01-25 02:00:00+00:00,0.0
2023-01-25 03:00:00+00:00,0.0
2023-01-25 04:00:00+00:00,0.0
2023-01-25 05:00:00+00:00,0.0
2023-01-25 06:00:00+00:00,0.0
2023-01-25 07:00:00+00:00,9.0
2023-01-25 08:00:00+00:00,167.0
2023-01-25 09:00:00+00:00,547.0
2023-01-25 10:00:00+00:00,974.0
2023-01-25 11:00:00+00:00,1264.0
2023-01-25 12:00:00+00:00,1380.0
2023-01-25 13:00:00+00:00,1168.0
2023-01-25 14:00:00+00:00,777.0
2023-01-25 15:00:00+00:00,237.0
2023-01-25 16:00:00+00:00,8.0
2023-01-25 17:00:00+00:00,0.0
2023-01-25 18:00:00+00:00,0.0
2023-01-25 19:00:00+00:00,0.0
2023-01-25 20:00:00+00:00,0.0
2023-01-25 21:00:00+00:00,0.0
2023-01-25 22:00:00+00:00,0.0
2023-01-25 23:00:00+00:00,0.0
2023-01-26 00:00:00+00:00,0.0
2023-01-26 01:00:00+00:00,0.0
2023-01-26 02:00:00+00:00,0.0
2023-01-26 03:00:00+00:00,0.0
2023-01-26 04:00:00+00:00,0.0
2023-01-26 05:00:00+00:00,0.0
2023-01-26 06:00:00+00:00,0.0
2023-01-26 07:00:00+00:00,20.0
2023-01-26 08:00:00+00:00,438.0
2023-01-26 09:00:00+00:00,1960.0
2023-01-26 10:00:00+00:00,3402.0
2023-01-26 11:00:00+00:00,4458.0
2023-01-26 12:00:00+00:00,4582.0
2023-01-26 13:00:00+00:00,3784.0
2023-01-26 14:00:00+00:00,2048.0
2023-01-26 15:00:00+00:00,770.0
2023-01-26 16:00:00+00:00,43.0
2023-01-26 17:00:00+00:00,0.0
2023-01-26 18:00:00+00:00,0.0
2023-01-26 19:00:00+00:00,0.0
2023-01-26 20:00:00+00:00,0.0
2023-01-26 21:00:00+00:00,0.0
2023-01-26 22:00:00+00:00,0.0
2023-01-26 23:00:00+00:00,0.0
2023-01-27 00:00:00+00:00,0.0
2023-01-27 01:00:00+00:00,0.0
2023-01-27 02:00:00+00:00,0.0
2023-01-27 03:00:00+00:00,0.0
2023-01-27 04:00:00+00:00,0.0
2023-01-27 05:00:00+00:00,0.0
2023-01-27 06:00:00+00:00,0.0
2023-01-27 07:00:00+00:00,22.0
2023-01-27 08:00:00+00:00,512.0
2023-01-27 09:00:00+00:00,1737.0
2023-01-27 10:00:00+00:00,2750.0
2023-01-27 11:00:00+00:00,2866.0
2023-01-27 12:00:00+00:00,2169.0
2023-01-27 13:00:00+00:00,1452.0
2023-01-27 14:00:00+00:00,895.0
2023-01-27 15:00:00+00:00,379.0
2023-01-27 16:00:00+00:00,35.0
2023-01-27 17:00:00+00:00,0.0
2023-01-27 18:00:00+00:00,0.0
2023-01-27 19:00:00+00:00,0.0
2023-01-27 20:00:00+00:00,0.0
2023-01-27 21:00:00+00:00,0.0
2023-01-27 22:00:00+00:00,0.0
2023-01-27 23:00:00+00:00,0.0
2023-01-28 00:00:00+00:00,0.0
2023-01-28 01:00:00+00:00,0.0
2023-01-28 02:00:00+00:00,0.0
2023-01-28 03:00:00+00:00,0.0
2023-01-28 04:00:00+00:00,0.0
2023-01-28 05:00:00+00:00,0.0
2023-01-28 06:00:00+00:00,0.0
2023-01-28 07:00:00+00:00,24.0
2023-01-28 08:00:00+00:00,598.0
2023-01-28 09:00:00+00:00,2194.0
2023-01-28 10:00:00+00:00,4038.0
2023-01-28 11:00:00+00:00,5860.0
2023-01-28 12:00:00+00:00,6001.0
2023-01-28 13:00:00+00:00,5285.0
2023-01-28 14:00:00+00:00,3483.0
2023-01-28 15:00:00+00:00,1169.0
2023-01-28 16:00:00+00:00,75.0
2023-01-28 17:00:00+00:00,0.0
2023-01-28 18:00:00+00:00,0.0
2023-01-28 19:00:00+00:00,0.0
2023-01-28 20:00:00+00:00,0.0
2023-01-28 21:00:00+00:00,0.0
2023-01-28 22:00:00+00:00,0.0
2023-01-28 23:00:00+00:00,0.0
2023-01-29 00:00:00+00:00,0.0
2023-01-29 01:00:00+00:00,0.0
2023-01-29 02:00:00+00:00,0.0
2023-01-29 03:00:00+00:00,0.0
2023-01-29 04:00:00+00:00,0.0
2023-01-29 05:00:00+00:00,0.0
2023-01-29 06:00:00+00:00,0.0
2023-01-29 07:00:00+00:00,21.0
2023-01-29 08:00:00+00:00,322.0
2023-01-29 09:00:00+00:00,1043.0
2023-01-29 10:00:00+00:00,1623.0
2023-01-29 11:00:00+00:00,1763.0
2023-01-29 12:00:00+00:00,1762.0
2023-01-29 13:00:00+00:00,1647.0
2023-01-29 14:00:00+00:00,1158.0
2023-01-29 15:00:00+00:00,465.0
2023-01-29 16:00:00+00:00,47.0
2023-01-29 17:00:00+00:00,0.0
2023-01-29 18:00:00+00:00,0.0
2023-01-29 19:00:00+00:00,0.0
2023-01-29 20:00:00+00:00,0.0
2023-01-29 21:00:00+00:00,0.0
2023-01-29 22:00:00+00:00,0.0
2023-01-29 23:00:00+00:00,0.0
2023-01-30 00:00:00+00:00,0.0
2023-01-30 01:00:00+00:00,0.0
2023-01-30 02:00:00+00:00,0.0
2023-01-30 03:00:00+00:00,0.0
2023-01-30 04:00:00+00:00,0.0
2023-01-30 05:00:00+00:00,0.0
2023-01-30 06:00:00+00:00,0.0
2023-01-30 07:00:00+00:00,47.0
2023-01-30 08:00:00+00:00,988.0
2023-01-30 09:00:00+00:00,2833.0
2023-01-30 10:00:00+00:00,3433.0
2023-01-30 11:00:00+00:00,4314.0
2023-01-30 12:00:00+00:00,4912.0
2023-01-30 13:00:00+00:00,4467.0
2023-01-30 14:00:00+00:00,2960.0
2023-01-30 15:00:00+00:00,1382.0
2023-01-30 16:00:00+00:00,143.0
2023-01-30 17:00:00+00:00,0.0
2023-01-30 18:00:00+00:00,0.0
2023-01-30 19:00:00+00:00,0.0
2023-01-30 20:00:00+00:00,0.0
2023-01-30 21:00:00+00:00,0.0
2023-01-30 22:00:00+00:00,0.0
2023-01-30 23:00:00+00:00,0.0
2023-01-31 00:00:00+00:00,0.0
2023-01-31 01:00:00+00:00,0.0
2023-01-31 02:00:00+00:00,0.0
2023-01-31 03:00:00+00:00,0.0
2023-01-31 04:00:00+00:00,0.0
2023-01-31 05:00:00+00:00,0.0
2023-01-31 06:00:00+00:00,0.0
2023-01-31 07:00:00+00:00,36.0
2023-01-31 08:00:00+00:00,524.0
2023-01-31 09:00:00+00:00,1592.0
2023-01-31 10:00:00+00:00,2274.0
2023-01-31 11:00:00+00:00,2038.0
2023-01-31 12:00:00+00:00,2372.0
2023-01-31 13:00:00+00:00,2997.0
2023-01-31 14:00:00+00:00,1926.0
2023-01-31 15:00:00+00:00,1079.0
2023-01-31 16:00:00+00:00,168.0
2023-01-31 17:00:00+00:00,0.0
2023-01-31 18:00:00+00:00,0.0
2023-01-31 19:00:00+00:00,0.0
2023-01-31 20:00:00+00:00,0.0
2023-01-31 21:00:00+00:00,0.0
2023-01-31 22:00:00+00:00,0.0
2023-01-31 23:00:00+00:00,0.0
2023-02-01 00:00:00+00:00,0.0
2023-02-01 01:00:00+00:00,0.0
2023-02-01 02:00:00+00:00,0.0
2023-02-01 03:00:00+00:00,0.0
2023-02-01 04:00:00+00:00,0.0
2023-02-01 05:00:00+00:00,0.0
2023-02-01 06:00:00+00:00,0.0
2023-02-01 07:00:00+00:00,51.0
2023-02-01 08:00:00+00:00,964.0
2023-02-01 09:00:00+00:00,2146.0
2023-02-01 10:00:00+00:00,2313.0
2023-02-01 11:00:00+00:00,2033.0
2023-02-01 12:00:00+00:00,2206.0
2023-02-01 13:00:00+00:00,2904.0
2023-02-01 14:00:00+00:00,1831.0
2023-02-01 15:00:00+00:00,747.0
2023-02-01 16:00:00+00:00,89.0
2023-02-01 17:00:00+00:00,0.0
2023-02-01 18:00:00+00:00,0.0
2023-02-01 19:00:00+00:00,0.0
2023-02-01 20:00:00+00:00,0.0
2023-02-01 21:00:00+00:00,0.0
2023-02-01 22:00:00+00:00,0.0
2023-02-01 23:00:00+00:00,0.0
2023-02-02 00:00:00+00:00,0.0
2023-02-02 01:00:00+00:00,0.0
2023-02-02 02:00:00+00:00,0.0
2023-02-02 03:00:00+00:00,0.0
2023-02-02 04:00:00+00:00,0.0
2023-02-02 05:00:00+00:00,0.0
2023-02-02 06:00:00+00:00,0.0
2023-02-02 07:00:00+00:00,30.0
2023-02-02 08:00:00+00:00,483.0
2023-02-02 09:00:00+00:00,1500.0
2023-02-02 10:00:00+00:00,2408.0
2023-02-02 11:00:00+00:00,2126.0
2023-02-02 12:00:00+00:00,1497.0
2023-02-02 13:00:00+00:00,1414.0
2023-02-02 14:00:00+00:00,1037.0
2023-02-02 15:00:00+00:00,664.0
2023-02-02 16:00:00+00:00,127.0
2023-02-02 17:00:00+00:00,0.0
2023-02-02 18:00:00+00:00,0.0
2023-02-02 19:00:00+00:00,0.0
2023-02-02 20:00:00+00:00,0.0
2023-02-02 21:00:00+00:00,0.0
2023-02-02 22:00:00+00:00,0.0
2023-02-02 23:00:00+00:00,0.0
2023-02-03 00:00:00+00:00,0.0
2023-02-03 01:00:00+00:00,0.0
2023-02-03 02:00:00+00:00,0.0
2023-02-03 03:00:00+00:00,0.0
2023-02-03 04:00:00+00:00,0.0
2023-02-03 05:00:00+00:00,0.0
2023-02-03 06:00:00+00:00,0.0
2023-02-03 07:00:00+00:00,27.0
2023-02-03 08:00:00+00:00,345.0
2023-02-03 09:00:00+00:00,1104.0
2023-02-03 10:00:00+00:00,2078.0
2023-02-03 11:00:00+00:00,2460.0
2023-02-03 12:00:00+00:00,2625.0
2023-02-03 13:00:00+00:00,2203.0
2023-02-03 14:00:00+00:00,1613.0
2023-02-03 15:00:00+00:00,975.0
2023-02-03 16:00:00+00:00,168.0
2023-02-03 17:00:00+00:00,0.0
2023-02-03 18:00:00+00:00,0.0
2023-02-03 19:00:00+00:00,0.0
2023-02-03 20:00:00+00:00,0.0
2023-02-03 21:00:00+00:00,0.0
2023-02-03 22:00:00+00:00,0.0
2023-02-03 23:00:00+00:00,0.0
2023-02-04 00:00:00+00:00,0.0
2023-02-04 01:00:00+00:00,0.0
2023-02-04 02:00:00+00:00,0.0
2023-02-04 03:00:00+00:00,0.0
2023-02-04 04:00:00+00:00,0.0
2023-02-04 05:00:00+00:00,0.0
2023-02-04 06:00:00+00:00,0.0
2023-02-04 07:00:00+00:00,75.0
2023-02-04 08:00:00+00:00,864.0
2023-02-04 09:00:00+00:00,2345.0
2023-02-04 10:00:00+00:00,3976.0
2023-02-04 11:00:00+00:00,4948.0
2023-02-04 12:00:00+00:00,4890.0
2023-02-04 13:00:00+00:00,4219.0
2023-02-04 14:00:00+00:00,3334.0
2023-02-04 15:00:00+00:00,1287.0
2023-02-04 16:00:00+00:00,118.0
2023-02-04 17:00:00+00:00,0.0
2023-02-04 18:00:00+00:00,0.0
2023-02-04 19:00:00+00:00,0.0
2023-02-04 20:00:00+00:00,0.0
2023-02-04 21:00:00+00:00,0.0
2023-02-04 22:00:00+00:00,0.0
2023-02-04 23:00:00+00:00,0.0
2023-02-05 00:00:00+00:00,0.0
2023-02-05 01:00:00+00:00,0.0
2023-02-05 02:00:00+00:00,0.0
2023-02-05 03:00:00+00:00,0.0
2023-02-05 04:00:00+00:00,0.0
2023-02-05 05:00:00+00:00,0.0
2023-02-05 06:00:00+00:00,0.0
2023-02-05 07:00:00+00:00,63.0
2023-02-05 08:00:00+00:00,866.0
2023-02-05 09:00:00+00:00,2276.0
2023-02-05 10:00:00+00:00,3707.0
2023-02-05 11:00:00+00:00,4513.0
2023-02-05 12:00:00+00:00,5260.0
2023-02-05 13:00:00+00:00,5087.0
2023-02-05 14:00:00+00:00,3826.0
2023-02-05 15:00:00+00:00,1914.0
2023-02-05 16:00:00+00:00,262.0
2023-02-05 17:00:00+00:00,0.0
2023-02-05 18:00:00+00:00,0.0
2023-02-05 19:00:00+00:00,0.0
2023-02-05 20:00:00+00:00,0.0
2023-02-05 21:00:00+00:00,0.0
2023-02-05 22:00:00+00:00,0.0
2023-02-05 23:00:00+00:00,0.0
2023-02-06 00:00:00+00:00,0.0
2023-02-06 01:00:00+00:00,0.0
2023-02-06 02:00:00+00:00,0.0
2023-02-06 03:00:00+00:00,0.0
2023-02-06 04:00:00+00:00,0.0
2023-02-06 05:00:00+00:00,0.0
2023-02-06 06:00:00+00:00,0.0
2023-02-06 07:00:00+00:00,91.0
2023-02-06 08:00:00+00:00,1032.0
2023-02-06 09:00:00+00:00,2948.0
2023-02-06 10:00:00+00:00,4972.0
2023-02-06 11:00:00+00:00,6251.0
2023-02-06 12:00:00+00:00,6443.0
2023-02-06 13:00:00+00:00,5912.0
2023-02-06 14:00:00+00:00,4387.0
2023-02-06 15:00:00+00:00,2090.0
2023-02-06 16:00:00+00:00,258.0
2023-02-06 17:00:00+00:00,0.0
2023-02-06 18:00:00+00:00,0.0
2023-02-06 19:00:00+00:00,0.0
2023-02-06 20:00:00+00:00,0.0
2023-02-06 21:00:00+00:00,0.0
2023-02-06 22:00:00+00:00,0.0
2023-02-06 23:00:00+00:00,0.0
2023-02-07 00:00:00+00:00,0.0
2023-02-07 01:00:00+00:00,0.0
2023-02-07 02:00:00+00:00,0.0
2023-02-07 03:00:00+00:00,0.0
2023-02-07 04:00:00+00:00,0.0
2023-02-07 05:00:00+00:00,0.0
2023-02-07 06:00:00+00:00,0.0
2023-02-07 07:00:00+00:00,225.0
2023-02-07 08:00:00+00:00,2630.0
2023-02-07 09:00:00+00:00,6004.0
2023-02-07 10:00:00+00:00,7939.0
2023-02-07 11:00:00+00:00,7909.0
2023-02-07 12:00:00+00:00,8245.0
2023-02-07 13:00:00+00:00,7694.0
2023-02-07 14:00:00+00:00,5664.0
2023-02-07 15:00:00+00:00,2905.0
2023-02-07 16:00:00+00:00,423.0
2023-02-07 17:00:00+00:00,0.0
2023-02-07 18:00:00+00:00,0.0
2023-02-07 19:00:00+00:00,0.0
2023-02-07 20:00:00+00:00,0.0
2023-02-07 21:00:00+00:00,0.0
2023-02-07 22:00:00+00:00,0.0
2023-02-07 23:00:00+00:00,0.0
2023-02-08 00:00:00+00:00,0.0
2023-02-08 01:00:00+00:00,0.0
2023-02-08 02:00:00+00:00,0.0
2023-02-08 03:00:00+00:00,0.0
2023-02-08 04:00:00+00:00,0.0
2023-02-08 05:00:00+00:00,0.0
2023-02-08 06:00:00+00:00,0.0
2023-02-08 07:00:00+00:00,375.0
2023-02-08 08:00:00+00:00,3597.0
2023-02-08 09:00:00+00:00,6826.0
2023-02-08 10:00:00+00:00,8189.0
2023-02-08 11:00:00+00:00,8278.0
2023-02-08 12:00:00+00:00,8576.0
2023-02-08 13:00:00+00:00,7755.0
2023-02-08 14:00:00+00:00,5828.0
2023-02-08 15:00:00+00:00,3034.0
2023-02-08 16:00:00+00:00,495.0
2023-02-08 17:00:00+00:00,0.0
2023-02-08 18:00:00+00:00,0.0
2023-02-08 19:00:00+00:00,0.0
2023-02-08 20:00:00+00:00,0.0
2023-02-08 21:00:00+00:00,0.0
2023-02-08 22:00:00+00:00,0.0
2023-02-08 23:00:00+00:00,0.0
2023-02-09 00:00:00+00:00,0.0
2023-02-09 01:00:00+00:00,0.0
2023-02-09 02:00:00+00:00,0.0
2023-02-09 03:00:00+00:00,0.0
2023-02-09 04:00:00+00:00,0.0
2023-02-09 05:00:00+00:00,0.0
2023-02-09 06:00:00+00:00,0.0
2023-02-09 07:00:00+00:00,218.0
2023-02-09 08:00:00+00:00,1749.0
2023-02-09 09:00:00+00:00,3854.0
2023-02-09 10:00:00+00:00,5246.0
2023-02-09 11:00:00+00:00,5810.0
2023-02-09 12:00:00+00:00,5055.0
2023-02-09 13:00:00+00:00,3187.0
2023-02-09 14:00:00+00:00,1902.0
2023-02-09 15:00:00+00:00,868.0
2023-02-09 16:00:00+00:00,183.0
2023-02-09 17:00:00+00:00,0.0
2023-02-09 18:00:00+00:00,0.0
2023-02-09 19:00:00+00:00,0.0
2023-02-09 20:00:00+00:00,0.0
2023-02-09 21:00:00+00:00,0.0
2023-02-09 22:00:00+00:00,0.0
2023-02-09 23:00:00+00:00,0.0
2023-02-10 00:00:00+00:00,0.0
2023-02-10 01:00:00+00:00,0.0
2023-02-10 02:00:00+00:00,0.0
2023-02-10 03:00:00+00:00,0.0
2023-02-10 04:00:00+00:00,0.0
2023-02-10 05:00:00+00:00,0.0
2023-02-10 06:00:00+00:00,0.0
2023-02-10 07:00:00+00:00,181.0
2023-02-10 08:00:00+00:00,1567.0
2023-02-10 09:00:00+00:00,3460.0
2023-02-10 10:00:00+00:00,5744.0
2023-02-10 11:00:00+00:00,7501.0
2023-02-10 12:00:00+00:00,7395.0
2023-02-10 13:00:00+00:00,6650.0
2023-02-10 14:00:00+00:00,4720.0
2023-02-10 15:00:00+00:00,2179.0
2023-02-10 16:00:00+00:00,256.0
2023-02-10 17:00:00+00:00,0.0
2023-02-10 18:00:00+00:00,0.0
2023-02-10 19:00:00+00:00,0.0
2023-02-10 20:00:00+00:00,0.0
2023-02-10 21:00:00+00:00,0.0
2023-02-10 22:00:00+00:00,0.0
2023-02-10 23:00:00+00:00,0.0
2023-02-11 00:00:00+00:00,0.0
2023-02-11 01:00:00+00:00,0.0
2023-02-11 02:00:00+00:00,0.0
2023-02-11 03:00:00+00:00,0.0
2023-02-11 04:00:00+00:00,0.0
2023-02-11 05:00:00+00:00,0.0
2023-02-11 06:00:00+00:00,0.0
2023-02-11 07:00:00+00:00,128.0
2023-02-11 08:00:00+00:00,893.0
2023-02-11 09:00:00+00:00,1798.0
2023-02-11 10:00:00+00:00,2463.0
2023-02-11 11:00:00+00:00,2981.0
2023-02-11 12:00:00+00:00,3459.0
2023-02-11 13:00:00+00:00,3434.0
2023-02-11 14:00:00+00:00,2652.0
2023-02-11 15:00:00+00:00,1324.0
2023-02-11 16:00:00+00:00,247.0
2023-02-11 17:00:00+00:00,0.0
2023-02-11 18:00:00+00:00,0.0
2023-02-11 19:00:00+00:00,0.0
2023-02-11 20:00:00+00:00,0.0
2023-02-11 21:00:00+00:00,0.0
2023-02-11 22:00:00+00:00,0.0
2023-02-11 23:00:00+00:00,0.0
2023-02-12 00:00:00+00:00,0.0
2023-02-12 01:00:00+00:00,0.0
2023-02-12 02:00:00+00:00,0.0
2023-02-12 03:00:00+00:00,0.0
2023-02-12 04:00:00+00:00,0.0
2023-02-12 05:00:00+00:00,0.0
2023-02-12 06:00:00+00:00,0.0
2023-02-12 07:00:00+00:00,113.0
2023-02-12 08:00:00+00:00,714.0
2023-02-12 09:00:00+00:00,1531.0
2023-02-12 10:00:00+00:00,2089.0
2023-02-12 11:00:00+00:00,2484.0
2023-02-12 12:00:00+00:00,2402.0
2023-02-12 13:00:00+00:00,1939.0
2023-02-12 14:00:00+00:00,1498.0
2023-02-12 15:00:00+00:00,751.0
2023-02-12 16:00:00+00:00,155.0
2023-02-12 17:00:00+00:00,0.0
2023-02-12 18:00:00+00:00,0.0
2023-02-12 19:00:00+00:00,0.0
2023-02-12 20:00:00+00:00,0.0
2023-02-12 21:00:00+00:00,0.0
2023-02-12 22:00:00+00:00,0.0
2023-02-12 23:00:00+00:00,0.0
2023-02-13 00:00:00+00:00,0.0
2023-02-13 01:00:00+00:00,0.0
2023-02-13 02:00:00+00:00,0.0
2023-02-13 03:00:00+00:00,0.0
2023-02-13 04:00:00+00:00,0.0
2023-02-13 05:00:00+00:00,0.0
2023-02-13 06:00:00+00:00,0.0
2023-02-13 07:00:00+00:00,181.0
2023-02-13 08:00:00+00:00,1432.0
2023-02-13 09:00:00+00:00,3116.0
2023-02-13 10:00:00+00:00,4997.0
2023-02-13 11:00:00+00:00,6225.0
2023-02-13 12:00:00+00:00,6976.0
2023-02-13 13:00:00+00:00,6701.0
2023-02-13 14:00:00+00:00,5365.0
2023-02-13 15:00:00+00:00,3010.0
2023-02-13 16:00:00+00:00,605.0
2023-02-13 17:00:00+00:00,0.0
2023-02-13 18:00:00+00:00,0.0
2023-02-13 19:00:00+00:00,0.0
2023-02-13 20:00:00+00:00,0.0
2023-02-13 21:00:00+00:00,0.0
2023-02-13 22:00:00+00:00,0.0
2023-02-13 23:00:00+00:00,0.0
2023-02-14 00:00:00+00:00,0.0
2023-02-14 01:00:00+00:00,0.0
2023-02-14 02:00:00+00:00,0.0
2023-02-14 03:00:00+00:00,0.0
2023-02-14 04:00:00+00:00,0.0
2023-02-14 05:00:00+00:00,0.0
2023-02-14 06:00:00+00:00,0.0
2023-02-14 07:00:00+00:00,406.0
2023-02-14 08:00:00+00:00,2804.0
2023-02-14 09:00:00+00:00,5416.0
2023-02-14 10:00:00+00:00,7501.0
2023-02-14 11:00:00+00:00,8709.0
2023-02-14 12:00:00+00:00,8821.0
2023-02-14 13:00:00+00:00,7954.0
2023-02-14 14:00:00+00:00,6067.0
2023-02-14 15:00:00+00:00,3250.0
2023-02-14 16:00:00+00:00,620.0
2023-02-14 17:00:00+00:00,0.0
2023-02-14 18:00:00+00:00,0.0
2023-02-14 19:00:00+00:00,0.0
2023-02-14 20:00:00+00:00,0.0
2023-02-14 21:00:00+00:00,0.0
2023-02-14 22:00:00+00:00,0.0
2023-02-14 23:00:00+00:00,0.0
2023-02-15 00:00:00+00:00,0.0
2023-02-15 01:00:00+00:00,0.0
2023-02-15 02:00:00+00:00,0.0
2023-02-15 03:00:00+00:00,0.0
2023-02-15 04:00:00+00:00,0.0
2023-02-15 05:00:00+00:00,0.0
2023-02-15 06:00:00+00:00,0.0
2023-02-15 07:00:00+00:00,569.0
2023-02-15 08:00:00+00:00,3138.0
2023-02-15 09:00:00+00:00,5157.0
2023-02-15 10:00:00+00:00,6902.0
2023-02-15 11:00:00+00:00,7738.0
2023-02-15 12:00:00+00:00,7950.0
2023-02-15 13:00:00+00:00,6430.0
2023-02-15 14:00:00+00:00,4453.0
2023-02-15 15:00:00+00:00,2199.0
2023-02-15 16:00:00+00:00,488.0
2023-02-15 17:00:00+00:00,0.0
2023-02-15 18:00:00+00:00,0.0
2023-02-15 19:00:00+00:00,0.0
2023-02-15 20:00:00+00:00,0.0
2023-02-15 21:00:00+00:00,0.0
2023-02-15 22:00:00+00:00,0.0
2023-02-15 23:00:00+00:00,0.0
2023-02-16 00:00:00+00:00,0.0
2023-02-16 01:00:00+00:00,0.0
2023-02-16 02:00:00+00:00,0.0
2023-02-16 03:00:00+00:00,0.0
2023-02-16 04:00:00+00:00,0.0
2023-02-16 05:00:00+00:00,0.0
2023-02-16 06:00:00+00:00,0.0
2023-02-16 07:00:00+00:00,150.0
2023-02-16 08:00:00+00:00,705.0
2023-02-16 09:00:00+00:00,1374.0
2023-02-16 10:00:00+00:00,2363.0
2023-02-16 11:00:00+00:00,3314.0
2023-02-16 12:00:00+00:00,4799.0
2023-02-16 13:00:00+00:00,5243.0
2023-02-16 14:00:00+00:00,3216.0
2023-02-16 15:00:00+00:00,1271.0
2023-02-16 16:00:00+00:00,246.0
2023-02-16 17:00:00+00:00,0.0
2023-02-16 18:00:00+00:00,0.0
2023-02-16 19:00:00+00:00,0.0
2023-02-16 20:00:00+00:00,0.0
2023-02-16 21:00:00+00:00,0.0
2023-02-16 22:00:00+00:00,0.0
2023-02-16 23:00:00+00:00,0.0
2023-02-17 00:00:00+00:00,0.0
2023-02-17 01:00:00+00:00,0.0
2023-02-17 02:00:00+00:00,0.0
2023-02-17 03:00:00+00:00,0.0
2023-02-17 04:00:00+00:00,0.0
2023-02-17 05:00:00+00:00,0.0
2023-02-17 06:00:00+00:00,0.0
2023-02-17 07:00:00+00:00,114.0
2023-02-17 08:00:00+00:00,734.0
2023-02-17 09:00:00+00:00,1621.0
2023-02-17 10:00:00+00:00,2448.0
2023-02-17 11:00:00+00:00,2479.0
2023-02-17 12:00:00+00:00,2782.0
2023-02-17 13:00:00+00:00,2531.0
2023-02-17 14:00:00+00:00,2682.0
2023-02-17 15:00:00+00:00,1973.0
2023-02-17 16:00:00+00:00,520.0
2023-02-17 17:00:00+00:00,0.0
2023-02-17 18:00:00+00:00,0.0
2023-02-17 19:00:00+00:00,0.0
2023-02-17 20:00:00+00:00,0.0
2023-02-17 21:00:00+00:00,0.0
2023-02-17 22:00:00+00:00,0.0
2023-02-17 23:00:00+00:00,0.0
2023-02-18 00:00:00+00:00,0.0
2023-02-18 01:00:00+00:00,0.0
2023-02-18 02:00:00+00:00,0.0
2023-02-18 03:00:00+00:00,0.0
2023-02-18 04:00:00+00:00,0.0
2023-02-18 05:00:00+00:00,0.0
2023-02-18 06:00:00+00:00,0.0
2023-02-18 07:00:00+00:00,131.0
2023-02-18 08:00:00+00:00,756.0
2023-02-18 09:00:00+00:00,1361.0
2023-02-18 10:00:00+00:00,2086.0
2023-02-18 11:00:00+00:00,2825.0
2023-02-18 12:00:00+00:00,3457.0
2023-02-18 13:00:00+00:00,3305.0
2023-02-18 14:00:00+00:00,2892.0
2023-02-18 15:00:00+00:00,1281.0
2023-02-18 16:00:00+00:00,273.0
2023-02-18 17:00:00+00:00,0.0
2023-02-18 18:00:00+00:00,0.0
2023-02-18 19:00:00+00:00,0.0
2023-02-18 20:00:00+00:00,0.0
2023-02-18 21:00:00+00:00,0.0
2023-02-18 22:00:00+00:00,0.0
2023-02-18 23:00:00+00:00,0.0
2023-02-19 00:00:00+00:00,0.0
2023-02-19 01:00:00+00:00,0.0
2023-02-19 02:00:00+00:00,0.0
2023-02-19 03:00:00+00:00,0.0
2023-02-19 04:00:00+00:00,0.0
2023-02-19 05:00:00+00:00,0.0
2023-02-19 06:00:00+00:00,2.0
2023-02-19 07:00:00+00:00,209.0
2023-02-19 08:00:00+00:00,1196.0
2023-02-19 09:00:00+00:00,2433.0
2023-02-19 10:00:00+00:00,3597.0
2023-02-19 11:00:00+00:00,4357.0
2023-02-19 12:00:00+00:00,4209.0
2023-02-19 13:00:00+00:00,3173.0
2023-02-19 14:00:00+00:00,2454.0
2023-02-19 15:00:00+00:00,1611.0
2023-02-19 16:00:00+00:00,465.0
2023-02-19 17:00:00+00:00,0.0
2023-02-19 18:00:00+00:00,0.0
2023-02-19 19:00:00+00:00,0.0
2023-02-19 20:00:00+00:00,0.0
2023-02-19 21:00:00+00:00,0.0
2023-02-19 22:00:00+00:00,0.0
2023-02-19 23:00:00+00:00,0.0
2023-02-20 00:00:00+00:00,0.0
2023-02-20 01:00:00+00:00,0.0
2023-02-20 02:00:00+00:00,0.0
2023-02-20 03:00:00+00:00,0.0
2023-02-20 04:00:00+00:00,0.0
2023-02-20 05:00:00+00:00,0.0
2023-02-20 06:00:00+00:00,3.0
2023-02-20 07:00:00+00:00,220.0
2023-02-20 08:00:00+00:00,995.0
2023-02-20 09:00:00+00:00,1635.0
2023-02-20 10:00:00+00:00,1987.0
2023-02-20 11:00:00+00:00,2451.0
2023-02-20 12:00:00+00:00,2818.0
2023-02-20 13:00:00+00:00,2548.0
2023-02-20 14:00:00+00:00,2066.0
2023-02-20 15:00:00+00:00,1342.0
2023-02-20 16:00:00+00:00,406.0
2023-02-20 17:00:00+00:00,9.0
2023-02-20 18:00:00+00:00,0.0
2023-02-20 19:00:00+00:00,0.0
2023-02-20 20:00:00+00:00,0.0
2023-02-20 21:00:00+00:00,0.0
2023-02-20 22:00:00+00:00,0.0
2023-02-20 23:00:00+00:00,0.0
2023-02-21 00:00:00+00:00,0.0
2023-02-21 01:00:00+00:00,0.0
2023-02-21 02:00:00+00:00,0.0
2023-02-21 03:00:00+00:00,0.0
2023-02-21 04:00:00+00:00,0.0
2023-02-21 05:00:00+00:00,0.0
2023-02-21 06:00:00+00:00,3.0
2023-02-21 07:00:00+00:00,155.0
2023-02-21 08:00:00+00:00,745.0
2023-02-21 09:00:00+00:00,1384.0
2023-02-21 10:00:00+00:00,1754.0
2023-02-21 11:00:00+00:00,1841.0
2023-02-21 12:00:00+00:00,2009.0
2023-02-21 13:00:00+00:00,1623.0
2023-02-21 14:00:00+00:00,1321.0
2023-02-21 15:00:00+00:00,800.0
2023-02-21 16:00:00+00:00,229.0
2023-02-21 17:00:00+00:00,5.0
2023-02-21 18:00:00+00:00,0.0
2023-02-21 19:00:00+00:00,0.0
2023-02-21 20:00:00+00:00,0.0
2023-02-21 21:00:00+00:00,0.0
2023-02-21 22:00:00+00:00,0.0
2023-02-21 23:00:00+00:00,0.0
2023-02-22 00:00:00+00:00,0.0
2023-02-22 01:00:00+00:00,0.0
2023-02-22 02:00:00+00:00,0.0
2023-02-22 03:00:00+00:00,0.0
2023-02-22 04:00:00+00:00,0.0
2023-02-22 05:00:00+00:00,0.0
2023-02-22 06:00:00+00:00,4.0
2023-02-22 07:00:00+00:00,320.0
2023-02-22 08:00:00+00:00,1430.0
2023-02-22 09:00:00+00:00,2787.0
2023-02-22 10:00:00+00:00,3871.0
2023-02-22 11:00:00+00:00,4890.0
2023-02-22 12:00:00+00:00,4617.0
2023-02-22 13:00:00+00:00,3372.0
2023-02-22 14:00:00+00:00,2488.0
2023-02-22 15:00:00+00:00,1359.0
2023-02-22 16:00:00+00:00,346.0
2023-02-22 17:00:00+00:00,6.0
2023-02-22 18:00:00+00:00,0.0
2023-02-22 19:00:00+00:00,0.0
2023-02-22 20:00:00+00:00,0.0
2023-02-22 21:00:00+00:00,0.0
2023-02-22 22:00:00+00:00,0.0
2023-02-22 23:00:00+00:00,0.0
2023-02-23 00:00:00+00:00,0.0
2023-02-23 01:00:00+00:00,0.0
2023-02-23 02:00:00+00:00,0.0
2023-02-23 03:00:00+00:00,0.0
2023-02-23 04:00:00+00:00,0.0
2023-02-23 05:00:00+00:00,0.0
2023-02-23 06:00:00+00:00,6.0
2023-02-23 07:00:00+00:00,204.0
2023-02-23 08:00:00+00:00,891.0
2023-02-23 09:00:00+00:00,1683.0
2023-02-23 10:00:00+00:00,2496.0
2023-02-23 11:00:00+00:00,2435.0
2023-02-23 12:00:00+00:00,2661.0
2023-02-23 13:00:00+00:00,2229.0
2023-02-23 14:00:00+00:00,1688.0
2023-02-23 15:00:00+00:00,1257.0
2023-02-23 16:00:00+00:00,380.0
2023-02-23 17:00:00+00:00,11.0
2023-02-23 18:00:00+00:00,0.0
2023-02-23 19:00:00+00:00,0.0
2023-02-23 20:00:00+00:00,0.0
2023-02-23 21:00:00+00:00,0.0
2023-02-23 22:00:00+00:00,0.0
2023-02-23 23:00:00+00:00,0.0
2023-02-24 00:00:00+00:00,0.0
2023-02-24 01:00:00+00:00,0.0
2023-02-24 02:00:00+00:00,0.0
2023-02-24 03:00:00+00:00,0.0
2023-02-24 04:00:00+00:00,0.0
2023-02-24 05:00:00+00:00,0.0
2023-02-24 06:00:00+00:00,8.0
2023-02-24 07:00:00+00:00,241.0
2023-02-24 08:00:00+00:00,980.0
2023-02-24 09:00:00+00:00,1758.0
2023-02-24 10:00:00+00:00,2459.0
2023-02-24 11:00:00+00:00,3295.0
2023-02-24 12:00:00+00:00,3627.0
2023-02-24 13:00:00+00:00,3857.0
2023-02-24 14:00:00+00:00,3430.0
2023-02-24 15:00:00+00:00,2609.0
2023-02-24 16:00:00+00:00,956.0
2023-02-24 17:00:00+00:00,23.0
2023-02-24 18:00:00+00:00,0.0
2023-02-24 19:00:00+00:00,0.0
2023-02-24 20:00:00+00:00,0.0
2023-02-24 21:00:00+00:00,0.0
2023-02-24 22:00:00+00:00,0.0
2023-02-24 23:00:00+00:00,0.0
2023-02-25 00:00:00+00:00,0.0
2023-02-25 01:00:00+00:00,0.0
2023-02-25 02:00:00+00:00,0.0
2023-02-25 03:00:00+00:00,0.0
2023-02-25 04:00:00+00:00,0.0
2023-02-25 05:00:00+00:00,0.0
2023-02-25 06:00:00+00:00,10.0
2023-02-25 07:00:00+00:00,637.0
2023-02-25 08:00:00+00:00,2840.0
2023-02-25 09:00:00+00:00,4749.0
2023-02-25 10:00:00+00:00,5961.0
2023-02-25 11:00:00+00:00,7733.0
2023-02-25 12:00:00+00:00,8249.0
2023-02-25 13:00:00+00:00,8371.0
2023-02-25 14:00:00+00:00,7092.0
2023-02-25 15:00:00+00:00,4518.0
2023-02-25 16:00:00+00:00,1464.0
2023-02-25 17:00:00+00:00,43.0
2023-02-25 18:00:00+00:00,0.0
2023-02-25 19:00:00+00:00,0.0
2023-02-25 20:00:00+00:00,0.0
2023-02-25 21:00:00+00:00,0.0
2023-02-25 22:00:00+00:00,0.0
2023-02-25 23:00:00+00:00,0.0
2023-02-26 00:00:00+00:00,0.0
2023-02-26 01:00:00+00:00,0.0
2023-02-26 02:00:00+00:00,0.0
2023-02-26 03:00:00+00:00,0.0
2023-02-26 04:00:00+00:00,0.0
2023-02-26 05:00:00+00:00,0.0
2023-02-26 06:00:00+00:00,20.0
2023-02-26 07:00:00+00:00,1211.0
2023-02-26 08:00:00+00:00,4406.0
2023-02-26 09:00:00+00:00,7304.0
2023-02-26 10:00:00+00:00,9213.0
2023-02-26 11:00:00+00:00,10047.0
2023-02-26 12:00:00+00:00,10218.0
2023-02-26 13:00:00+00:00,9476.0
2023-02-26 14:00:00+00:00,7346.0
2023-02-26 15:00:00+00:00,4699.0
2023-02-26 16:00:00+00:00,1509.0
2023-02-26 17:00:00+00:00,51.0
2023-02-26 18:00:00+00:00,0.0
2023-02-26 19:00:00+00:00,0.0
2023-02-26 20:00:00+00:00,0.0
2023-02-26 21:00:00+00:00,0.0
2023-02-26 22:00:00+00:00,0.0
2023-02-26 23:00:00+00:00,0.0
2023-02-27 00:00:00+00:00,0.0
2023-02-27 01:00:00+00:00,0.0
2023-02-27 02:00:00+00:00,0.0
2023-02-27 03:00:00+00:00,0.0
2023-02-27 04:00:00+00:00,0.0
2023-02-27 05:00:00+00:00,0.0
2023-02-27 06:00:00+00:00,34.0
2023-02-27 07:00:00+00:00,1632.0
2023-02-27 08:00:00+00:00,4811.0
2023-02-27 09:00:00+00:00,6523.0
2023-02-27 10:00:00+00:00,8651.0
2023-02-27 11:00:00+00:00,9859.0
2023-02-27 12:00:00+00:00,7817.0
2023-02-27 13:00:00+00:00,6380.0
2023-02-27 14:00:00+00:00,5665.0
2023-02-27 15:00:00+00:00,3625.0
2023-02-27 16:00:00+00:00,1365.0
2023-02-27 17:00:00+00:00,83.0
2023-02-27 18:00:00+00:00,0.0
2023-02-27 19:00:00+00:00,0.0
2023-02-27 20:00:00+00:00,0.0
2023-02-27 21:00:00+00:00,0.0
2023-02-27 22:00:00+00:00,0.0
2023-02-27 23:00:00+00:00,0.0
2023-02-28 00:00:00+00:00,0.0
2023-02-28 01:00:00+00:00,0.0
2023-02-28 02:00:00+00:00,0.0
2023-02-28 03:00:00+00:00,0.0
2023-02-28 04:00:00+00:00,0.0
2023-02-28 05:00:00+00:00,0.0
2023-02-28 06:00:00+00:00,26.0
2023-02-28 07:00:00+00:00,754.0
2023-02-28 08:00:00+00:00,2509.0
2023-02-28 09:00:00+00:00,4925.0
2023-02-28 10:00:00+00:00,7201.0
2023-02-28 11:00:00+00:00,9174.0
2023-02-28 12:00:00+00:00,10307.0
2023-02-28 13:00:00+00:00,9437.0
2023-02-28 14:00:00+00:00,8015.0
2023-02-28 15:00:00+00:00,5005.0
2023-02-28 16:00:00+00:00,1856.0
2023-02-28 17:00:00+00:00,91.0
2023-02-28 18:00:00+00:00,0.0
2023-02-28 19:00:00+00:00,0.0
2023-02-28 20:00:00+00:00,0.0
2023-02-28 21:00:00+00:00,0.0
2023-02-28 22:00:00+00:00,0.0
2023-02-28 23:00:00+00:00,0.0
2023-03-01 00:00:00+00:00,0.0
2023-03-01 01:00:00+00:00,0.0
2023-03-01 02:00:00+00:00,0.0
2023-03-01 03:00:00+00:00,0.0
2023-03-01 04:00:00+00:00,0.0
2023-03-01 05:00:00+00:00,0.0
2023-03-01 06:00:00+00:00,50.0
2023-03-01 07:00:00+00:00,1892.0
2023-03-01 08:00:00+00:00,5335.0
2023-03-01 09:00:00+00:00,7943.0
2023-03-01 10:00:00+00:00,9509.0
2023-03-01 11:00:00+00:00,10693.0
2023-03-01 12:00:00+00:00,10778.0
2023-03-01 13:00:00+00:00,9860.0
2023-03-01 14:00:00+00:00,8016.0
2023-03-01 15:00:00+00:00,5124.0
2023-03-01 16:00:00+00:00,2366.0
2023-03-01 17:00:00+00:00,159.0
2023-03-01 18:00:00+00:00,0.0
2023-03-01 19:00:00+00:00,0.0
2023-03-01 20:00:00+00:00,0.0
2023-03-01 21:00:00+00:00,0.0
2023-03-01 22:00:00+00:00,0.0
2023-03-01 23:00:00+00:00,0.0
2023-03-02 00:00:00+00:00,0.0
2023-03-02 01:00:00+00:00,0.0
2023-03-02 02:00:00+00:00,0.0
2023-03-02 03:00:00+00:00,0.0
2023-03-02 04:00:00+00:00,0.0
2023-03-02 05:00:00+00:00,0.0
2023-03-02 06:00:00+00:00,40.0
2023-03-02 07:00:00+00:00,1122.0
2023-03-02 08:00:00+00:00,3586.0
2023-03-02 09:00:00+00:00,5846.0
2023-03-02 10:00:00+00:00,7849.0
2023-03-02 11:00:00+00:00,9458.0
2023-03-02 12:00:00+00:00,10245.0
2023-03-02 13:00:00+00:00,9689.0
2023-03-02 14:00:00+00:00,7978.0
2023-03-02 15:00:00+00:00,5200.0
2023-03-02 16:00:00+00:00,2198.0
2023-03-02 17:00:00+00:00,144.0
2023-03-02 18:00:00+00:00,0.0
2023-03-02 19:00:00+00:00,0.0
2023-03-02 20:00:00+00:00,0.0
2023-03-02 21:00:00+00:00,0.0
2023-03-02 22:00:00+00:00,0.0
2023-03-02 23:00:00+00:00,0.0
2023-03-03 00:00:00+00:00,0.0
2023-03-03 01:00:00+00:00,0.0
2023-03-03 02:00:00+00:00,0.0
2023-03-03 03:00:00+00:00,0.0
2023-03-03 04:00:00+00:00,0.0
2023-03-03 05:00:00+00:00,0.0
2023-03-03 06:00:00+00:00,38.0
2023-03-03 07:00:00+00:00,779.0
2023-03-03 08:00:00+00:00,2219.0
2023-03-03 09:00:00+00:00,3493.0
2023-03-03 10:00:00+00:00,5648.0
2023-03-03 11:00:00+00:00,7554.0
2023-03-03 12:00:00+00:00,7106.0
2023-03-03 13:00:00+00:00,6822.0
2023-03-03 14:00:00+00:00,4854.0
2023-03-03 15:00:00+00:00,2645.0
2023-03-03 16:00:00+00:00,1094.0
2023-03-03 17:00:00+00:00,74.0
2023-03-03 18:00:00+00:00,0.0
2023-03-03 19:00:00+00:00,0.0
2023-03-03 20:00:00+00:00,0.0
2023-03-03 21:00:00+00:00,0.0
2023-03-03 22:00:00+00:00,0.0
2023-03-03 23:00:00+00:00,0.0
2023-03-04 00:00:00+00:00,0.0
2023-03-04 01:00:00+00:00,0.0
2023-03-04 02:00:00+00:00,0.0
2023-03-04 03:00:00+00:00,0.0
2023-03-04 04:00:00+00:00,0.0
2023-03-04 05:00:00+00:00,0.0
2023-03-04 06:00:00+00:00,34.0
2023-03-04 07:00:00+00:00,628.0
2023-03-04 08:00:00+00:00,2141.0
2023-03-04 09:00:00+00:00,3538.0
2023-03-04 10:00:00+00:00,4401.0
2023-03-04 11:00:00+00:00,4728.0
2023-03-04 12:00:00+00:00,4618.0
2023-03-04 13:00:00+00:00,4117.0
2023-03-04 14:00:00+00:00,3640.0
2023-03-04 15:00:00+00:00,2234.0
2023-03-04 16:00:00+00:00,820.0
2023-03-04 17:00:00+00:00,86.0
2023-03-04 18:00:00+00:00,0.0
2023-03-04 19:00:00+00:00,0.0
2023-03-04 20:00:00+00:00,0.0
2023-03-04 21:00:00+00:00,0.0
2023-03-04 22:00:00+00:00,0.0
2023-03-04 23:00:00+00:00,0.0
2023-03-05 00:00:00+00:00,0.0
2023-03-05 01:00:00+00:00,0.0
2023-03-05 02:00:00+00:00,0.0
2023-03-05 03:00:00+00:00,0.0
2023-03-05 04:00:00+00:00,0.0
2023-03-05 05:00:00+00:00,0.0
2023-03-05 06:00:00+00:00,55.0
2023-03-05 07:00:00+00:00,976.0
2023-03-05 08:00:00+00:00,2795.0
2023-03-05 09:00:00+00:00,4665.0
2023-03-05 10:00:00+00:00,5671.0
2023-03-05 11:00:00+00:00,6196.0
2023-03-05 12:00:00+00:00,5672.0
2023-03-05 13:00:00+00:00,5369.0
2023-03-05 14:00:00+00:00,4162.0
2023-03-05 15:00:00+00:00,2632.0
2023-03-05 16:00:00+00:00,913.0
2023-03-05 17:00:00+00:00,88.0
2023-03-05 18:00:00+00:00,0.0
2023-03-05 19:00:00+00:00,0.0
2023-03-05 20:00:00+00:00,0.0
2023-03-05 21:00:00+00:00,0.0
2023-03-05 22:00:00+00:00,0.0
2023-03-05 23:00:00+00:00,0.0
2023-03-06 00:00:00+00:00,0.0
2023-03-06 01:00:00+00:00,0.0
2023-03-06 02:00:00+00:00,0.0
2023-03-06 03:00:00+00:00,0.0
2023-03-06 04:00:00+00:00,0.0
2023-03-06 05:00:00+00:00,0.0
2023-03-06 06:00:00+00:00,59.0
2023-03-06 07:00:00+00:00,1106.0
2023-03-06 08:00:00+00:00,3347.0
2023-03-06 09:00:00+00:00,5348.0
2023-03-06 10:00:00+00:00,6708.0
2023-03-06 11:00:00+00:00,6915.0
2023-03-06 12:00:00+00:00,6491.0
2023-03-06 13:00:00+00:00,5083.0
2023-03-06 14:00:00+00:00,3448.0
2023-03-06 15:00:00+00:00,1892.0
2023-03-06 16:00:00+00:00,636.0
2023-03-06 17:00:00+00:00,45.0
2023-03-06 18:00:00+00:00,0.0
2023-03-06 19:00:00+00:00,0.0
2023-03-06 20:00:00+00:00,0.0
2023-03-06 21:00:00+00:00,0.0
2023-03-06 22:00:00+00:00,0.0
2023-03-06 23:00:00+00:00,0.0
2023-03-07 00:00:00+00:00,0.0
2023-03-07 01:00:00+00:00,0.0
2023-03-07 02:00:00+00:00,0.0
2023-03-07 03:00:00+00:00,0.0
2023-03-07 04:00:00+00:00,0.0
2023-03-07 05:00:00+00:00,0.0
2023-03-07 06:00:00+00:00,29.0
2023-03-07 07:00:00+00:00,397.0
2023-03-07 08:00:00+00:00,1267.0
2023-03-07 09:00:00+00:00,2363.0
2023-03-07 10:00:00+00:00,3480.0
2023-03-07 11:00:00+00:00,4149.0
2023-03-07 12:00:00+00:00,3827.0
2023-03-07 13:00:00+00:00,3226.0
2023-03-07 14:00:00+00:00,2765.0
2023-03-07 15:00:00+00:00,1867.0
2023-03-07 16:00:00+00:00,978.0
2023-03-07 17:00:00+00:00,150.0
2023-03-07 18:00:00+00:00,0.0
2023-03-07 19:00:00+00:00,0.0
2023-03-07 20:00:00+00:00,0.0
2023-03-07 21:00:00+00:00,0.0
2023-03-07 22:00:00+00:00,0.0
2023-03-07 23:00:00+00:00,0.0
2023-03-08 00:00:00+00:00,0.0
2023-03-08 01:00:00+00:00,0.0
2023-03-08 02:00:00+00:00,0.0
2023-03-08 03:00:00+00:00,0.0
2023-03-08 04:00:00+00:00,0.0
2023-03-08 05:00:00+00:00,0.0
2023-03-08 06:00:00+00:00,54.0
2023-03-08 07:00:00+00:00,675.0
2023-03-08 08:00:00+00:00,1648.0
2023-03-08 09:00:00+00:00,2922.0
2023-03-08 10:00:00+00:00,5261.0
2023-03-08 11:00:00+00:00,5799.0
2023-03-08 12:00:00+00:00,4364.0
2023-03-08 13:00:00+00:00,3390.0
2023-03-08 14:00:00+00:00,2876.0
2023-03-08 15:00:00+00:00,1802.0
2023-03-08 16:00:00+00:00,679.0
2023-03-08 17:00:00+00:00,78.0
2023-03-08 18:00:00+00:00,0.0
2023-03-08 19:00:00+00:00,0.0
2023-03-08 20:00:00+00:00,0.0
2023-03-08 21:00:00+00:00,0.0
2023-03-08 22:00:00+00:00,0.0
2023-03-08 23:00:00+00:00,0.0
2023-03-09 00:00:00+00:00,0.0
2023-03-09 01:00:00+00:00,0.0
2023-03-09 02:00:00+00:00,0.0
2023-03-09 03:00:00+00:00,0.0
2023-03-09 04:00:00+00:00,0.0
2023-03-09 05:00:00+00:00,0.0
2023-03-09 06:00:00+00:00,97.0
2023-03-09 07:00:00+00:00,822.0
2023-03-09 08:00:00+00:00,2090.0
2023-03-09 09:00:00+00:00,3266.0
2023-03-09 10:00:00+00:00,3412.0
2023-03-09 11:00:00+00:00,3015.0
2023-03-09 12:00:00+00:00,2685.0
2023-03-09 13:00:00+00:00,2151.0
2023-03-09 14:00:00+00:00,1753.0
2023-03-09 15:00:00+00:00,1090.0
2023-03-09 16:00:00+00:00,468.0
2023-03-09 17:00:00+00:00,57.0
2023-03-09 18:00:00+00:00,0.0
2023-03-09 19:00:00+00:00,0.0
2023-03-09 20:00:00+00:00,0.0
2023-03-09 21:00:00+00:00,0.0
2023-03-09 22:00:00+00:00,0.0
2023-03-09 23:00:00+00:00,0.0
2023-03-10 00:00:00+00:00,0.0
2023-03-10 01:00:00+00:00,0.0
2023-03-10 02:00:00+00:00,0.0
2023-03-10 03:00:00+00:00,0.0
2023-03-10 04:00:00+00:00,0.0
2023-03-10 05:00:00+00:00,0.0
2023-03-10 06:00:00+00:00,67.0
2023-03-10 07:00:00+00:00,642.0
2023-03-10 08:00:00+00:00,1570.0
2023-03-10 09:00:00+00:00,2120.0
2023-03-10 10:00:00+00:00,1920.0
2023-03-10 11:00:00+00:00,2130.0
2023-03-10 12:00:00+00:00,2137.0
2023-03-10 13:00:00+00:00,1587.0
2023-03-10 14:00:00+00:00,1190.0
2023-03-10 15:00:00+00:00,818.0
2023-03-10 16:00:00+00:00,694.0
2023-03-10 17:00:00+00:00,210.0
2023-03-10 18:00:00+00:00,0.0
2023-03-10 19:00:00+00:00,0.0
2023-03-10 20:00:00+00:00,0.0
2023-03-10 21:00:00+00:00,0.0
2023-03-10 22:00:00+00:00,0.0
2023-03-10 23:00:00+00:00,0.0
2023-03-11 00:00:00+00:00,0.0
2023-03-11 01:00:00+00:00,0.0
2023-03-11 02:00:00+00:00,0.0
2023-03-11 03:00:00+00:00,0.0
2023-03-11 04:00:00+00:00,0.0
2023-03-11 05:00:00+00:00,0.0
2023-03-11 06:00:00+00:00,333.0
2023-03-11 07:00:00+00:00,3489.0
2023-03-11 08:00:00+00:00,6961.0
2023-03-11 09:00:00+00:00,8663.0
2023-03-11 10:00:00+00:00,8408.0
2023-03-11 11:00:00+00:00,9306.0
2023-03-11 12:00:00+00:00,11106.0
2023-03-11 13:00:00+00:00,9962.0
2023-03-11 14:00:00+00:00,8218.0
2023-03-11 15:00:00+00:00,5380.0
2023-03-11 16:00:00+00:00,2393.0
2023-03-11 17:00:00+00:00,304.0
2023-03-11 18:00:00+00:00,0.0
2023-03-11 19:00:00+00:00,0.0
2023-03-11 20:00:00+00:00,0.0
2023-03-11 21:00:00+00:00,0.0
2023-03-11 22:00:00+00:00,0.0
2023-03-11 23:00:00+00:00,0.0
2023-03-12 00:00:00+00:00,0.0
2023-03-12 01:00:00+00:00,0.0
2023-03-12 02:00:00+00:00,0.0
2023-03-12 03:00:00+00:00,0.0
2023-03-12 04:00:00+00:00,0.0
2023-03-12 05:00:00+00:00,0.0
2023-03-12 06:00:00+00:00,78.0
2023-03-12 07:00:00+00:00,505.0
2023-03-12 08:00:00+00:00,1072.0
2023-03-12 09:00:00+00:00,1879.0
2023-03-12 10:00:00+00:00,2862.0
2023-03-12 11:00:00+00:00,3673.0
2023-03-12 12:00:00+00:00,4439.0
2023-03-12 13:00:00+00:00,4229.0
2023-03-12 14:00:00+00:00,4342.0
2023-03-12 15:00:00+00:00,2864.0
2023-03-12 16:00:00+00:00,1244.0
2023-03-12 17:00:00+00:00,173.0
2023-03-12 18:00:00+00:00,0.0
2023-03-12 19:00:00+00:00,0.0
2023-03-12 20:00:00+00:00,0.0
2023-03-12 21:00:00+00:00,0.0
2023-03-12 22:00:00+00:00,0.0
2023-03-12 23:00:00+00:00,0.0
2023-03-13 00:00:00+00:00,0.0
2023-03-13 01:00:00+00:00,0.0
2023-03-13 02:00:00+00:00,0.0
2023-03-13 03:00:00+00:00,0.0
2023-03-13 04:00:00+00:00,0.0
2023-03-13 05:00:00+00:00,0.0
2023-03-13 06:00:00+00:00,56.0
2023-03-13 07:00:00+00:00,443.0
2023-03-13 08:00:00+00:00,1809.0
2023-03-13 09:00:00+00:00,4797.0
2023-03-13 10:00:00+00:00,6640.0
2023-03-13 11:00:00+00:00,7540.0
2023-03-13 12:00:00+00:00,8149.0
2023-03-13 13:00:00+00:00,9187.0
2023-03-13 14:00:00+00:00,7534.0
2023-03-13 15:00:00+00:00,5292.0
2023-03-13 16:00:00+00:00,2562.0
2023-03-13 17:00:00+00:00,334.0
2023-03-13 18:00:00+00:00,0.0
2023-03-13 19:00:00+00:00,0.0
2023-03-13 20:00:00+00:00,0.0
2023-03-13 21:00:00+00:00,0.0
2023-03-13 22:00:00+00:00,0.0
2023-03-13 23:00:00+00:00,0.0
2023-03-14 00:00:00+00:00,0.0
2023-03-14 01:00:00+00:00,0.0
2023-03-14 02:00:00+00:00,0.0
2023-03-14 03:00:00+00:00,0.0
2023-03-14 04:00:00+00:00,0.0
2023-03-14 05:00:00+00:00,0.0
2023-03-14 06:00:00+00:00,131.0
2023-03-14 07:00:00+00:00,723.0
2023-03-14 08:00:00+00:00,1694.0
2023-03-14 09:00:00+00:00,3218.0
2023-03-14 10:00:00+00:00,5010.0
2023-03-14 11:00:00+00:00,7246.0
2023-03-14 12:00:00+00:00,9088.0
2023-03-14 13:00:00+00:00,8923.0
2023-03-14 14:00:00+00:00,6489.0
2023-03-14 15:00:00+00:00,3717.0
2023-03-14 16:00:00+00:00,1508.0
2023-03-14 17:00:00+00:00,423.0
2023-03-14 18:00:00+00:00,0.0
2023-03-14 19:00:00+00:00,0.0
2023-03-14 20:00:00+00:00,0.0
2023-03-14 21:00:00+00:00,0.0
2023-03-14 22:00:00+00:00,0.0
2023-03-14 23:00:00+00:00,0.0
2023-03-15 00:00:00+00:00,0.0
2023-03-15 01:00:00+00:00,0.0
2023-03-15 02:00:00+00:00,0.0
2023-03-15 03:00:00+00:00,0.0
2023-03-15 04:00:00+00:00,0.0
2023-03-15 05:00:00+00:00,0.0
2023-03-15 06:00:00+00:00,395.0
2023-03-15 07:00:00+00:00,2963.0
2023-03-15 08:00:00+00:00,6217.0
2023-03-15 09:00:00+00:00,8930.0
2023-03-15 10:00:00+00:00,10503.0
2023-03-15 11:00:00+00:00,11718.0
2023-03-15 12:00:00+00:00,11829.0
2023-03-15 13:00:00+00:00,10311.0
2023-03-15 14:00:00+00:00,7979.0
2023-03-15 15:00:00+00:00,5150.0
2023-03-15 16:00:00+00:00,2102.0
2023-03-15 17:00:00+00:00,211.0
2023-03-15 18:00:00+00:00,0.0
2023-03-15 19:00:00+00:00,0.0
2023-03-15 20:00:00+00:00,0.0
2023-03-15 21:00:00+00:00,0.0
2023-03-15 22:00:00+00:00,0.0
2023-03-15 23:00:00+00:00,0.0
2023-03-16 00:00:00+00:00,0.0
2023-03-16 01:00:00+00:00,0.0
2023-03-16 02:00:00+00:00,0.0
2023-03-16 03:00:00+00:00,0.0
2023-03-16 04:00:00+00:00,0.0
2023-03-16 05:00:00+00:00,0.0
2023-03-16 06:00:00+00:00,175.0
2023-03-16 07:00:00+00:00,985.0
2023-03-16 08:00:00+00:00,2051.0
2023-03-16 09:00:00+00:00,3689.0
2023-03-16 10:00:00+00:00,6240.0
2023-03-16 11:00:00+00:00,6763.0
2023-03-16 12:00:00+00:00,7113.0
2023-03-16 13:00:00+00:00,8378.0
2023-03-16 14:00:00+00:00,7093.0
2023-03-16 15:00:00+00:00,5074.0
2023-03-16 16:00:00+00:00,2321.0
2023-03-16 17:00:00+00:00,423.0
2023-03-16 18:00:00+00:00,0.0
2023-03-16 19:00:00+00:00,0.0
2023-03-16 20:00:00+00:00,0.0
2023-03-16 21:00:00+00:00,0.0
2023-03-16 22:00:00+00:00,0.0
2023-03-16 23:00:00+00:00,0.0
2023-03-17 00:00:00+00:00,0.0
2023-03-17 01:00:00+00:00,0.0
2023-03-17 02:00:00+00:00,0.0
2023-03-17 03:00:00+00:00,0.0
2023-03-17 04:00:00+00:00,0.0
2023-03-17 05:00:00+00:00,0.0
2023-03-17 06:00:00+00:00,374.0
2023-03-17 07:00:00+00:00,1962.0
2023-03-17 08:00:00+00:00,4373.0
2023-03-17 09:00:00+00:00,6880.0
2023-03-17 10:00:00+00:00,8167.0
2023-03-17 11:00:00+00:00,7956.0
2023-03-17 12:00:00+00:00,7971.0
2023-03-17 13:00:00+00:00,6263.0
2023-03-17 14:00:00+00:00,4878.0
2023-03-17 15:00:00+00:00,3105.0
2023-03-17 16:00:00+00:00,1176.0
2023-03-17 17:00:00+00:00,128.0
2023-03-17 18:00:00+00:00,0.0
2023-03-17 19:00:00+00:00,0.0
2023-03-17 20:00:00+00:00,0.0
2023-03-17 21:00:00+00:00,0.0
2023-03-17 22:00:00+00:00,0.0
2023-03-17 23:00:00+00:00,0.0
2023-03-18 00:00:00+00:00,0.0
2023-03-18 01:00:00+00:00,0.0
2023-03-18 02:00:00+00:00,0.0
2023-03-18 03:00:00+00:00,0.0
2023-03-18 04:00:00+00:00,0.0
2023-03-18 05:00:00+00:00,2.0
2023-03-18 06:00:00+00:00,295.0
2023-03-18 07:00:00+00:00,2145.0
2023-03-18 08:00:00+00:00,4736.0
2023-03-18 09:00:00+00:00,7148.0
2023-03-18 10:00:00+00:00,8455.0
2023-03-18 11:00:00+00:00,7737.0
2023-03-18 12:00:00+00:00,6603.0
2023-03-18 13:00:00+00:00,6534.0
2023-03-18 14:00:00+00:00,5305.0
2023-03-18 15:00:00+00:00,4134.0
2023-03-18 16:00:00+00:00,2078.0
2023-03-18 17:00:00+00:00,395.0
2023-03-18 18:00:00+00:00,0.0
2023-03-18 19:00:00+00:00,0.0
2023-03-18 20:00:00+00:00,0.0
2023-03-18 21:00:00+00:00,0.0
2023-03-18 22:00:00+00:00,0.0
2023-03-18 23:00:00+00:00,0.0
2023-03-19 00:00:00+00:00,0.0
2023-03-19 01:00:00+00:00,0.0
2023-03-19 02:00:00+00:00,0.0
2023-03-19 03:00:00+00:00,0.0
2023-03-19 04:00:00+00:00,0.0
2023-03-19 05:00:00+00:00,3.0
2023-03-19 06:00:00+00:00,320.0
2023-03-19 07:00:00+00:00,1534.0
2023-03-19 08:00:00+00:00,3303.0
2023-03-19 09:00:00+00:00,4364.0
2023-03-19 10:00:00+00:00,5716.0
2023-03-19 11:00:00+00:00,6219.0
2023-03-19 12:00:00+00:00,6630.0
2023-03-19 13:00:00+00:00,5657.0
2023-03-19 14:00:00+00:00,4112.0
2023-03-19 15:00:00+00:00,2752.0
2023-03-19 16:00:00+00:00,1154.0
2023-03-19 17:00:00+00:00,309.0
2023-03-19 18:00:00+00:00,0.0
2023-03-19 19:00:00+00:00,0.0
2023-03-19 20:00:00+00:00,0.0
2023-03-19 21:00:00+00:00,0.0
2023-03-19 22:00:00+00:00,0.0
2023-03-19 23:00:00+00:00,0.0
2023-03-20 00:00:00+00:00,0.0
2023-03-20 01:00:00+00:00,0.0
2023-03-20 02:00:00+00:00,0.0
2023-03-20 03:00:00+00:00,0.0
2023-03-20 04:00:00+00:00,0.0
2023-03-20 05:00:00+00:00,3.0
2023-03-20 06:00:00+00:00,262.0
2023-03-20 07:00:00+00:00,1176.0
2023-03-20 08:00:00+00:00,2209.0
2023-03-20 09:00:00+00:00,3382.0
2023-03-20 10:00:00+00:00,3961.0
2023-03-20 11:00:00+00:00,3943.0
2023-03-20 12:00:00+00:00,3510.0
2023-03-20 13:00:00+00:00,2816.0
2023-03-20 14:00:00+00:00,2061.0
2023-03-20 15:00:00+00:00,1292.0
2023-03-20 16:00:00+00:00,677.0
2023-03-20 17:00:00+00:00,190.0
2023-03-20 18:00:00+00:00,0.0
2023-03-20 19:00:00+00:00,0.0
2023-03-20 20:00:00+00:00,0.0
2023-03-20 21:00:00+00:00,0.0
2023-03-20 22:00:00+00:00,0.0
2023-03-20 23:00:00+00:00,0.0
2023-03-21 00:00:00+00:00,0.0
2023-03-21 01:00:00+00:00,0.0
2023-03-21 02:00:00+00:00,0.0
2023-03-21 03:00:00+00:00,0.0
2023-03-21 04:00:00+00:00,0.0
2023-03-21 05:00:00+00:00,3.0
2023-03-21 06:00:00+00:00,182.0
2023-03-21 07:00:00+00:00,743.0
2023-03-21 08:00:00+00:00,1670.0
2023-03-21 09:00:00+00:00,2748.0
2023-03-21 10:00:00+00:00,3773.0
2023-03-21 11:00:00+00:00,4793.0
2023-03-21 12:00:00+00:00,5379.0
2023-03-21 13:00:00+00:00,5155.0
2023-03-21 14:00:00+00:00,4230.0
2023-03-21 15:00:00+00:00,2302.0
2023-03-21 16:00:00+00:00,1041.0
2023-03-21 17:00:00+00:00,395.0
2023-03-21 18:00:00+00:00,0.0
2023-03-21 19:00:00+00:00,0.0
2023-03-21 20:00:00+00:00,0.0
2023-03-21 21:00:00+00:00,0.0
2023-03-21 22:00:00+00:00,0.0
2023-03-21 23:00:00+00:00,0.0
2023-03-22 00:00:00+00:00,0.0
2023-03-22 01:00:00+00:00,0.0
2023-03-22 02:00:00+00:00,0.0
2023-03-22 03:00:00+00:00,0.0
2023-03-22 04:00:00+00:00,0.0
2023-03-22 05:00:00+00:00,7.0
2023-03-22 06:00:00+00:00,402.0
2023-03-22 07:00:00+00:00,1792.0
2023-03-22 08:00:00+00:00,2848.0
2023-03-22 09:00:00+00:00,3190.0
2023-03-22 10:00:00+00:00,2606.0
2023-03-22 11:00:00+00:00,2706.0
2023-03-22 12:00:00+00:00,2046.0
2023-03-22 13:00:00+00:00,1520.0
2023-03-22 14:00:00+00:00,1436.0
2023-03-22 15:00:00+00:00,1400.0
2023-03-22 16:00:00+00:00,834.0
2023-03-22 17:00:00+00:00,192.0
2023-03-22 18:00:00+00:00,0.0
2023-03-22 19:00:00+00:00,0.0
2023-03-22 20:00:00+00:00,0.0
2023-03-22 21:00:00+00:00,0.0
2023-03-22 22:00:00+00:00,0.0
2023-03-22 23:00:00+00:00,0.0
2023-03-23 00:00:00+00:00,0.0
2023-03-23 01:00:00+00:00,0.0
2023-03-23 02:00:00+00:00,0.0
2023-03-23 03:00:00+00:00,0.0
2023-03-23 04:00:00+00:00,0.0
2023-03-23 05:00:00+00:00,7.0
2023-03-23 06:00:00+00:00,342.0
2023-03-23 07:00:00+00:00,1392.0
2023-03-23 08:00:00+00:00,3384.0
2023-03-23 09:00:00+00:00,6243.0
2023-03-23 10:00:00+00:00,8938.0
2023-03-23 11:00:00+00:00,9340.0
2023-03-23 12:00:00+00:00,9148.0
2023-03-23 13:00:00+00:00,7207.0
2023-03-23 14:00:00+00:00,6726.0
2023-03-23 15:00:00+00:00,5817.0
2023-03-23 16:00:00+00:00,2488.0
2023-03-23 17:00:00+00:00,312.0
2023-03-23 18:00:00+00:00,0.0
2023-03-23 19:00:00+00:00,0.0
2023-03-23 20:00:00+00:00,0.0
2023-03-23 21:00:00+00:00,0.0
2023-03-23 22:00:00+00:00,0.0
2023-03-23 23:00:00+00:00,0.0
2023-03-24 00:00:00+00:00,0.0
2023-03-24 01:00:00+00:00,0.0
2023-03-24 02:00:00+00:00,0.0
2023-03-24 03:00:00+00:00,0.0
2023-03-24 04:00:00+00:00,0.0
2023-03-24 05:00:00+00:00,10.0
2023-03-24 06:00:00+00:00,615.0
2023-03-24 07:00:00+00:00,2599.0
2023-03-24 08:00:00+00:00,5125.0
2023-03-24 09:00:00+00:00,7032.0
2023-03-24 10:00:00+00:00,8303.0
2023-03-24 11:00:00+00:00,9234.0
2023-03-24 12:00:00+00:00,8419.0
2023-03-24 13:00:00+00:00,7814.0
2023-03-24 14:00:00+00:00,6553.0
2023-03-24 15:00:00+00:00,4804.0
2023-03-24 16:00:00+00:00,2989.0
2023-03-24 17:00:00+00:00,685.0
2023-03-24 18:00:00+00:00,0.0
2023-03-24 19:00:00+00:00,0.0
2023-03-24 20:00:00+00:00,0.0
2023-03-24 21:00:00+00:00,0.0
2023-03-24 22:00:00+00:00,0.0
2023-03-24 23:00:00+00:00,0.0
2023-03-25 00:00:00+00:00,0.0
2023-03-25 01:00:00+00:00,0.0
2023-03-25 02:00:00+00:00,0.0
2023-03-25 03:00:00+00:00,0.0
2023-03-25 04:00:00+00:00,0.0
2023-03-25 05:00:00+00:00,12.0
2023-03-25 06:00:00+00:00,381.0
2023-03-25 07:00:00+00:00,1486.0
2023-03-25 08:00:00+00:00,2636.0
2023-03-25 09:00:00+00:00,4199.0
2023-03-25 10:00:00+00:00,5399.0
2023-03-25 11:00:00+00:00,7080.0
2023-03-25 12:00:00+00:00,6851.0
2023-03-25 13:00:00+00:00,6633.0
2023-03-25 14:00:00+00:00,5562.0
2023-03-25 15:00:00+00:00,4001.0
2023-03-25 16:00:00+00:00,1577.0
2023-03-25 17:00:00+00:00,408.0
2023-03-25 18:00:00+00:00,0.0
2023-03-25 19:00:00+00:00,0.0
2023-03-25 20:00:00+00:00,0.0
2023-03-25 21:00:00+00:00,0.0
2023-03-25 22:00:00+00:00,0.0
2023-03-25 23:00:00+00:00,0.0
2023-03-26 00:00:00+00:00,0.0
2023-03-26 01:00:00+00:00,0.0
2023-03-26 02:00:00+00:00,0.0
2023-03-26 03:00:00+00:00,0.0
2023-03-26 04:00:00+00:00,0.0
2023-03-26 05:00:00+00:00,17.0
2023-03-26 06:00:00+00:00,328.0
2023-03-26 07:00:00+00:00,973.0
2023-03-26 08:00:00+00:00,1992.0
2023-03-26 09:00:00+00:00,3340.0
2023-03-26 10:00:00+00:00,3905.0
2023-03-26 11:00:00+00:00,5089.0
2023-03-26 12:00:00+00:00,5001.0
2023-03-26 13:00:00+00:00,5046.0
2023-03-26 14:00:00+00:00,4389.0
2023-03-26 15:00:00+00:00,3466.0
2023-03-26 16:00:00+00:00,2078.0
2023-03-26 17:00:00+00:00,705.0
2023-03-26 18:00:00+00:00,18.0
2023-03-26 19:00:00+00:00,0.0
2023-03-26 20:00:00+00:00,0.0
2023-03-26 21:00:00+00:00,0.0
2023-03-26 22:00:00+00:00,0.0
2023-03-26 23:00:00+00:00,0.0
2023-03-27 00:00:00+00:00,0.0
2023-03-27 01:00:00+00:00,0.0
2023-03-27 02:00:00+00:00,0.0
2023-03-27 03:00:00+00:00,0.0
2023-03-27 04:00:00+00:00,0.0
2023-03-27 05:00:00+00:00,26.0
2023-03-27 06:00:00+00:00,978.0
2023-03-27 07:00:00+00:00,3558.0
2023-03-27 08:00:00+00:00,6235.0
2023-03-27 09:00:00+00:00,8567.0
2023-03-27 10:00:00+00:00,8902.0
2023-03-27 11:00:00+00:00,10922.0
2023-03-27 12:00:00+00:00,11023.0
2023-03-27 13:00:00+00:00,9903.0
2023-03-27 14:00:00+00:00,8120.0
2023-03-27 15:00:00+00:00,6558.0
2023-03-27 16:00:00+00:00,3859.0
2023-03-27 17:00:00+00:00,1124.0
2023-03-27 18:00:00+00:00,13.0
2023-03-27 19:00:00+00:00,0.0
2023-03-27 20:00:00+00:00,0.0
2023-03-27 21:00:00+00:00,0.0
2023-03-27 22:00:00+00:00,0.0
2023-03-27 23:00:00+00:00,0.0
2023-03-28 00:00:00+00:00,0.0
2023-03-28 01:00:00+00:00,0.0
2023-03-28 02:00:00+00:00,0.0
2023-03-28 03:00:00+00:00,0.0
2023-03-28 04:00:00+00:00,0.0
2023-03-28 05:00:00+00:00,50.0
2023-03-28 06:00:00+00:00,1334.0
2023-03-28 07:00:00+00:00,3716.0
2023-03-28 08:00:00+00:00,6066.0
2023-03-28 09:00:00+00:00,6977.0
2023-03-28 10:00:00+00:00,7902.0
2023-03-28 11:00:00+00:00,9361.0
2023-03-28 12:00:00+00:00,8656.0
2023-03-28 13:00:00+00:00,6684.0
2023-03-28 14:00:00+00:00,4223.0
2023-03-28 15:00:00+00:00,2693.0
2023-03-28 16:00:00+00:00,1033.0
2023-03-28 17:00:00+00:00,223.0
2023-03-28 18:00:00+00:00,8.0
2023-03-28 19:00:00+00:00,0.0
2023-03-28 20:00:00+00:00,0.0
2023-03-28 21:00:00+00:00,0.0
2023-03-28 22:00:00+00:00,0.0
2023-03-28 23:00:00+00:00,0.0
2023-03-29 00:00:00+00:00,0.0
2023-03-29 01:00:00+00:00,0.0
2023-03-29 02:00:00+00:00,0.0
2023-03-29 03:00:00+00:00,0.0
2023-03-29 04:00:00+00:00,0.0
2023-03-29 05:00:00+00:00,22.0
2023-03-29 06:00:00+00:00,377.0
2023-03-29 07:00:00+00:00,1303.0
2023-03-29 08:00:00+00:00,2605.0
2023-03-29 09:00:00+00:00,3973.0
2023-03-29 10:00:00+00:00,5039.0
2023-03-29 11:00:00+00:00,6147.0
2023-03-29 12:00:00+00:00,5820.0
2023-03-29 13:00:00+00:00,5517.0
2023-03-29 14:00:00+00:00,4329.0
2023-03-29 15:00:00+00:00,2611.0
2023-03-29 16:00:00+00:00,959.0
2023-03-29 17:00:00+00:00,355.0
2023-03-29 18:00:00+00:00,12.0
2023-03-29 19:00:00+00:00,0.0
2023-03-29 20:00:00+00:00,0.0
2023-03-29 21:00:00+00:00,0.0
2023-03-29 22:00:00+00:00,0.0
2023-03-29 23:00:00+00:00,0.0
2023-03-30 00:00:00+00:00,0.0
2023-03-30 01:00:00+00:00,0.0
2023-03-30 02:00:00+00:00,0.0
2023-03-30 03:00:00+00:00,0.0
2023-03-30 04:00:00+00:00,0.0
2023-03-30 05:00:00+00:00,25.0
2023-03-30 06:00:00+00:00,584.0
2023-03-30 07:00:00+00:00,2098.0
2023-03-30 08:00:00+00:00,4058.0
2023-03-30 09:00:00+00:00,6120.0
2023-03-30 10:00:00+00:00,7683.0
2023-03-30 11:00:00+00:00,8036.0
2023-03-30 12:00:00+00:00,7474.0
2023-03-30 13:00:00+00:00,8399.0
2023-03-30 14:00:00+00:00,7729.0
2023-03-30 15:00:00+00:00,5161.0
2023-03-30 16:00:00+00:00,2913.0
2023-03-30 17:00:00+00:00,994.0
2023-03-30 18:00:00+00:00,23.0
2023-03-30 19:00:00+00:00,0.0
2023-03-30 20:00:00+00:00,0.0
2023-03-30 21:00:00+00:00,0.0
2023-03-30 22:00:00+00:00,0.0
2023-03-30 23:00:00+00:00,0.0
2023-03-31 00:00:00+00:00,0.0
2023-03-31 01:00:00+00:00,0.0
2023-03-31 02:00:00+00:00,0.0
2023-03-31 03:00:00+00:00,0.0
2023-03-31 04:00:00+00:00,0.0
2023-03-31 05:00:00+00:00,19.0
2023-03-31 06:00:00+00:00,291.0
2023-03-31 07:00:00+00:00,1010.0
2023-03-31 08:00:00+00:00,2193.0
2023-03-31 09:00:00+00:00,3820.0
2023-03-31 10:00:00+00:00,4671.0
2023-03-31 11:00:00+00:00,4837.0
2023-03-31 12:00:00+00:00,4643.0
2023-03-31 13:00:00+00:00,4143.0
2023-03-31 14:00:00+00:00,3305.0
2023-03-31 15:00:00+00:00,2270.0
2023-03-31 16:00:00+00:00,1250.0
2023-03-31 17:00:00+00:00,351.0
2023-03-31 18:00:00+00:00,20.0
2023-03-31 19:00:00+00:00,0.0
2023-03-31 20:00:00+00:00,0.0
2023-03-31 21:00:00+00:00,0.0
2023-03-31 22:00:00+00:00,0.0
2023-03-31 23:00:00+00:00,0.0
2023-04-01 00:00:00+00:00,0.0
2023-04-01 01:00:00+00:00,0.0
2023-04-01 02:00:00+00:00,0.0
2023-04-01 03:00:00+00:00,0.0
2023-04-01 04:00:00+00:00,0.0
2023-04-01 05:00:00+00:00,27.0
2023-04-01 06:00:00+00:00,361.0
2023-04-01 07:00:00+00:00,1124.0
2023-04-01 08:00:00+00:00,1944.0
2023-04-01 09:00:00+00:00,2727.0
2023-04-01 10:00:00+00:00,3130.0
2023-04-01 11:00:00+00:00,3539.0
2023-04-01 12:00:00+00:00,3590.0
2023-04-01 13:00:00+00:00,2972.0
2023-04-01 14:00:00+00:00,2076.0
2023-04-01 15:00:00+00:00,1489.0
2023-04-01 16:00:00+00:00,856.0
2023-04-01 17:00:00+00:00,243.0
2023-04-01 18:00:00+00:00,18.0
2023-04-01 19:00:00+00:00,0.0
2023-04-01 20:00:00+00:00,0.0
2023-04-01 21:00:00+00:00,0.0
2023-04-01 22:00:00+00:00,0.0
2023-04-01 23:00:00+00:00,0.0
2023-04-02 00:00:00+00:00,0.0
2023-04-02 01:00:00+00:00,0.0
2023-04-02 02:00:00+00:00,0.0
2023-04-02 03:00:00+00:00,0.0
2023-04-02 04:00:00+00:00,0.0
2023-04-02 05:00:00+00:00,63.0
2023-04-02 06:00:00+00:00,724.0
2023-04-02 07:00:00+00:00,2456.0
2023-04-02 08:00:00+00:00,5069.0
2023-04-02 09:00:00+00:00,7389.0
2023-04-02 10:00:00+00:00,9941.0
2023-04-02 11:00:00+00:00,11300.0
2023-04-02 12:00:00+00:00,11704.0
2023-04-02 13:00:00+00:00,11728.0
2023-04-02 14:00:00+00:00,10088.0
2023-04-02 15:00:00+00:00,7871.0
2023-04-02 16:00:00+00:00,4826.0
2023-04-02 17:00:00+00:00,1716.0
2023-04-02 18:00:00+00:00,64.0
2023-04-02 19:00:00+00:00,0.0
2023-04-02 20:00:00+00:00,0.0
2023-04-02 21:00:00+00:00,0.0
2023-04-02 22:00:00+00:00,0.0
2023-04-02 23:00:00+00:00,0.0
2023-04-03 00:00:00+00:00,0.0
2023-04-03 01:00:00+00:00,0.0
2023-04-03 02:00:00+00:00,0.0
2023-04-03 03:00:00+00:00,0.0
2023-04-03 04:00:00+00:00,0.0
2023-04-03 05:00:00+00:00,146.0
2023-04-03 06:00:00+00:00,1961.0
2023-04-03 07:00:00+00:00,5233.0
2023-04-03 08:00:00+00:00,8727.0
2023-04-03 09:00:00+00:00,11438.0
2023-04-03 10:00:00+00:00,13443.0
2023-04-03 11:00:00+00:00,14369.0
2023-04-03 12:00:00+00:00,14276.0
2023-04-03 13:00:00+00:00,13137.0
2023-04-03 14:00:00+00:00,11053.0
2023-04-03 15:00:00+00:00,8269.0
2023-04-03 16:00:00+00:00,5017.0
2023-04-03 17:00:00+00:00,1831.0
2023-04-03 18:00:00+00:00,72.0
2023-04-03 19:00:00+00:00,0.0
2023-04-03 20:00:00+00:00,0.0
2023-04-03 21:00:00+00:00,0.0
2023-04-03 22:00:00+00:00,0.0
2023-04-03 23:00:00+00:00,0.0
2023-04-04 00:00:00+00:00,0.0
2023-04-04 01:00:00+00:00,0.0
2023-04-04 02:00:00+00:00,0.0
2023-04-04 03:00:00+00:00,0.0
2023-04-04 04:00:00+00:00,0.0
2023-04-04 05:00:00+00:00,160.0
2023-04-04 06:00:00+00:00,2065.0
2023-04-04 07:00:00+00:00,5142.0
2023-04-04 08:00:00+00:00,8327.0
2023-04-04 09:00:00+00:00,10988.0
2023-04-04 10:00:00+00:00,12965.0
2023-04-04 11:00:00+00:00,13838.0
2023-04-04 12:00:00+00:00,13863.0
2023-04-04 13:00:00+00:00,12443.0
2023-04-04 14:00:00+00:00,10265.0
2023-04-04 15:00:00+00:00,7197.0
2023-04-04 16:00:00+00:00,4049.0
2023-04-04 17:00:00+00:00,1595.0
2023-04-04 18:00:00+00:00,105.0
2023-04-04 19:00:00+00:00,0.0
2023-04-04 20:00:00+00:00,0.0
2023-04-04 21:00:00+00:00,0.0
2023-04-04 22:00:00+00:00,0.0
2023-04-04 23:00:00+00:00,0.0
2023-04-05 00:00:00+00:00,0.0
2023-04-05 01:00:00+00:00,0.0
2023-04-05 02:00:00+00:00,0.0
2023-04-05 03:00:00+00:00,0.0
2023-04-05 04:00:00+00:00,0.0
2023-04-05 05:00:00+00:00,256.0
2023-04-05 06:00:00+00:00,2477.0
2023-04-05 07:00:00+00:00,5375.0
2023-04-05 08:00:00+00:00,8484.0
2023-04-05 09:00:00+00:00,11006.0
2023-04-05 10:00:00+00:00,13010.0
2023-04-05 11:00:00+00:00,13827.0
2023-04-05 12:00:00+00:00,13586.0
2023-04-05 13:00:00+00:00,12532.0
2023-04-05 14:00:00+00:00,10395.0
2023-04-05 15:00:00+00:00,7580.0
2023-04-05 16:00:00+00:00,4493.0
2023-04-05 17:00:00+00:00,1480.0
2023-04-05 18:00:00+00:00,28.0
2023-04-05 19:00:00+00:00,0.0
2023-04-05 20:00:00+00:00,0.0
2023-04-05 21:00:00+00:00,0.0
2023-04-05 22:00:00+00:00,0.0
2023-04-05 23:00:00+00:00,0.0
2023-04-06 00:00:00+00:00,0.0
2023-04-06 01:00:00+00:00,0.0
2023-04-06 02:00:00+00:00,0.0
2023-04-06 03:00:00+00:00,0.0
2023-04-06 04:00:00+00:00,0.0
2023-04-06 05:00:00+00:00,195.0
2023-04-06 06:00:00+00:00,1380.0
2023-04-06 07:00:00+00:00,3053.0
2023-04-06 08:00:00+00:00,4533.0
2023-04-06 09:00:00+00:00,5247.0
2023-04-06 10:00:00+00:00,5802.0
2023-04-06 11:00:00+00:00,5624.0
2023-04-06 12:00:00+00:00,4431.0
2023-04-06 13:00:00+00:00,3315.0
2023-04-06 14:00:00+00:00,2338.0
2023-04-06 15:00:00+00:00,1434.0
2023-04-06 16:00:00+00:00,803.0
2023-04-06 17:00:00+00:00,307.0
2023-04-06 18:00:00+00:00,40.0
2023-04-06 19:00:00+00:00,0.0
2023-04-06 20:00:00+00:00,0.0
2023-04-06 21:00:00+00:00,0.0
2023-04-06 22:00:00+00:00,0.0
2023-04-06 23:00:00+00:00,0.0
2023-04-07 00:00:00+00:00,0.0
2023-04-07 01:00:00+00:00,0.0
2023-04-07 02:00:00+00:00,0.0
2023-04-07 03:00:00+00:00,0.0
2023-04-07 04:00:00+00:00,0.0
2023-04-07 05:00:00+00:00,65.0
2023-04-07 06:00:00+00:00,554.0
2023-04-07 07:00:00+00:00,1453.0
2023-04-07 08:00:00+00:00,2301.0
2023-04-07 09:00:00+00:00,3275.0
2023-04-07 10:00:00+00:00,3551.0
2023-04-07 11:00:00+00:00,3821.0
2023-04-07 12:00:00+00:00,3891.0
2023-04-07 13:00:00+00:00,3576.0
2023-04-07 14:00:00+00:00,3218.0
2023-04-07 15:00:00+00:00,2433.0
2023-04-07 16:00:00+00:00,1615.0
2023-04-07 17:00:00+00:00,564.0
2023-04-07 18:00:00+00:00,70.0
2023-04-07 19:00:00+00:00,0.0
2023-04-07 20:00:00+00:00,0.0
2023-04-07 21:00:00+00:00,0.0
2023-04-07 22:00:00+00:00,0.0
2023-04-07 23:00:00+00:00,0.0
2023-04-08 00:00:00+00:00,0.0
2023-04-08 01:00:00+00:00,0.0
2023-04-08 02:00:00+00:00,0.0
2023-04-08 03:00:00+00:00,0.0
2023-04-08 04:00:00+00:00,0.0
2023-04-08 05:00:00+00:00,142.0
2023-04-08 06:00:00+00:00,1186.0
2023-04-08 07:00:00+00:00,3202.0
2023-04-08 08:00:00+00:00,5039.0
2023-04-08 09:00:00+00:00,7259.0
2023-04-08 10:00:00+00:00,9587.0
2023-04-08 11:00:00+00:00,10766.0
2023-04-08 12:00:00+00:00,10225.0
2023-04-08 13:00:00+00:00,8742.0
2023-04-08 14:00:00+00:00,6769.0
2023-04-08 15:00:00+00:00,5424.0
2023-04-08 16:00:00+00:00,3066.0
2023-04-08 17:00:00+00:00,967.0
2023-04-08 18:00:00+00:00,75.0
2023-04-08 19:00:00+00:00,0.0
2023-04-08 20:00:00+00:00,0.0
2023-04-08 21:00:00+00:00,0.0
2023-04-08 22:00:00+00:00,0.0
2023-04-08 23:00:00+00:00,0.0
2023-04-09 00:00:00+00:00,0.0
2023-04-09 01:00:00+00:00,0.0
2023-04-09 02:00:00+00:00,0.0
2023-04-09 03:00:00+00:00,0.0
2023-04-09 04:00:00+00:00,0.0
2023-04-09 05:00:00+00:00,117.0
2023-04-09 06:00:00+00:00,968.0
2023-04-09 07:00:00+00:00,2753.0
2023-04-09 08:00:00+00:00,5217.0
2023-04-09 09:00:00+00:00,7633.0
2023-04-09 10:00:00+00:00,9889.0
2023-04-09 11:00:00+00:00,10972.0
2023-04-09 12:00:00+00:00,10862.0
2023-04-09 13:00:00+00:00,10229.0
2023-04-09 14:00:00+00:00,8784.0
2023-04-09 15:00:00+00:00,6967.0
2023-04-09 16:00:00+00:00,4649.0
2023-04-09 17:00:00+00:00,1783.0
2023-04-09 18:00:00+00:00,103.0
2023-04-09 19:00:00+00:00,0.0
2023-04-09 20:00:00+00:00,0.0
2023-04-09 21:00:00+00:00,0.0
2023-04-09 22:00:00+00:00,0.0
2023-04-09 23:00:00+00:00,0.0
2023-04-10 00:00:00+00:00,0.0
2023-04-10 01:00:00+00:00,0.0
2023-04-10 02:00:00+00:00,0.0
2023-04-10 03:00:00+00:00,0.0
2023-04-10 04:00:00+00:00,0.0
2023-04-10 05:00:00+00:00,223.0
2023-04-10 06:00:00+00:00,1525.0
2023-04-10 07:00:00+00:00,3416.0
2023-04-10 08:00:00+00:00,5738.0
2023-04-10 09:00:00+00:00,6106.0
2023-04-10 10:00:00+00:00,6848.0
2023-04-10 11:00:00+00:00,7816.0
2023-04-10 12:00:00+00:00,5846.0
2023-04-10 13:00:00+00:00,3359.0
2023-04-10 14:00:00+00:00,1854.0
2023-04-10 15:00:00+00:00,971.0
2023-04-10 16:00:00+00:00,741.0
2023-04-10 17:00:00+00:00,401.0
2023-04-10 18:00:00+00:00,103.0
2023-04-10 19:00:00+00:00,0.0
2023-04-10 20:00:00+00:00,0.0
2023-04-10 21:00:00+00:00,0.0
2023-04-10 22:00:00+00:00,0.0
2023-04-10 23:00:00+00:00,0.0
2023-04-11 00:00:00+00:00,0.0
2023-04-11 01:00:00+00:00,0.0
2023-04-11 02:00:00+00:00,0.0
2023-04-11 03:00:00+00:00,0.0
2023-04-11 04:00:00+00:00,0.0
2023-04-11 05:00:00+00:00,216.0
2023-04-11 06:00:00+00:00,1695.0
2023-04-11 07:00:00+00:00,4211.0
2023-04-11 08:00:00+00:00,6657.0
2023-04-11 09:00:00+00:00,8340.0
2023-04-11 10:00:00+00:00,10074.0
2023-04-11 11:00:00+00:00,11934.0
2023-04-11 12:00:00+00:00,12300.0
2023-04-11 13:00:00+00:00,11593.0
2023-04-11 14:00:00+00:00,10186.0
2023-04-11 15:00:00+00:00,7708.0
2023-04-11 16:00:00+00:00,4420.0
2023-04-11 17:00:00+00:00,1485.0
2023-04-11 18:00:00+00:00,73.0
2023-04-11 19:00:00+00:00,0.0
2023-04-11 20:00:00+00:00,0.0
2023-04-11 21:00:00+00:00,0.0
2023-04-11 22:00:00+00:00,0.0
2023-04-11 23:00:00+00:00,0.0
2023-04-12 00:00:00+00:00,0.0
2023-04-12 01:00:00+00:00,0.0
2023-04-12 02:00:00+00:00,0.0
2023-04-12 03:00:00+00:00,0.0
2023-04-12 04:00:00+00:00,0.0
2023-04-12 05:00:00+00:00,62.0
2023-04-12 06:00:00+00:00,468.0
2023-04-12 07:00:00+00:00,1478.0
2023-04-12 08:00:00+00:00,3545.0
2023-04-12 09:00:00+00:00,6181.0
2023-04-12 10:00:00+00:00,8014.0
2023-04-12 11:00:00+00:00,9026.0
2023-04-12 12:00:00+00:00,8110.0
2023-04-12 13:00:00+00:00,6550.0
2023-04-12 14:00:00+00:00,5634.0
2023-04-12 15:00:00+00:00,5479.0
2023-04-12 16:00:00+00:00,3787.0
2023-04-12 17:00:00+00:00,1843.0
2023-04-12 18:00:00+00:00,246.0
2023-04-12 19:00:00+00:00,0.0
2023-04-12 20:00:00+00:00,0.0
2023-04-12 21:00:00+00:00,0.0
2023-04-12 22:00:00+00:00,0.0
2023-04-12 23:00:00+00:00,0.0
2023-04-13 00:00:00+00:00,0.0
2023-04-13 01:00:00+00:00,0.0
2023-04-13 02:00:00+00:00,0.0
2023-04-13 03:00:00+00:00,0.0
2023-04-13 04:00:00+00:00,2.0
2023-04-13 05:00:00+00:00,303.0
2023-04-13 06:00:00+00:00,1490.0
2023-04-13 07:00:00+00:00,2411.0
2023-04-13 08:00:00+00:00,4176.0
2023-04-13 09:00:00+00:00,5923.0
2023-04-13 10:00:00+00:00,7059.0
2023-04-13 11:00:00+00:00,8060.0
2023-04-13 12:00:00+00:00,9419.0
2023-04-13 13:00:00+00:00,9537.0
2023-04-13 14:00:00+00:00,9200.0
2023-04-13 15:00:00+00:00,7636.0
2023-04-13 16:00:00+00:00,5290.0
2023-04-13 17:00:00+00:00,2195.0
2023-04-13 18:00:00+00:00,272.0
2023-04-13 19:00:00+00:00,0.0
2023-04-13 20:00:00+00:00,0.0
2023-04-13 21:00:00+00:00,0.0
2023-04-13 22:00:00+00:00,0.0
2023-04-13 23:00:00+00:00,0.0
2023-04-14 00:00:00+00:00,0.0
2023-04-14 01:00:00+00:00,0.0
2023-04-14 02:00:00+00:00,0.0
2023-04-14 03:00:00+00:00,0.0
2023-04-14 04:00:00+00:00,2.0
2023-04-14 05:00:00+00:00,459.0
2023-04-14 06:00:00+00:00,2816.0
2023-04-14 07:00:00+00:00,6094.0
2023-04-14 08:00:00+00:00,9119.0
2023-04-14 09:00:00+00:00,11493.0
2023-04-14 10:00:00+00:00,12719.0
2023-04-14 11:00:00+00:00,12082.0
2023-04-14 12:00:00+00:00,11496.0
2023-04-14 13:00:00+00:00,9866.0
2023-04-14 14:00:00+00:00,8826.0
2023-04-14 15:00:00+00:00,6788.0
2023-04-14 16:00:00+00:00,4178.0
2023-04-14 17:00:00+00:00,1502.0
2023-04-14 18:00:00+00:00,246.0
2023-04-14 19:00:00+00:00,0.0
2023-04-14 20:00:00+00:00,0.0
2023-04-14 21:00:00+00:00,0.0
2023-04-14 22:00:00+00:00,0.0
2023-04-14 23:00:00+00:00,0.0
2023-04-15 00:00:00+00:00,0.0
2023-04-15 01:00:00+00:00,0.0
2023-04-15 02:00:00+00:00,0.0
2023-04-15 03:00:00+00:00,0.0
2023-04-15 04:00:00+00:00,2.0
2023-04-15 05:00:00+00:00,368.0
2023-04-15 06:00:00+00:00,2201.0
2023-04-15 07:00:00+00:00,4816.0
2023-04-15 08:00:00+00:00,7173.0
2023-04-15 09:00:00+00:00,8824.0
2023-04-15 10:00:00+00:00,10132.0
2023-04-15 11:00:00+00:00,10444.0
2023-04-15 12:00:00+00:00,9769.0
2023-04-15 13:00:00+00:00,7914.0
2023-04-15 14:00:00+00:00,6516.0
2023-04-15 15:00:00+00:00,4628.0
2023-04-15 16:00:00+00:00,2578.0
2023-04-15 17:00:00+00:00,948.0
2023-04-15 18:00:00+00:00,135.0
2023-04-15 19:00:00+00:00,0.0
2023-04-15 20:00:00+00:00,0.0
2023-04-15 21:00:00+00:00,0.0
2023-04-15 22:00:00+00:00,0.0
2023-04-15 23:00:00+00:00,0.0
2023-04-16 00:00:00+00:00,0.0
2023-04-16 01:00:00+00:00,0.0
2023-04-16 02:00:00+00:00,0.0
2023-04-16 03:00:00+00:00,0.0
2023-04-16 04:00:00+00:00,3.0
2023-04-16 05:00:00+00:00,119.0
2023-04-16 06:00:00+00:00,514.0
2023-04-16 07:00:00+00:00,1259.0
2023-04-16 08:00:00+00:00,2050.0
2023-04-16 09:00:00+00:00,3254.0
2023-04-16 10:00:00+00:00,4262.0
2023-04-16 11:00:00+00:00,5075.0
2023-04-16 12:00:00+00:00,4989.0
2023-04-16 13:00:00+00:00,4894.0
2023-04-16 14:00:00+00:00,4306.0
2023-04-16 15:00:00+00:00,3444.0
2023-04-16 16:00:00+00:00,2119.0
2023-04-16 17:00:00+00:00,783.0
2023-04-16 18:00:00+00:00,133.0
2023-04-16 19:00:00+00:00,0.0
2023-04-16 20:00:00+00:00,0.0
2023-04-16 21:00:00+00:00,0.0
2023-04-16 22:00:00+00:00,0.0
2023-04-16 23:00:00+00:00,0.0
2023-04-17 00:00:00+00:00,0.0
2023-04-17 01:00:00+00:00,0.0
2023-04-17 02:00:00+00:00,0.0
2023-04-17 03:00:00+00:00,0.0
2023-04-17 04:00:00+00:00,6.0
2023-04-17 05:00:00+00:00,150.0
2023-04-17 06:00:00+00:00,718.0
2023-04-17 07:00:00+00:00,1833.0
2023-04-17 08:00:00+00:00,3464.0
2023-04-17 09:00:00+00:00,6146.0
2023-04-17 10:00:00+00:00,9038.0
2023-04-17 11:00:00+00:00,10775.0
2023-04-17 12:00:00+00:00,12165.0
2023-04-17 13:00:00+00:00,10568.0
2023-04-17 14:00:00+00:00,9494.0
2023-04-17 15:00:00+00:00,7660.0
2023-04-17 16:00:00+00:00,4702.0
2023-04-17 17:00:00+00:00,2168.0
2023-04-17 18:00:00+00:00,318.0
2023-04-17 19:00:00+00:00,0.0
2023-04-17 20:00:00+00:00,0.0
2023-04-17 21:00:00+00:00,0.0
2023-04-17 22:00:00+00:00,0.0
2023-04-17 23:00:00+00:00,0.0
2023-04-18 00:00:00+00:00,0.0
2023-04-18 01:00:00+00:00,0.0
2023-04-18 02:00:00+00:00,0.0
2023-04-18 03:00:00+00:00,0.0
2023-04-18 04:00:00+00:00,8.0
2023-04-18 05:00:00+00:00,392.0
2023-04-18 06:00:00+00:00,1768.0
2023-04-18 07:00:00+00:00,3927.0
2023-04-18 08:00:00+00:00,6498.0
2023-04-18 09:00:00+00:00,7924.0
2023-04-18 10:00:00+00:00,9466.0
2023-04-18 11:00:00+00:00,9549.0
2023-04-18 12:00:00+00:00,8912.0
2023-04-18 13:00:00+00:00,8887.0
2023-04-18 14:00:00+00:00,9283.0
2023-04-18 15:00:00+00:00,7033.0
2023-04-18 16:00:00+00:00,4906.0
2023-04-18 17:00:00+00:00,2375.0
2023-04-18 18:00:00+00:00,369.0
2023-04-18 19:00:00+00:00,0.0
2023-04-18 20:00:00+00:00,0.0
2023-04-18 21:00:00+00:00,0.0
2023-04-18 22:00:00+00:00,0.0
2023-04-18 23:00:00+00:00,0.0
2023-04-19 00:00:00+00:00,0.0
2023-04-19 01:00:00+00:00,0.0
2023-04-19 02:00:00+00:00,0.0
2023-04-19 03:00:00+00:00,0.0
2023-04-19 04:00:00+00:00,11.0
2023-04-19 05:00:00+00:00,659.0
2023-04-19 06:00:00+00:00,3099.0
2023-04-19 07:00:00+00:00,6425.0
2023-04-19 08:00:00+00:00,9869.0
2023-04-19 09:00:00+00:00,12462.0
2023-04-19 10:00:00+00:00,14355.0
2023-04-19 11:00:00+00:00,15248.0
2023-04-19 12:00:00+00:00,15055.0
2023-04-19 13:00:00+00:00,13863.0
2023-04-19 14:00:00+00:00,11748.0
2023-04-19 15:00:00+00:00,8953.0
2023-04-19 16:00:00+00:00,5866.0
2023-04-19 17:00:00+00:00,2724.0
2023-04-19 18:00:00+00:00,443.0
2023-04-19 19:00:00+00:00,0.0
2023-04-19 20:00:00+00:00,0.0
2023-04-19 21:00:00+00:00,0.0
2023-04-19 22:00:00+00:00,0.0
2023-04-19 23:00:00+00:00,0.0
2023-04-20 00:00:00+00:00,0.0
2023-04-20 01:00:00+00:00,0.0
2023-04-20 02:00:00+00:00,0.0
2023-04-20 03:00:00+00:00,0.0
2023-04-20 04:00:00+00:00,7.0
2023-04-20 05:00:00+00:00,237.0
2023-04-20 06:00:00+00:00,1014.0
2023-04-20 07:00:00+00:00,1934.0
2023-04-20 08:00:00+00:00,3153.0
2023-04-20 09:00:00+00:00,4462.0
2023-04-20 10:00:00+00:00,5243.0
2023-04-20 11:00:00+00:00,6282.0
2023-04-20 12:00:00+00:00,6631.0
2023-04-20 13:00:00+00:00,7125.0
2023-04-20 14:00:00+00:00,6994.0
2023-04-20 15:00:00+00:00,5875.0
2023-04-20 16:00:00+00:00,4174.0
2023-04-20 17:00:00+00:00,2232.0
2023-04-20 18:00:00+00:00,447.0
2023-04-20 19:00:00+00:00,0.0
2023-04-20 20:00:00+00:00,0.0
2023-04-20 21:00:00+00:00,0.0
2023-04-20 22:00:00+00:00,0.0
2023-04-20 23:00:00+00:00,0.0
2023-04-21 00:00:00+00:00,0.0
2023-04-21 01:00:00+00:00,0.0
2023-04-21 02:00:00+00:00,0.0
2023-04-21 03:00:00+00:00,0.0
2023-04-21 04:00:00+00:00,15.0
2023-04-21 05:00:00+00:00,453.0
2023-04-21 06:00:00+00:00,1910.0
2023-04-21 07:00:00+00:00,4086.0
2023-04-21 08:00:00+00:00,6677.0
2023-04-21 09:00:00+00:00,8445.0
2023-04-21 10:00:00+00:00,9702.0
2023-04-21 11:00:00+00:00,10430.0
2023-04-21 12:00:00+00:00,9418.0
2023-04-21 13:00:00+00:00,9504.0
2023-04-21 14:00:00+00:00,7222.0
2023-04-21 15:00:00+00:00,4729.0
2023-04-21 16:00:00+00:00,3013.0
2023-04-21 17:00:00+00:00,1331.0
2023-04-21 18:00:00+00:00,415.0
2023-04-21 19:00:00+00:00,0.0
2023-04-21 20:00:00+00:00,0.0
2023-04-21 21:00:00+00:00,0.0
2023-04-21 22:00:00+00:00,0.0
2023-04-21 23:00:00+00:00,0.0
2023-04-22 00:00:00+00:00,0.0
2023-04-22 01:00:00+00:00,0.0
2023-04-22 02:00:00+00:00,0.0
2023-04-22 03:00:00+00:00,0.0
2023-04-22 04:00:00+00:00,19.0
2023-04-22 05:00:00+00:00,466.0
2023-04-22 06:00:00+00:00,1886.0
2023-04-22 07:00:00+00:00,4532.0
2023-04-22 08:00:00+00:00,7867.0
2023-04-22 09:00:00+00:00,10246.0
2023-04-22 10:00:00+00:00,10098.0
2023-04-22 11:00:00+00:00,7097.0
2023-04-22 12:00:00+00:00,4601.0
2023-04-22 13:00:00+00:00,2822.0
2023-04-22 14:00:00+00:00,1892.0
2023-04-22 15:00:00+00:00,1565.0
2023-04-22 16:00:00+00:00,1615.0
2023-04-22 17:00:00+00:00,1290.0
2023-04-22 18:00:00+00:00,451.0
2023-04-22 19:00:00+00:00,0.0
2023-04-22 20:00:00+00:00,0.0
2023-04-22 21:00:00+00:00,0.0
2023-04-22 22:00:00+00:00,0.0
2023-04-22 23:00:00+00:00,0.0
2023-04-23 00:00:00+00:00,0.0
2023-04-23 01:00:00+00:00,0.0
2023-04-23 02:00:00+00:00,0.0
2023-04-23 03:00:00+00:00,0.0
2023-04-23 04:00:00+00:00,19.0
2023-04-23 05:00:00+00:00,623.0
2023-04-23 06:00:00+00:00,2982.0
2023-04-23 07:00:00+00:00,6574.0
2023-04-23 08:00:00+00:00,9685.0
2023-04-23 09:00:00+00:00,11468.0
2023-04-23 10:00:00+00:00,10420.0
2023-04-23 11:00:00+00:00,9346.0
2023-04-23 12:00:00+00:00,8595.0
2023-04-23 13:00:00+00:00,6328.0
2023-04-23 14:00:00+00:00,3889.0
2023-04-23 15:00:00+00:00,2325.0
2023-04-23 16:00:00+00:00,1174.0
2023-04-23 17:00:00+00:00,707.0
2023-04-23 18:00:00+00:00,155.0
2023-04-23 19:00:00+00:00,0.0
2023-04-23 20:00:00+00:00,0.0
2023-04-23 21:00:00+00:00,0.0
2023-04-23 22:00:00+00:00,0.0
2023-04-23 23:00:00+00:00,0.0
2023-04-24 00:00:00+00:00,0.0
2023-04-24 01:00:00+00:00,0.0
2023-04-24 02:00:00+00:00,0.0
2023-04-24 03:00:00+00:00,0.0
2023-04-24 04:00:00+00:00,12.0
2023-04-24 05:00:00+00:00,153.0
2023-04-24 06:00:00+00:00,521.0
2023-04-24 07:00:00+00:00,1001.0
2023-04-24 08:00:00+00:00,1710.0
2023-04-24 09:00:00+00:00,2956.0
2023-04-24 10:00:00+00:00,4276.0
2023-04-24 11:00:00+00:00,5804.0
2023-04-24 12:00:00+00:00,5930.0
2023-04-24 13:00:00+00:00,5396.0
2023-04-24 14:00:00+00:00,5403.0
2023-04-24 15:00:00+00:00,5074.0
2023-04-24 16:00:00+00:00,3830.0
2023-04-24 17:00:00+00:00,1654.0
2023-04-24 18:00:00+00:00,310.0
2023-04-24 19:00:00+00:00,0.0
2023-04-24 20:00:00+00:00,0.0
2023-04-24 21:00:00+00:00,0.0
2023-04-24 22:00:00+00:00,0.0
2023-04-24 23:00:00+00:00,0.0
2023-04-25 00:00:00+00:00,0.0
2023-04-25 01:00:00+00:00,0.0
2023-04-25 02:00:00+00:00,0.0
2023-04-25 03:00:00+00:00,0.0
2023-04-25 04:00:00+00:00,29.0
2023-04-25 05:00:00+00:00,626.0
2023-04-25 06:00:00+00:00,2365.0
2023-04-25 07:00:00+00:00,5338.0
2023-04-25 08:00:00+00:00,7339.0
2023-04-25 09:00:00+00:00,8490.0
2023-04-25 10:00:00+00:00,9652.0
2023-04-25 11:00:00+00:00,10478.0
2023-04-25 12:00:00+00:00,10565.0
2023-04-25 13:00:00+00:00,10025.0
2023-04-25 14:00:00+00:00,9315.0
2023-04-25 15:00:00+00:00,6766.0
2023-04-25 16:00:00+00:00,4774.0
2023-04-25 17:00:00+00:00,2461.0
2023-04-25 18:00:00+00:00,582.0
2023-04-25 19:00:00+00:00,0.0
2023-04-25 20:00:00+00:00,0.0
2023-04-25 21:00:00+00:00,0.0
2023-04-25 22:00:00+00:00,0.0
2023-04-25 23:00:00+00:00,0.0
2023-04-26 00:00:00+00:00,0.0
2023-04-26 01:00:00+00:00,0.0
2023-04-26 02:00:00+00:00,0.0
2023-04-26 03:00:00+00:00,0.0
2023-04-26 04:00:00+00:00,57.0
2023-04-26 05:00:00+00:00,1100.0
2023-04-26 06:00:00+00:00,2879.0
2023-04-26 07:00:00+00:00,4739.0
2023-04-26 08:00:00+00:00,6042.0
2023-04-26 09:00:00+00:00,6589.0
2023-04-26 10:00:00+00:00,7985.0
2023-04-26 11:00:00+00:00,8645.0
2023-04-26 12:00:00+00:00,8765.0
2023-04-26 13:00:00+00:00,7670.0
2023-04-26 14:00:00+00:00,7020.0
2023-04-26 15:00:00+00:00,5742.0
2023-04-26 16:00:00+00:00,3985.0
2023-04-26 17:00:00+00:00,2048.0
2023-04-26 18:00:00+00:00,521.0
2023-04-26 19:00:00+00:00,0.0
2023-04-26 20:00:00+00:00,0.0
2023-04-26 21:00:00+00:00,0.0
2023-04-26 22:00:00+00:00,0.0
2023-04-26 23:00:00+00:00,0.0
2023-04-27 00:00:00+00:00,0.0
2023-04-27 01:00:00+00:00,0.0
2023-04-27 02:00:00+00:00,0.0
2023-04-27 03:00:00+00:00,0.0
2023-04-27 04:00:00+00:00,72.0
2023-04-27 05:00:00+00:00,1315.0
2023-04-27 06:00:00+00:00,3906.0
2023-04-27 07:00:00+00:00,7013.0
2023-04-27 08:00:00+00:00,9569.0
2023-04-27 09:00:00+00:00,11485.0
2023-04-27 10:00:00+00:00,12456.0
2023-04-27 11:00:00+00:00,13371.0
2023-04-27 12:00:00+00:00,13238.0
2023-04-27 13:00:00+00:00,10938.0
2023-04-27 14:00:00+00:00,8517.0
2023-04-27 15:00:00+00:00,6120.0
2023-04-27 16:00:00+00:00,3651.0
2023-04-27 17:00:00+00:00,1286.0
2023-04-27 18:00:00+00:00,226.0
2023-04-27 19:00:00+00:00,0.0
2023-04-27 20:00:00+00:00,0.0
2023-04-27 21:00:00+00:00,0.0
2023-04-27 22:00:00+00:00,0.0
2023-04-27 23:00:00+00:00,0.0
2023-04-28 00:00:00+00:00,0.0
2023-04-28 01:00:00+00:00,0.0
2023-04-28 02:00:00+00:00,0.0
2023-04-28 03:00:00+00:00,0.0
2023-04-28 04:00:00+00:00,29.0
2023-04-28 05:00:00+00:00,330.0
2023-04-28 06:00:00+00:00,1088.0
2023-04-28 07:00:00+00:00,2145.0
2023-04-28 08:00:00+00:00,2957.0
2023-04-28 09:00:00+00:00,3970.0
2023-04-28 10:00:00+00:00,4548.0
2023-04-28 11:00:00+00:00,3904.0
2023-04-28 12:00:00+00:00,3682.0
2023-04-28 13:00:00+00:00,3517.0
2023-04-28 14:00:00+00:00,3058.0
2023-04-28 15:00:00+00:00,2062.0
2023-04-28 16:00:00+00:00,1378.0
2023-04-28 17:00:00+00:00,680.0
2023-04-28 18:00:00+00:00,161.0
2023-04-28 19:00:00+00:00,0.0
2023-04-28 20:00:00+00:00,0.0
2023-04-28 21:00:00+00:00,0.0
2023-04-28 22:00:00+00:00,0.0
2023-04-28 23:00:00+00:00,0.0
2023-04-29 00:00:00+00:00,0.0
2023-04-29 01:00:00+00:00,0.0
2023-04-29 02:00:00+00:00,0.0
2023-04-29 03:00:00+00:00,0.0
2023-04-29 04:00:00+00:00,26.0
2023-04-29 05:00:00+00:00,399.0
2023-04-29 06:00:00+00:00,1622.0
2023-04-29 07:00:00+00:00,4327.0
2023-04-29 08:00:00+00:00,7196.0
2023-04-29 09:00:00+00:00,9674.0
2023-04-29 10:00:00+00:00,10670.0
2023-04-29 11:00:00+00:00,11150.0
2023-04-29 12:00:00+00:00,12160.0
2023-04-29 13:00:00+00:00,11509.0
2023-04-29 14:00:00+00:00,9313.0
2023-04-29 15:00:00+00:00,7296.0
2023-04-29 16:00:00+00:00,5027.0
2023-04-29 17:00:00+00:00,2770.0
2023-04-29 18:00:00+00:00,695.0
2023-04-29 19:00:00+00:00,0.0
2023-04-29 20:00:00+00:00,0.0
2023-04-29 21:00:00+00:00,0.0
2023-04-29 22:00:00+00:00,0.0
2023-04-29 23:00:00+00:00,0.0
2023-04-30 00:00:00+00:00,0.0
2023-04-30 01:00:00+00:00,0.0
2023-04-30 02:00:00+00:00,0.0
2023-04-30 03:00:00+00:00,0.0
2023-04-30 04:00:00+00:00,97.0
2023-04-30 05:00:00+00:00,1341.0
2023-04-30 06:00:00+00:00,3803.0
2023-04-30 07:00:00+00:00,7003.0
2023-04-30 08:00:00+00:00,9957.0
2023-04-30 09:00:00+00:00,12265.0
2023-04-30 10:00:00+00:00,14135.0
2023-04-30 11:00:00+00:00,15066.0
2023-04-30 12:00:00+00:00,14338.0
2023-04-30 13:00:00+00:00,12796.0
2023-04-30 14:00:00+00:00,10665.0
2023-04-30 15:00:00+00:00,8691.0
2023-04-30 16:00:00+00:00,5550.0
2023-04-30 17:00:00+00:00,2822.0
2023-04-30 18:00:00+00:00,646.0
2023-04-30 19:00:00+00:00,6.0
2023-04-30 20:00:00+00:00,0.0
2023-04-30 21:00:00+00:00,0.0
2023-04-30 22:00:00+00:00,0.0
2023-04-30 23:00:00+00:00,0.0
2023-05-01 00:00:00+00:00,0.0
2023-05-01 01:00:00+00:00,0.0
2023-05-01 02:00:00+00:00,0.0
2023-05-01 03:00:00+00:00,0.0
2023-05-01 04:00:00+00:00,65.0
2023-05-01 05:00:00+00:00,771.0
2023-05-01 06:00:00+00:00,2103.0
2023-05-01 07:00:00+00:00,3882.0
2023-05-01 08:00:00+00:00,5731.0
2023-05-01 09:00:00+00:00,8553.0
2023-05-01 10:00:00+00:00,9603.0
2023-05-01 11:00:00+00:00,10232.0
2023-05-01 12:00:00+00:00,8949.0
2023-05-01 13:00:00+00:00,9252.0
2023-05-01 14:00:00+00:00,7713.0
2023-05-01 15:00:00+00:00,6162.0
2023-05-01 16:00:00+00:00,4884.0
2023-05-01 17:00:00+00:00,2538.0
2023-05-01 18:00:00+00:00,692.0
2023-05-01 19:00:00+00:00,21.0
2023-05-01 20:00:00+00:00,0.0
2023-05-01 21:00:00+00:00,0.0
2023-05-01 22:00:00+00:00,0.0
2023-05-01 23:00:00+00:00,0.0
2023-05-02 00:00:00+00:00,0.0
2023-05-02 01:00:00+00:00,0.0
2023-05-02 02:00:00+00:00,0.0
2023-05-02 03:00:00+00:00,0.0
2023-05-02 04:00:00+00:00,52.0
2023-05-02 05:00:00+00:00,622.0
2023-05-02 06:00:00+00:00,2410.0
2023-05-02 07:00:00+00:00,4184.0
2023-05-02 08:00:00+00:00,5793.0
2023-05-02 09:00:00+00:00,8325.0
2023-05-02 10:00:00+00:00,9956.0
2023-05-02 11:00:00+00:00,11621.0
2023-05-02 12:00:00+00:00,12223.0
2023-05-02 13:00:00+00:00,11799.0
2023-05-02 14:00:00+00:00,10631.0
2023-05-02 15:00:00+00:00,8179.0
2023-05-02 16:00:00+00:00,5101.0
2023-05-02 17:00:00+00:00,2941.0
2023-05-02 18:00:00+00:00,962.0
2023-05-02 19:00:00+00:00,9.0
2023-05-02 20:00:00+00:00,0.0
2023-05-02 21:00:00+00:00,0.0
2023-05-02 22:00:00+00:00,0.0
2023-05-02 23:00:00+00:00,0.0
2023-05-03 00:00:00+00:00,0.0
2023-05-03 01:00:00+00:00,0.0
2023-05-03 02:00:00+00:00,0.0
2023-05-03 03:00:00+00:00,0.0
2023-05-03 04:00:00+00:00,126.0
2023-05-03 05:00:00+00:00,1433.0
2023-05-03 06:00:00+00:00,3916.0
2023-05-03 07:00:00+00:00,6862.0
2023-05-03 08:00:00+00:00,9424.0
2023-05-03 09:00:00+00:00,11972.0
2023-05-03 10:00:00+00:00,13696.0
2023-05-03 11:00:00+00:00,14765.0
2023-05-03 12:00:00+00:00,14975.0
2023-05-03 13:00:00+00:00,14075.0
2023-05-03 14:00:00+00:00,12278.0
2023-05-03 15:00:00+00:00,9662.0
2023-05-03 16:00:00+00:00,6540.0
2023-05-03 17:00:00+00:00,2924.0
2023-05-03 18:00:00+00:00,623.0
2023-05-03 19:00:00+00:00,8.0
2023-05-03 20:00:00+00:00,0.0
2023-05-03 21:00:00+00:00,0.0
2023-05-03 22:00:00+00:00,0.0
2023-05-03 23:00:00+00:00,0.0
2023-05-04 00:00:00+00:00,0.0
2023-05-04 01:00:00+00:00,0.0
2023-05-04 02:00:00+00:00,0.0
2023-05-04 03:00:00+00:00,0.0
2023-05-04 04:00:00+00:00,116.0
2023-05-04 05:00:00+00:00,1231.0
2023-05-04 06:00:00+00:00,3395.0
2023-05-04 07:00:00+00:00,6234.0
2023-05-04 08:00:00+00:00,9059.0
2023-05-04 09:00:00+00:00,11603.0
2023-05-04 10:00:00+00:00,13612.0
2023-05-04 11:00:00+00:00,14732.0
2023-05-04 12:00:00+00:00,14550.0
2023-05-04 13:00:00+00:00,12708.0
2023-05-04 14:00:00+00:00,10979.0
2023-05-04 15:00:00+00:00,8001.0
2023-05-04 16:00:00+00:00,5119.0
2023-05-04 17:00:00+00:00,2830.0
2023-05-04 18:00:00+00:00,750.0
2023-05-04 19:00:00+00:00,23.0
2023-05-04 20:00:00+00:00,0.0
2023-05-04 21:00:00+00:00,0.0
2023-05-04 22:00:00+00:00,0.0
2023-05-04 23:00:00+00:00,0.0
2023-05-05 00:00:00+00:00,0.0
2023-05-05 01:00:00+00:00,0.0
2023-05-05 02:00:00+00:00,0.0
2023-05-05 03:00:00+00:00,0.0
2023-05-05 04:00:00+00:00,112.0
2023-05-05 05:00:00+00:00,1212.0
2023-05-05 06:00:00+00:00,3610.0
2023-05-05 07:00:00+00:00,6428.0
2023-05-05 08:00:00+00:00,8174.0
2023-05-05 09:00:00+00:00,8072.0
2023-05-05 10:00:00+00:00,5740.0
2023-05-05 11:00:00+00:00,4542.0
2023-05-05 12:00:00+00:00,3920.0
2023-05-05 13:00:00+00:00,2714.0
2023-05-05 14:00:00+00:00,3870.0
2023-05-05 15:00:00+00:00,4571.0
2023-05-05 16:00:00+00:00,4945.0
2023-05-05 17:00:00+00:00,3023.0
2023-05-05 18:00:00+00:00,1038.0
2023-05-05 19:00:00+00:00,23.0
2023-05-05 20:00:00+00:00,0.0
2023-05-05 21:00:00+00:00,0.0
2023-05-05 22:00:00+00:00,0.0
2023-05-05 23:00:00+00:00,0.0
2023-05-06 00:00:00+00:00,0.0
2023-05-06 01:00:00+00:00,0.0
2023-05-06 02:00:00+00:00,0.0
2023-05-06 03:00:00+00:00,0.0
2023-05-06 04:00:00+00:00,167.0
2023-05-06 05:00:00+00:00,1187.0
2023-05-06 06:00:00+00:00,3191.0
2023-05-06 07:00:00+00:00,5921.0
2023-05-06 08:00:00+00:00,8837.0
2023-05-06 09:00:00+00:00,11323.0
2023-05-06 10:00:00+00:00,12252.0
2023-05-06 11:00:00+00:00,10176.0
2023-05-06 12:00:00+00:00,8910.0
2023-05-06 13:00:00+00:00,7771.0
2023-05-06 14:00:00+00:00,6705.0
2023-05-06 15:00:00+00:00,4407.0
2023-05-06 16:00:00+00:00,2806.0
2023-05-06 17:00:00+00:00,1175.0
2023-05-06 18:00:00+00:00,414.0
2023-05-06 19:00:00+00:00,22.0
2023-05-06 20:00:00+00:00,0.0
2023-05-06 21:00:00+00:00,0.0
2023-05-06 22:00:00+00:00,0.0
2023-05-06 23:00:00+00:00,0.0
2023-05-07 00:00:00+00:00,0.0
2023-05-07 01:00:00+00:00,0.0
2023-05-07 02:00:00+00:00,0.0
2023-05-07 03:00:00+00:00,0.0
2023-05-07 04:00:00+00:00,86.0
2023-05-07 05:00:00+00:00,649.0
2023-05-07 06:00:00+00:00,1701.0
2023-05-07 07:00:00+00:00,3438.0
2023-05-07 08:00:00+00:00,6104.0
2023-05-07 09:00:00+00:00,9195.0
2023-05-07 10:00:00+00:00,9919.0
2023-05-07 11:00:00+00:00,10003.0
2023-05-07 12:00:00+00:00,8850.0
2023-05-07 13:00:00+00:00,6956.0
2023-05-07 14:00:00+00:00,5769.0
2023-05-07 15:00:00+00:00,4325.0
2023-05-07 16:00:00+00:00,3367.0
2023-05-07 17:00:00+00:00,1946.0
2023-05-07 18:00:00+00:00,719.0
2023-05-07 19:00:00+00:00,58.0
2023-05-07 20:00:00+00:00,0.0
2023-05-07 21:00:00+00:00,0.0
2023-05-07 22:00:00+00:00,0.0
2023-05-07 23:00:00+00:00,0.0
2023-05-08 00:00:00+00:00,0.0
2023-05-08 01:00:00+00:00,0.0
2023-05-08 02:00:00+00:00,0.0
2023-05-08 03:00:00+00:00,0.0
2023-05-08 04:00:00+00:00,147.0
2023-05-08 05:00:00+00:00,1125.0
2023-05-08 06:00:00+00:00,2765.0
2023-05-08 07:00:00+00:00,4205.0
2023-05-08 08:00:00+00:00,6111.0
2023-05-08 09:00:00+00:00,8198.0
2023-05-08 10:00:00+00:00,10046.0
2023-05-08 11:00:00+00:00,10215.0
2023-05-08 12:00:00+00:00,9776.0
2023-05-08 13:00:00+00:00,8453.0
2023-05-08 14:00:00+00:00,7213.0
2023-05-08 15:00:00+00:00,4811.0
2023-05-08 16:00:00+00:00,3023.0
2023-05-08 17:00:00+00:00,1470.0
2023-05-08 18:00:00+00:00,552.0
2023-05-08 19:00:00+00:00,31.0
2023-05-08 20:00:00+00:00,0.0
2023-05-08 21:00:00+00:00,0.0
2023-05-08 22:00:00+00:00,0.0
2023-05-08 23:00:00+00:00,0.0
2023-05-09 00:00:00+00:00,0.0
2023-05-09 01:00:00+00:00,0.0
2023-05-09 02:00:00+00:00,0.0
2023-05-09 03:00:00+00:00,0.0
2023-05-09 04:00:00+00:00,86.0
2023-05-09 05:00:00+00:00,626.0
2023-05-09 06:00:00+00:00,1446.0
2023-05-09 07:00:00+00:00,2120.0
2023-05-09 08:00:00+00:00,2894.0
2023-05-09 09:00:00+00:00,3435.0
2023-05-09 10:00:00+00:00,3670.0
2023-05-09 11:00:00+00:00,3569.0
2023-05-09 12:00:00+00:00,3482.0
2023-05-09 13:00:00+00:00,2901.0
2023-05-09 14:00:00+00:00,2257.0
2023-05-09 15:00:00+00:00,1885.0
2023-05-09 16:00:00+00:00,1292.0
2023-05-09 17:00:00+00:00,796.0
2023-05-09 18:00:00+00:00,290.0
2023-05-09 19:00:00+00:00,39.0
2023-05-09 20:00:00+00:00,0.0
2023-05-09 21:00:00+00:00,0.0
2023-05-09 22:00:00+00:00,0.0
2023-05-09 23:00:00+00:00,0.0
2023-05-10 00:00:00+00:00,0.0
2023-05-10 01:00:00+00:00,0.0
2023-05-10 02:00:00+00:00,0.0
2023-05-10 03:00:00+00:00,0.0
2023-05-10 04:00:00+00:00,44.0
2023-05-10 05:00:00+00:00,376.0
2023-05-10 06:00:00+00:00,1242.0
2023-05-10 07:00:00+00:00,2449.0
2023-05-10 08:00:00+00:00,3580.0
2023-05-10 09:00:00+00:00,4228.0
2023-05-10 10:00:00+00:00,4764.0
2023-05-10 11:00:00+00:00,5569.0
2023-05-10 12:00:00+00:00,5357.0
2023-05-10 13:00:00+00:00,5495.0
2023-05-10 14:00:00+00:00,4858.0
2023-05-10 15:00:00+00:00,3889.0
2023-05-10 16:00:00+00:00,2715.0
2023-05-10 17:00:00+00:00,1770.0
2023-05-10 18:00:00+00:00,659.0
2023-05-10 19:00:00+00:00,64.0
2023-05-10 20:00:00+00:00,0.0
2023-05-10 21:00:00+00:00,0.0
2023-05-10 22:00:00+00:00,0.0
2023-05-10 23:00:00+00:00,0.0
2023-05-11 00:00:00+00:00,0.0
2023-05-11 01:00:00+00:00,0.0
2023-05-11 02:00:00+00:00,0.0
2023-05-11 03:00:00+00:00,0.0
2023-05-11 04:00:00+00:00,106.0
2023-05-11 05:00:00+00:00,626.0
2023-05-11 06:00:00+00:00,1506.0
2023-05-11 07:00:00+00:00,2961.0
2023-05-11 08:00:00+00:00,4815.0
2023-05-11 09:00:00+00:00,6171.0
2023-05-11 10:00:00+00:00,7754.0
2023-05-11 11:00:00+00:00,8317.0
2023-05-11 12:00:00+00:00,9201.0
2023-05-11 13:00:00+00:00,6798.0
2023-05-11 14:00:00+00:00,5529.0
2023-05-11 15:00:00+00:00,4100.0
2023-05-11 16:00:00+00:00,2835.0
2023-05-11 17:00:00+00:00,1396.0
2023-05-11 18:00:00+00:00,512.0
2023-05-11 19:00:00+00:00,40.0
2023-05-11 20:00:00+00:00,0.0
2023-05-11 21:00:00+00:00,0.0
2023-05-11 22:00:00+00:00,0.0
2023-05-11 23:00:00+00:00,0.0
2023-05-12 00:00:00+00:00,0.0
2023-05-12 01:00:00+00:00,0.0
2023-05-12 02:00:00+00:00,0.0
2023-05-12 03:00:00+00:00,0.0
2023-05-12 04:00:00+00:00,94.0
2023-05-12 05:00:00+00:00,509.0
2023-05-12 06:00:00+00:00,1690.0
2023-05-12 07:00:00+00:00,3611.0
2023-05-12 08:00:00+00:00,6110.0
2023-05-12 09:00:00+00:00,8936.0
2023-05-12 10:00:00+00:00,10826.0
2023-05-12 11:00:00+00:00,12488.0
2023-05-12 12:00:00+00:00,12752.0
2023-05-12 13:00:00+00:00,12017.0
2023-05-12 14:00:00+00:00,8624.0
2023-05-12 15:00:00+00:00,6801.0
2023-05-12 16:00:00+00:00,4433.0
2023-05-12 17:00:00+00:00,2061.0
2023-05-12 18:00:00+00:00,792.0
2023-05-12 19:00:00+00:00,81.0
2023-05-12 20:00:00+00:00,0.0
2023-05-12 21:00:00+00:00,0.0
2023-05-12 22:00:00+00:00,0.0
2023-05-12 23:00:00+00:00,0.0
2023-05-13 00:00:00+00:00,0.0
2023-05-13 01:00:00+00:00,0.0
2023-05-13 02:00:00+00:00,0.0
2023-05-13 03:00:00+00:00,2.0
2023-05-13 04:00:00+00:00,301.0
2023-05-13 05:00:00+00:00,1866.0
2023-05-13 06:00:00+00:00,4493.0
2023-05-13 07:00:00+00:00,7947.0
2023-05-13 08:00:00+00:00,10778.0
2023-05-13 09:00:00+00:00,13189.0
2023-05-13 10:00:00+00:00,14959.0
2023-05-13 11:00:00+00:00,15641.0
2023-05-13 12:00:00+00:00,14780.0
2023-05-13 13:00:00+00:00,13184.0
2023-05-13 14:00:00+00:00,11745.0
2023-05-13 15:00:00+00:00,9324.0
2023-05-13 16:00:00+00:00,6860.0
2023-05-13 17:00:00+00:00,3639.0
2023-05-13 18:00:00+00:00,1235.0
2023-05-13 19:00:00+00:00,75.0
2023-05-13 20:00:00+00:00,0.0
2023-05-13 21:00:00+00:00,0.0
2023-05-13 22:00:00+00:00,0.0
2023-05-13 23:00:00+00:00,0.0
2023-05-14 00:00:00+00:00,0.0
2023-05-14 01:00:00+00:00,0.0
2023-05-14 02:00:00+00:00,0.0
2023-05-14 03:00:00+00:00,2.0
2023-05-14 04:00:00+00:00,259.0
2023-05-14 05:00:00+00:00,1509.0
2023-05-14 06:00:00+00:00,3466.0
2023-05-14 07:00:00+00:00,6074.0
2023-05-14 08:00:00+00:00,8928.0
2023-05-14 09:00:00+00:00,11661.0
2023-05-14 10:00:00+00:00,13942.0
2023-05-14 11:00:00+00:00,14366.0
2023-05-14 12:00:00+00:00,12448.0
2023-05-14 13:00:00+00:00,9879.0
2023-05-14 14:00:00+00:00,8286.0
2023-05-14 15:00:00+00:00,6478.0
2023-05-14 16:00:00+00:00,4768.0
2023-05-14 17:00:00+00:00,2450.0
2023-05-14 18:00:00+00:00,749.0
2023-05-14 19:00:00+00:00,67.0
2023-05-14 20:00:00+00:00,0.0
2023-05-14 21:00:00+00:00,0.0
2023-05-14 22:00:00+00:00,0.0
2023-05-14 23:00:00+00:00,0.0
2023-05-15 00:00:00+00:00,0.0
2023-05-15 01:00:00+00:00,0.0
2023-05-15 02:00:00+00:00,0.0
2023-05-15 03:00:00+00:00,2.0
2023-05-15 04:00:00+00:00,229.0
2023-05-15 05:00:00+00:00,1071.0
2023-05-15 06:00:00+00:00,2826.0
2023-05-15 07:00:00+00:00,5298.0
2023-05-15 08:00:00+00:00,7808.0
2023-05-15 09:00:00+00:00,8574.0
2023-05-15 10:00:00+00:00,8646.0
2023-05-15 11:00:00+00:00,8258.0
2023-05-15 12:00:00+00:00,6739.0
2023-05-15 13:00:00+00:00,6653.0
2023-05-15 14:00:00+00:00,5434.0
2023-05-15 15:00:00+00:00,3501.0
2023-05-15 16:00:00+00:00,1714.0
2023-05-15 17:00:00+00:00,960.0
2023-05-15 18:00:00+00:00,412.0
2023-05-15 19:00:00+00:00,62.0
2023-05-15 20:00:00+00:00,0.0
2023-05-15 21:00:00+00:00,0.0
2023-05-15 22:00:00+00:00,0.0
2023-05-15 23:00:00+00:00,0.0
2023-05-16 00:00:00+00:00,0.0
2023-05-16 01:00:00+00:00,0.0
2023-05-16 02:00:00+00:00,0.0
2023-05-16 03:00:00+00:00,2.0
2023-05-16 04:00:00+00:00,352.0
2023-05-16 05:00:00+00:00,1948.0
2023-05-16 06:00:00+00:00,4384.0
2023-05-16 07:00:00+00:00,6817.0
2023-05-16 08:00:00+00:00,8895.0
2023-05-16 09:00:00+00:00,11220.0
2023-05-16 10:00:00+00:00,11620.0
2023-05-16 11:00:00+00:00,12759.0
2023-05-16 12:00:00+00:00,11465.0
2023-05-16 13:00:00+00:00,9275.0
2023-05-16 14:00:00+00:00,6756.0
2023-05-16 15:00:00+00:00,4966.0
2023-05-16 16:00:00+00:00,3461.0
2023-05-16 17:00:00+00:00,2106.0
2023-05-16 18:00:00+00:00,927.0
2023-05-16 19:00:00+00:00,116.0
2023-05-16 20:00:00+00:00,0.0
2023-05-16 21:00:00+00:00,0.0
2023-05-16 22:00:00+00:00,0.0
2023-05-16 23:00:00+00:00,0.0
2023-05-17 00:00:00+00:00,0.0
2023-05-17 01:00:00+00:00,0.0
2023-05-17 02:00:00+00:00,0.0
2023-05-17 03:00:00+00:00,4.0
2023-05-17 04:00:00+00:00,361.0
2023-05-17 05:00:00+00:00,1831.0
2023-05-17 06:00:00+00:00,4321.0
2023-05-17 07:00:00+00:00,6984.0
2023-05-17 08:00:00+00:00,9039.0
2023-05-17 09:00:00+00:00,11689.0
2023-05-17 10:00:00+00:00,13555.0
2023-05-17 11:00:00+00:00,14497.0
2023-05-17 12:00:00+00:00,14796.0
2023-05-17 13:00:00+00:00,14132.0
2023-05-17 14:00:00+00:00,12299.0
2023-05-17 15:00:00+00:00,9385.0
2023-05-17 16:00:00+00:00,7004.0
2023-05-17 17:00:00+00:00,3772.0
2023-05-17 18:00:00+00:00,1421.0
2023-05-17 19:00:00+00:00,83.0
2023-05-17 20:00:00+00:00,0.0
2023-05-17 21:00:00+00:00,0.0
2023-05-17 22:00:00+00:00,0.0
2023-05-17 23:00:00+00:00,0.0
2023-05-18 00:00:00+00:00,0.0
2023-05-18 01:00:00+00:00,0.0
2023-05-18 02:00:00+00:00,0.0
2023-05-18 03:00:00+00:00,4.0
2023-05-18 04:00:00+00:00,386.0
2023-05-18 05:00:00+00:00,1857.0
2023-05-18 06:00:00+00:00,3922.0
2023-05-18 07:00:00+00:00,6713.0
2023-05-18 08:00:00+00:00,8886.0
2023-05-18 09:00:00+00:00,10816.0
2023-05-18 10:00:00+00:00,13386.0
2023-05-18 11:00:00+00:00,15166.0
2023-05-18 12:00:00+00:00,15052.0
2023-05-18 13:00:00+00:00,13568.0
2023-05-18 14:00:00+00:00,11658.0
2023-05-18 15:00:00+00:00,9705.0
2023-05-18 16:00:00+00:00,6646.0
2023-05-18 17:00:00+00:00,3740.0
2023-05-18 18:00:00+00:00,1399.0
2023-05-18 19:00:00+00:00,170.0
2023-05-18 20:00:00+00:00,0.0
2023-05-18 21:00:00+00:00,0.0
2023-05-18 22:00:00+00:00,0.0
2023-05-18 23:00:00+00:00,0.0
2023-05-19 00:00:00+00:00,0.0
2023-05-19 01:00:00+00:00,0.0
2023-05-19 02:00:00+00:00,0.0
2023-05-19 03:00:00+00:00,4.0
2023-05-19 04:00:00+00:00,472.0
2023-05-19 05:00:00+00:00,2261.0
2023-05-19 06:00:00+00:00,4864.0
2023-05-19 07:00:00+00:00,8152.0
2023-05-19 08:00:00+00:00,10568.0
2023-05-19 09:00:00+00:00,13285.0
2023-05-19 10:00:00+00:00,14582.0
2023-05-19 11:00:00+00:00,15664.0
2023-05-19 12:00:00+00:00,14924.0
2023-05-19 13:00:00+00:00,13909.0
2023-05-19 14:00:00+00:00,11805.0
2023-05-19 15:00:00+00:00,9754.0
2023-05-19 16:00:00+00:00,6671.0
2023-05-19 17:00:00+00:00,3646.0
2023-05-19 18:00:00+00:00,1341.0
2023-05-19 19:00:00+00:00,137.0
2023-05-19 20:00:00+00:00,0.0
2023-05-19 21:00:00+00:00,0.0
2023-05-19 22:00:00+00:00,0.0
2023-05-19 23:00:00+00:00,0.0
2023-05-20 00:00:00+00:00,0.0
2023-05-20 01:00:00+00:00,0.0
2023-05-20 02:00:00+00:00,0.0
2023-05-20 03:00:00+00:00,4.0
2023-05-20 04:00:00+00:00,357.0
2023-05-20 05:00:00+00:00,2068.0
2023-05-20 06:00:00+00:00,4981.0
2023-05-20 07:00:00+00:00,8158.0
2023-05-20 08:00:00+00:00,11083.0
2023-05-20 09:00:00+00:00,13248.0
2023-05-20 10:00:00+00:00,14300.0
2023-05-20 11:00:00+00:00,14615.0
2023-05-20 12:00:00+00:00,13044.0
2023-05-20 13:00:00+00:00,11480.0
2023-05-20 14:00:00+00:00,9442.0
2023-05-20 15:00:00+00:00,6885.0
2023-05-20 16:00:00+00:00,4928.0
2023-05-20 17:00:00+00:00,3046.0
2023-05-20 18:00:00+00:00,1149.0
2023-05-20 19:00:00+00:00,135.0
2023-05-20 20:00:00+00:00,0.0
2023-05-20 21:00:00+00:00,0.0
2023-05-20 22:00:00+00:00,0.0
2023-05-20 23:00:00+00:00,0.0
2023-05-21 00:00:00+00:00,0.0
2023-05-21 01:00:00+00:00,0.0
2023-05-21 02:00:00+00:00,0.0
2023-05-21 03:00:00+00:00,5.0
2023-05-21 04:00:00+00:00,222.0
2023-05-21 05:00:00+00:00,1084.0
2023-05-21 06:00:00+00:00,2652.0
2023-05-21 07:00:00+00:00,4894.0
2023-05-21 08:00:00+00:00,7619.0
2023-05-21 09:00:00+00:00,10156.0
2023-05-21 10:00:00+00:00,12076.0
2023-05-21 11:00:00+00:00,13730.0
2023-05-21 12:00:00+00:00,14162.0
2023-05-21 13:00:00+00:00,12744.0
2023-05-21 14:00:00+00:00,11328.0
2023-05-21 15:00:00+00:00,9482.0
2023-05-21 16:00:00+00:00,6528.0
2023-05-21 17:00:00+00:00,3565.0
2023-05-21 18:00:00+00:00,1309.0
2023-05-21 19:00:00+00:00,191.0
2023-05-21 20:00:00+00:00,0.0
2023-05-21 21:00:00+00:00,0.0
2023-05-21 22:00:00+00:00,0.0
2023-05-21 23:00:00+00:00,0.0
2023-05-22 00:00:00+00:00,0.0
2023-05-22 01:00:00+00:00,0.0
2023-05-22 02:00:00+00:00,0.0
2023-05-22 03:00:00+00:00,5.0
2023-05-22 04:00:00+00:00,259.0
2023-05-22 05:00:00+00:00,1021.0
2023-05-22 06:00:00+00:00,1965.0
2023-05-22 07:00:00+00:00,3795.0
2023-05-22 08:00:00+00:00,6850.0
2023-05-22 09:00:00+00:00,9481.0
2023-05-22 10:00:00+00:00,12035.0
2023-05-22 11:00:00+00:00,13415.0
2023-05-22 12:00:00+00:00,13242.0
2023-05-22 13:00:00+00:00,12450.0
2023-05-22 14:00:00+00:00,9911.0
2023-05-22 15:00:00+00:00,8547.0
2023-05-22 16:00:00+00:00,6053.0
2023-05-22 17:00:00+00:00,4025.0
2023-05-22 18:00:00+00:00,1466.0
2023-05-22 19:00:00+00:00,149.0
2023-05-22 20:00:00+00:00,0.0
2023-05-22 21:00:00+00:00,0.0
2023-05-22 22:00:00+00:00,0.0
2023-05-22 23:00:00+00:00,0.0
2023-05-23 00:00:00+00:00,0.0
2023-05-23 01:00:00+00:00,0.0
2023-05-23 02:00:00+00:00,0.0
2023-05-23 03:00:00+00:00,4.0
2023-05-23 04:00:00+00:00,102.0
2023-05-23 05:00:00+00:00,486.0
2023-05-23 06:00:00+00:00,1277.0
2023-05-23 07:00:00+00:00,3303.0
2023-05-23 08:00:00+00:00,5927.0
2023-05-23 09:00:00+00:00,8449.0
2023-05-23 10:00:00+00:00,10116.0
2023-05-23 11:00:00+00:00,11839.0
2023-05-23 12:00:00+00:00,11567.0
2023-05-23 13:00:00+00:00,11449.0
2023-05-23 14:00:00+00:00,10304.0
2023-05-23 15:00:00+00:00,8462.0
2023-05-23 16:00:00+00:00,6314.0
2023-05-23 17:00:00+00:00,3906.0
2023-05-23 18:00:00+00:00,1593.0
2023-05-23 19:00:00+00:00,171.0
2023-05-23 20:00:00+00:00,0.0
2023-05-23 21:00:00+00:00,0.0
2023-05-23 22:00:00+00:00,0.0
2023-05-23 23:00:00+00:00,0.0
2023-05-24 00:00:00+00:00,0.0
2023-05-24 01:00:00+00:00,0.0
2023-05-24 02:00:00+00:00,0.0
2023-05-24 03:00:00+00:00,10.0
2023-05-24 04:00:00+00:00,454.0
2023-05-24 05:00:00+00:00,1933.0
2023-05-24 06:00:00+00:00,4175.0
2023-05-24 07:00:00+00:00,5720.0
2023-05-24 08:00:00+00:00,8387.0
2023-05-24 09:00:00+00:00,9415.0
2023-05-24 10:00:00+00:00,9782.0
2023-05-24 11:00:00+00:00,8642.0
2023-05-24 12:00:00+00:00,8451.0
2023-05-24 13:00:00+00:00,8316.0
2023-05-24 14:00:00+00:00,7656.0
2023-05-24 15:00:00+00:00,5977.0
2023-05-24 16:00:00+00:00,4753.0
2023-05-24 17:00:00+00:00,3222.0
2023-05-24 18:00:00+00:00,1662.0
2023-05-24 19:00:00+00:00,243.0
2023-05-24 20:00:00+00:00,0.0
2023-05-24 21:00:00+00:00,0.0
2023-05-24 22:00:00+00:00,0.0
2023-05-24 23:00:00+00:00,0.0
2023-05-25 00:00:00+00:00,0.0
2023-05-25 01:00:00+00:00,0.0
2023-05-25 02:00:00+00:00,0.0
2023-05-25 03:00:00+00:00,14.0
2023-05-25 04:00:00+00:00,579.0
2023-05-25 05:00:00+00:00,2319.0
2023-05-25 06:00:00+00:00,4672.0
2023-05-25 07:00:00+00:00,6860.0
2023-05-25 08:00:00+00:00,8157.0
2023-05-25 09:00:00+00:00,7615.0
2023-05-25 10:00:00+00:00,8569.0
2023-05-25 11:00:00+00:00,10205.0
2023-05-25 12:00:00+00:00,10850.0
2023-05-25 13:00:00+00:00,11489.0
2023-05-25 14:00:00+00:00,10923.0
2023-05-25 15:00:00+00:00,9615.0
2023-05-25 16:00:00+00:00,7153.0
2023-05-25 17:00:00+00:00,4159.0
2023-05-25 18:00:00+00:00,1811.0
2023-05-25 19:00:00+00:00,221.0
2023-05-25 20:00:00+00:00,0.0
2023-05-25 21:00:00+00:00,0.0
2023-05-25 22:00:00+00:00,0.0
2023-05-25 23:00:00+00:00,0.0
2023-05-26 00:00:00+00:00,0.0
2023-05-26 01:00:00+00:00,0.0
2023-05-26 02:00:00+00:00,0.0
2023-05-26 03:00:00+00:00,12.0
2023-05-26 04:00:00+00:00,549.0
2023-05-26 05:00:00+00:00,2380.0
2023-05-26 06:00:00+00:00,5128.0
2023-05-26 07:00:00+00:00,7967.0
2023-05-26 08:00:00+00:00,11429.0
2023-05-26 09:00:00+00:00,13924.0
2023-05-26 10:00:00+00:00,15655.0
2023-05-26 11:00:00+00:00,16406.0
2023-05-26 12:00:00+00:00,15984.0
2023-05-26 13:00:00+00:00,14468.0
2023-05-26 14:00:00+00:00,12406.0
2023-05-26 15:00:00+00:00,10139.0
2023-05-26 16:00:00+00:00,7064.0
2023-05-26 17:00:00+00:00,4065.0
2023-05-26 18:00:00+00:00,1748.0
2023-05-26 19:00:00+00:00,241.0
2023-05-26 20:00:00+00:00,0.0
2023-05-26 21:00:00+00:00,0.0
2023-05-26 22:00:00+00:00,0.0
2023-05-26 23:00:00+00:00,0.0
2023-05-27 00:00:00+00:00,0.0
2023-05-27 01:00:00+00:00,0.0
2023-05-27 02:00:00+00:00,0.0
2023-05-27 03:00:00+00:00,15.0
2023-05-27 04:00:00+00:00,566.0
2023-05-27 05:00:00+00:00,2327.0
2023-05-27 06:00:00+00:00,5053.0
2023-05-27 07:00:00+00:00,8195.0
2023-05-27 08:00:00+00:00,11169.0
2023-05-27 09:00:00+00:00,13989.0
2023-05-27 10:00:00+00:00,15637.0
2023-05-27 11:00:00+00:00,16437.0
2023-05-27 12:00:00+00:00,16206.0
2023-05-27 13:00:00+00:00,14788.0
2023-05-27 14:00:00+00:00,13054.0
2023-05-27 15:00:00+00:00,10543.0
2023-05-27 16:00:00+00:00,7439.0
2023-05-27 17:00:00+00:00,4333.0
2023-05-27 18:00:00+00:00,1760.0
2023-05-27 19:00:00+00:00,268.0
2023-05-27 20:00:00+00:00,0.0
2023-05-27 21:00:00+00:00,0.0
2023-05-27 22:00:00+00:00,0.0
2023-05-27 23:00:00+00:00,0.0
2023-05-28 00:00:00+00:00,0.0
2023-05-28 01:00:00+00:00,0.0
2023-05-28 02:00:00+00:00,0.0
2023-05-28 03:00:00+00:00,14.0
2023-05-28 04:00:00+00:00,520.0
2023-05-28 05:00:00+00:00,2265.0
2023-05-28 06:00:00+00:00,5090.0
2023-05-28 07:00:00+00:00,8357.0
2023-05-28 08:00:00+00:00,10818.0
2023-05-28 09:00:00+00:00,13073.0
2023-05-28 10:00:00+00:00,14408.0
2023-05-28 11:00:00+00:00,14815.0
2023-05-28 12:00:00+00:00,15258.0
2023-05-28 13:00:00+00:00,14341.0
2023-05-28 14:00:00+00:00,12673.0
2023-05-28 15:00:00+00:00,10192.0
2023-05-28 16:00:00+00:00,7300.0
2023-05-28 17:00:00+00:00,4320.0
2023-05-28 18:00:00+00:00,1721.0
2023-05-28 19:00:00+00:00,242.0
2023-05-28 20:00:00+00:00,0.0
2023-05-28 21:00:00+00:00,0.0
2023-05-28 22:00:00+00:00,0.0
2023-05-28 23:00:00+00:00,0.0
2023-05-29 00:00:00+00:00,0.0
2023-05-29 01:00:00+00:00,0.0
2023-05-29 02:00:00+00:00,0.0
2023-05-29 03:00:00+00:00,15.0
2023-05-29 04:00:00+00:00,536.0
2023-05-29 05:00:00+00:00,2286.0
2023-05-29 06:00:00+00:00,4961.0
2023-05-29 07:00:00+00:00,7442.0
2023-05-29 08:00:00+00:00,10522.0
2023-05-29 09:00:00+00:00,12302.0
2023-05-29 10:00:00+00:00,13833.0
2023-05-29 11:00:00+00:00,14466.0
2023-05-29 12:00:00+00:00,14144.0
2023-05-29 13:00:00+00:00,13113.0
2023-05-29 14:00:00+00:00,11935.0
2023-05-29 15:00:00+00:00,9964.0
2023-05-29 16:00:00+00:00,7518.0
2023-05-29 17:00:00+00:00,4595.0
2023-05-29 18:00:00+00:00,1942.0
2023-05-29 19:00:00+00:00,345.0
2023-05-29 20:00:00+00:00,0.0
2023-05-29 21:00:00+00:00,0.0
2023-05-29 22:00:00+00:00,0.0
2023-05-29 23:00:00+00:00,0.0
2023-05-30 00:00:00+00:00,0.0
2023-05-30 01:00:00+00:00,0.0
2023-05-30 02:00:00+00:00,0.0
2023-05-30 03:00:00+00:00,23.0
2023-05-30 04:00:00+00:00,402.0
2023-05-30 05:00:00+00:00,1382.0
2023-05-30 06:00:00+00:00,2751.0
2023-05-30 07:00:00+00:00,5153.0
2023-05-30 08:00:00+00:00,7964.0
2023-05-30 09:00:00+00:00,10369.0
2023-05-30 10:00:00+00:00,10910.0
2023-05-30 11:00:00+00:00,11447.0
2023-05-30 12:00:00+00:00,10353.0
2023-05-30 13:00:00+00:00,9530.0
2023-05-30 14:00:00+00:00,8394.0
2023-05-30 15:00:00+00:00,6759.0
2023-05-30 16:00:00+00:00,4780.0
2023-05-30 17:00:00+00:00,2697.0
2023-05-30 18:00:00+00:00,1270.0
2023-05-30 19:00:00+00:00,279.0
2023-05-30 20:00:00+00:00,0.0
2023-05-30 21:00:00+00:00,0.0
2023-05-30 22:00:00+00:00,0.0
2023-05-30 23:00:00+00:00,0.0
2023-05-31 00:00:00+00:00,0.0
2023-05-31 01:00:00+00:00,0.0
2023-05-31 02:00:00+00:00,0.0
2023-05-31 03:00:00+00:00,25.0
2023-05-31 04:00:00+00:00,698.0
2023-05-31 05:00:00+00:00,2648.0
2023-05-31 06:00:00+00:00,5526.0
2023-05-31 07:00:00+00:00,8676.0
2023-05-31 08:00:00+00:00,11409.0
2023-05-31 09:00:00+00:00,13384.0
2023-05-31 10:00:00+00:00,15306.0
2023-05-31 11:00:00+00:00,16309.0
2023-05-31 12:00:00+00:00,16155.0
2023-05-31 13:00:00+00:00,15114.0
2023-05-31 14:00:00+00:00,13052.0
2023-05-31 15:00:00+00:00,10643.0
2023-05-31 16:00:00+00:00,7600.0
2023-05-31 17:00:00+00:00,4510.0
2023-05-31 18:00:00+00:00,1964.0
2023-05-31 19:00:00+00:00,346.0
2023-05-31 20:00:00+00:00,0.0
2023-05-31 21:00:00+00:00,0.0
2023-05-31 22:00:00+00:00,0.0
2023-05-31 23:00:00+00:00,0.0
2023-06-01 00:00:00+00:00,0.0
2023-06-01 01:00:00+00:00,0.0
2023-06-01 02:00:00+00:00,0.0
2023-06-01 03:00:00+00:00,19.0
2023-06-01 04:00:00+00:00,309.0
2023-06-01 05:00:00+00:00,1171.0
2023-06-01 06:00:00+00:00,2785.0
2023-06-01 07:00:00+00:00,4990.0
2023-06-01 08:00:00+00:00,7957.0
2023-06-01 09:00:00+00:00,9927.0
2023-06-01 10:00:00+00:00,11051.0
2023-06-01 11:00:00+00:00,11874.0
2023-06-01 12:00:00+00:00,11641.0
2023-06-01 13:00:00+00:00,10738.0
2023-06-01 14:00:00+00:00,8130.0
2023-06-01 15:00:00+00:00,6094.0
2023-06-01 16:00:00+00:00,4327.0
2023-06-01 17:00:00+00:00,2261.0
2023-06-01 18:00:00+00:00,891.0
2023-06-01 19:00:00+00:00,138.0
2023-06-01 20:00:00+00:00,0.0
2023-06-01 21:00:00+00:00,0.0
2023-06-01 22:00:00+00:00,0.0
2023-06-01 23:00:00+00:00,0.0
2023-06-02 00:00:00+00:00,0.0
2023-06-02 01:00:00+00:00,0.0
2023-06-02 02:00:00+00:00,0.0
2023-06-02 03:00:00+00:00,14.0
2023-06-02 04:00:00+00:00,234.0
2023-06-02 05:00:00+00:00,843.0
2023-06-02 06:00:00+00:00,1974.0
2023-06-02 07:00:00+00:00,3711.0
2023-06-02 08:00:00+00:00,5852.0
2023-06-02 09:00:00+00:00,7920.0
2023-06-02 10:00:00+00:00,10363.0
2023-06-02 11:00:00+00:00,11588.0
2023-06-02 12:00:00+00:00,12770.0
2023-06-02 13:00:00+00:00,12466.0
2023-06-02 14:00:00+00:00,11433.0
2023-06-02 15:00:00+00:00,8622.0
2023-06-02 16:00:00+00:00,6996.0
2023-06-02 17:00:00+00:00,4366.0
2023-06-02 18:00:00+00:00,1925.0
2023-06-02 19:00:00+00:00,382.0
2023-06-02 20:00:00+00:00,0.0
2023-06-02 21:00:00+00:00,0.0
2023-06-02 22:00:00+00:00,0.0
2023-06-02 23:00:00+00:00,0.0
2023-06-03 00:00:00+00:00,0.0
2023-06-03 01:00:00+00:00,0.0
2023-06-03 02:00:00+00:00,0.0
2023-06-03 03:00:00+00:00,31.0
2023-06-03 04:00:00+00:00,738.0
2023-06-03 05:00:00+00:00,2768.0
2023-06-03 06:00:00+00:00,5642.0
2023-06-03 07:00:00+00:00,8815.0
2023-06-03 08:00:00+00:00,11470.0
2023-06-03 09:00:00+00:00,14154.0
2023-06-03 10:00:00+00:00,15845.0
2023-06-03 11:00:00+00:00,16832.0
2023-06-03 12:00:00+00:00,16624.0
2023-06-03 13:00:00+00:00,15509.0
2023-06-03 14:00:00+00:00,13554.0
2023-06-03 15:00:00+00:00,11004.0
2023-06-03 16:00:00+00:00,7935.0
2023-06-03 17:00:00+00:00,4823.0
2023-06-03 18:00:00+00:00,2090.0
2023-06-03 19:00:00+00:00,377.0
2023-06-03 20:00:00+00:00,0.0
2023-06-03 21:00:00+00:00,0.0
2023-06-03 22:00:00+00:00,0.0
2023-06-03 23:00:00+00:00,0.0
2023-06-04 00:00:00+00:00,0.0
2023-06-04 01:00:00+00:00,0.0
2023-06-04 02:00:00+00:00,0.0
2023-06-04 03:00:00+00:00,32.0
2023-06-04 04:00:00+00:00,757.0
2023-06-04 05:00:00+00:00,2680.0
2023-06-04 06:00:00+00:00,5553.0
2023-06-04 07:00:00+00:00,8689.0
2023-06-04 08:00:00+00:00,11535.0
2023-06-04 09:00:00+00:00,13901.0
2023-06-04 10:00:00+00:00,15567.0
2023-06-04 11:00:00+00:00,16304.0
2023-06-04 12:00:00+00:00,16230.0
2023-06-04 13:00:00+00:00,15134.0
2023-06-04 14:00:00+00:00,13233.0
2023-06-04 15:00:00+00:00,10699.0
2023-06-04 16:00:00+00:00,7683.0
2023-06-04 17:00:00+00:00,4587.0
2023-06-04 18:00:00+00:00,2001.0
2023-06-04 19:00:00+00:00,370.0
2023-06-04 20:00:00+00:00,0.0
2023-06-04 21:00:00+00:00,0.0
2023-06-04 22:00:00+00:00,0.0
2023-06-04 23:00:00+00:00,0.0
2023-06-05 00:00:00+00:00,0.0
2023-06-05 01:00:00+00:00,0.0
2023-06-05 02:00:00+00:00,0.0
2023-06-05 03:00:00+00:00,31.0
2023-06-05 04:00:00+00:00,616.0
2023-06-05 05:00:00+00:00,2190.0
2023-06-05 06:00:00+00:00,4733.0
2023-06-05 07:00:00+00:00,7835.0
2023-06-05 08:00:00+00:00,10854.0
2023-06-05 09:00:00+00:00,13457.0
2023-06-05 10:00:00+00:00,15210.0
2023-06-05 11:00:00+00:00,16052.0
2023-06-05 12:00:00+00:00,15941.0
2023-06-05 13:00:00+00:00,14925.0
2023-06-05 14:00:00+00:00,13163.0
2023-06-05 15:00:00+00:00,10488.0
2023-06-05 16:00:00+00:00,7596.0
2023-06-05 17:00:00+00:00,4505.0
2023-06-05 18:00:00+00:00,2032.0
2023-06-05 19:00:00+00:00,383.0
2023-06-05 20:00:00+00:00,0.0
2023-06-05 21:00:00+00:00,0.0
2023-06-05 22:00:00+00:00,0.0
2023-06-05 23:00:00+00:00,0.0
2023-06-06 00:00:00+00:00,0.0
2023-06-06 01:00:00+00:00,0.0
2023-06-06 02:00:00+00:00,0.0
2023-06-06 03:00:00+00:00,38.0
2023-06-06 04:00:00+00:00,710.0
2023-06-06 05:00:00+00:00,2554.0
2023-06-06 06:00:00+00:00,5291.0
2023-06-06 07:00:00+00:00,8457.0
2023-06-06 08:00:00+00:00,11404.0
2023-06-06 09:00:00+00:00,13806.0
2023-06-06 10:00:00+00:00,15559.0
2023-06-06 11:00:00+00:00,16375.0
2023-06-06 12:00:00+00:00,16270.0
2023-06-06 13:00:00+00:00,15096.0
2023-06-06 14:00:00+00:00,12916.0
2023-06-06 15:00:00+00:00,9820.0
2023-06-06 16:00:00+00:00,7367.0
2023-06-06 17:00:00+00:00,4594.0
2023-06-06 18:00:00+00:00,2043.0
2023-06-06 19:00:00+00:00,506.0
2023-06-06 20:00:00+00:00,0.0
2023-06-06 21:00:00+00:00,0.0
2023-06-06 22:00:00+00:00,0.0
2023-06-06 23:00:00+00:00,0.0
2023-06-07 00:00:00+00:00,0.0
2023-06-07 01:00:00+00:00,0.0
2023-06-07 02:00:00+00:00,0.0
2023-06-07 03:00:00+00:00,33.0
2023-06-07 04:00:00+00:00,486.0
2023-06-07 05:00:00+00:00,1551.0
2023-06-07 06:00:00+00:00,3571.0
2023-06-07 07:00:00+00:00,6401.0
2023-06-07 08:00:00+00:00,9521.0
2023-06-07 09:00:00+00:00,11794.0
2023-06-07 10:00:00+00:00,12547.0
2023-06-07 11:00:00+00:00,12961.0
2023-06-07 12:00:00+00:00,13354.0
2023-06-07 13:00:00+00:00,13764.0
2023-06-07 14:00:00+00:00,12330.0
2023-06-07 15:00:00+00:00,9393.0
2023-06-07 16:00:00+00:00,6211.0
2023-06-07 17:00:00+00:00,4073.0
2023-06-07 18:00:00+00:00,2097.0
2023-06-07 19:00:00+00:00,462.0
2023-06-07 20:00:00+00:00,0.0
2023-06-07 21:00:00+00:00,0.0
2023-06-07 22:00:00+00:00,0.0
2023-06-07 23:00:00+00:00,0.0
2023-06-08 00:00:00+00:00,0.0
2023-06-08 01:00:00+00:00,0.0
2023-06-08 02:00:00+00:00,0.0
2023-06-08 03:00:00+00:00,32.0
2023-06-08 04:00:00+00:00,550.0
2023-06-08 05:00:00+00:00,2140.0
2023-06-08 06:00:00+00:00,4515.0
2023-06-08 07:00:00+00:00,7475.0
2023-06-08 08:00:00+00:00,10537.0
2023-06-08 09:00:00+00:00,12501.0
2023-06-08 10:00:00+00:00,14947.0
2023-06-08 11:00:00+00:00,15640.0
2023-06-08 12:00:00+00:00,15835.0
2023-06-08 13:00:00+00:00,14815.0
2023-06-08 14:00:00+00:00,13006.0
2023-06-08 15:00:00+00:00,10210.0
2023-06-08 16:00:00+00:00,7405.0
2023-06-08 17:00:00+00:00,4441.0
2023-06-08 18:00:00+00:00,2053.0
2023-06-08 19:00:00+00:00,430.0
2023-06-08 20:00:00+00:00,0.0
2023-06-08 21:00:00+00:00,0.0
2023-06-08 22:00:00+00:00,0.0
2023-06-08 23:00:00+00:00,0.0
2023-06-09 00:00:00+00:00,0.0
2023-06-09 01:00:00+00:00,0.0
2023-06-09 02:00:00+00:00,0.0
2023-06-09 03:00:00+00:00,35.0
2023-06-09 04:00:00+00:00,715.0
2023-06-09 05:00:00+00:00,2551.0
2023-06-09 06:00:00+00:00,5376.0
2023-06-09 07:00:00+00:00,8451.0
2023-06-09 08:00:00+00:00,11293.0
2023-06-09 09:00:00+00:00,13622.0
2023-06-09 10:00:00+00:00,15070.0
2023-06-09 11:00:00+00:00,16112.0
2023-06-09 12:00:00+00:00,15868.0
2023-06-09 13:00:00+00:00,14691.0
2023-06-09 14:00:00+00:00,12542.0
2023-06-09 15:00:00+00:00,10039.0
2023-06-09 16:00:00+00:00,7355.0
2023-06-09 17:00:00+00:00,4398.0
2023-06-09 18:00:00+00:00,2078.0
2023-06-09 19:00:00+00:00,442.0
2023-06-09 20:00:00+00:00,0.0
2023-06-09 21:00:00+00:00,0.0
2023-06-09 22:00:00+00:00,0.0
2023-06-09 23:00:00+00:00,0.0
2023-06-10 00:00:00+00:00,0.0
2023-06-10 01:00:00+00:00,0.0
2023-06-10 02:00:00+00:00,0.0
2023-06-10 03:00:00+00:00,46.0
2023-06-10 04:00:00+00:00,792.0
2023-06-10 05:00:00+00:00,2686.0
2023-06-10 06:00:00+00:00,5523.0
2023-06-10 07:00:00+00:00,8656.0
2023-06-10 08:00:00+00:00,11572.0
2023-06-10 09:00:00+00:00,14012.0
2023-06-10 10:00:00+00:00,15682.0
2023-06-10 11:00:00+00:00,16515.0
2023-06-10 12:00:00+00:00,16299.0
2023-06-10 13:00:00+00:00,15307.0
2023-06-10 14:00:00+00:00,13191.0
2023-06-10 15:00:00+00:00,10463.0
2023-06-10 16:00:00+00:00,7790.0
2023-06-10 17:00:00+00:00,4893.0
2023-06-10 18:00:00+00:00,2171.0
2023-06-10 19:00:00+00:00,477.0
2023-06-10 20:00:00+00:00,0.0
2023-06-10 21:00:00+00:00,0.0
2023-06-10 22:00:00+00:00,0.0
2023-06-10 23:00:00+00:00,0.0
2023-06-11 00:00:00+00:00,0.0
2023-06-11 01:00:00+00:00,0.0
2023-06-11 02:00:00+00:00,0.0
2023-06-11 03:00:00+00:00,41.0
2023-06-11 04:00:00+00:00,775.0
2023-06-11 05:00:00+00:00,2678.0
2023-06-11 06:00:00+00:00,5454.0
2023-06-11 07:00:00+00:00,8506.0
2023-06-11 08:00:00+00:00,11212.0
2023-06-11 09:00:00+00:00,13684.0
2023-06-11 10:00:00+00:00,15320.0
2023-06-11 11:00:00+00:00,15839.0
2023-06-11 12:00:00+00:00,15087.0
2023-06-11 13:00:00+00:00,14335.0
2023-06-11 14:00:00+00:00,12594.0
2023-06-11 15:00:00+00:00,9921.0
2023-06-11 16:00:00+00:00,7338.0
2023-06-11 17:00:00+00:00,4486.0
2023-06-11 18:00:00+00:00,2039.0
2023-06-11 19:00:00+00:00,373.0
2023-06-11 20:00:00+00:00,0.0
2023-06-11 21:00:00+00:00,0.0
2023-06-11 22:00:00+00:00,0.0
2023-06-11 23:00:00+00:00,0.0
2023-06-12 00:00:00+00:00,0.0
2023-06-12 01:00:00+00:00,0.0
2023-06-12 02:00:00+00:00,0.0
2023-06-12 03:00:00+00:00,45.0
2023-06-12 04:00:00+00:00,802.0
2023-06-12 05:00:00+00:00,2760.0
2023-06-12 06:00:00+00:00,5492.0
2023-06-12 07:00:00+00:00,8588.0
2023-06-12 08:00:00+00:00,11646.0
2023-06-12 09:00:00+00:00,14063.0
2023-06-12 10:00:00+00:00,15665.0
2023-06-12 11:00:00+00:00,16323.0
2023-06-12 12:00:00+00:00,15154.0
2023-06-12 13:00:00+00:00,13535.0
2023-06-12 14:00:00+00:00,12249.0
2023-06-12 15:00:00+00:00,9923.0
2023-06-12 16:00:00+00:00,7590.0
2023-06-12 17:00:00+00:00,4477.0
2023-06-12 18:00:00+00:00,2202.0
2023-06-12 19:00:00+00:00,464.0
2023-06-12 20:00:00+00:00,0.0
2023-06-12 21:00:00+00:00,0.0
2023-06-12 22:00:00+00:00,0.0
2023-06-12 23:00:00+00:00,0.0
2023-06-13 00:00:00+00:00,0.0
2023-06-13 01:00:00+00:00,0.0
2023-06-13 02:00:00+00:00,0.0
2023-06-13 03:00:00+00:00,43.0
2023-06-13 04:00:00+00:00,815.0
2023-06-13 05:00:00+00:00,2794.0
2023-06-13 06:00:00+00:00,5644.0
2023-06-13 07:00:00+00:00,8805.0
2023-06-13 08:00:00+00:00,11744.0
2023-06-13 09:00:00+00:00,14193.0
2023-06-13 10:00:00+00:00,15846.0
2023-06-13 11:00:00+00:00,16774.0
2023-06-13 12:00:00+00:00,16619.0
2023-06-13 13:00:00+00:00,15554.0
2023-06-13 14:00:00+00:00,13673.0
2023-06-13 15:00:00+00:00,11112.0
2023-06-13 16:00:00+00:00,8053.0
2023-06-13 17:00:00+00:00,5030.0
2023-06-13 18:00:00+00:00,2366.0
2023-06-13 19:00:00+00:00,504.0
2023-06-13 20:00:00+00:00,0.0
2023-06-13 21:00:00+00:00,0.0
2023-06-13 22:00:00+00:00,0.0
2023-06-13 23:00:00+00:00,0.0
2023-06-14 00:00:00+00:00,0.0
2023-06-14 01:00:00+00:00,0.0
2023-06-14 02:00:00+00:00,0.0
2023-06-14 03:00:00+00:00,46.0
2023-06-14 04:00:00+00:00,841.0
2023-06-14 05:00:00+00:00,2832.0
2023-06-14 06:00:00+00:00,5681.0
2023-06-14 07:00:00+00:00,8811.0
2023-06-14 08:00:00+00:00,11740.0
2023-06-14 09:00:00+00:00,14188.0
2023-06-14 10:00:00+00:00,15876.0
2023-06-14 11:00:00+00:00,16752.0
2023-06-14 12:00:00+00:00,16467.0
2023-06-14 13:00:00+00:00,15234.0
2023-06-14 14:00:00+00:00,13536.0
2023-06-14 15:00:00+00:00,10992.0
2023-06-14 16:00:00+00:00,7941.0
2023-06-14 17:00:00+00:00,5020.0
2023-06-14 18:00:00+00:00,2403.0
2023-06-14 19:00:00+00:00,545.0
2023-06-14 20:00:00+00:00,1.0
2023-06-14 21:00:00+00:00,0.0
2023-06-14 22:00:00+00:00,0.0
2023-06-14 23:00:00+00:00,0.0
2023-06-15 00:00:00+00:00,0.0
2023-06-15 01:00:00+00:00,0.0
2023-06-15 02:00:00+00:00,0.0
2023-06-15 03:00:00+00:00,44.0
2023-06-15 04:00:00+00:00,799.0
2023-06-15 05:00:00+00:00,2717.0
2023-06-15 06:00:00+00:00,5517.0
2023-06-15 07:00:00+00:00,8528.0
2023-06-15 08:00:00+00:00,11421.0
2023-06-15 09:00:00+00:00,13660.0
2023-06-15 10:00:00+00:00,14058.0
2023-06-15 11:00:00+00:00,15060.0
2023-06-15 12:00:00+00:00,14651.0
2023-06-15 13:00:00+00:00,13879.0
2023-06-15 14:00:00+00:00,12470.0
2023-06-15 15:00:00+00:00,10362.0
2023-06-15 16:00:00+00:00,7655.0
2023-06-15 17:00:00+00:00,4678.0
2023-06-15 18:00:00+00:00,2245.0
2023-06-15 19:00:00+00:00,529.0
2023-06-15 20:00:00+00:00,5.0
2023-06-15 21:00:00+00:00,0.0
2023-06-15 22:00:00+00:00,0.0
2023-06-15 23:00:00+00:00,0.0
2023-06-16 00:00:00+00:00,0.0
2023-06-16 01:00:00+00:00,0.0
2023-06-16 02:00:00+00:00,0.0
2023-06-16 03:00:00+00:00,51.0
2023-06-16 04:00:00+00:00,796.0
2023-06-16 05:00:00+00:00,2732.0
2023-06-16 06:00:00+00:00,5437.0
2023-06-16 07:00:00+00:00,8327.0
2023-06-16 08:00:00+00:00,11737.0
2023-06-16 09:00:00+00:00,13836.0
2023-06-16 10:00:00+00:00,15426.0
2023-06-16 11:00:00+00:00,16158.0
2023-06-16 12:00:00+00:00,15967.0
2023-06-16 13:00:00+00:00,14848.0
2023-06-16 14:00:00+00:00,13391.0
2023-06-16 15:00:00+00:00,10874.0
2023-06-16 16:00:00+00:00,8072.0
2023-06-16 17:00:00+00:00,4925.0
2023-06-16 18:00:00+00:00,2432.0
2023-06-16 19:00:00+00:00,563.0
2023-06-16 20:00:00+00:00,1.0
2023-06-16 21:00:00+00:00,0.0
2023-06-16 22:00:00+00:00,0.0
2023-06-16 23:00:00+00:00,0.0
2023-06-17 00:00:00+00:00,0.0
2023-06-17 01:00:00+00:00,0.0
2023-06-17 02:00:00+00:00,0.0
2023-06-17 03:00:00+00:00,44.0
2023-06-17 04:00:00+00:00,764.0
2023-06-17 05:00:00+00:00,2470.0
2023-06-17 06:00:00+00:00,4936.0
2023-06-17 07:00:00+00:00,7984.0
2023-06-17 08:00:00+00:00,11172.0
2023-06-17 09:00:00+00:00,13751.0
2023-06-17 10:00:00+00:00,15427.0
2023-06-17 11:00:00+00:00,16014.0
2023-06-17 12:00:00+00:00,15375.0
2023-06-17 13:00:00+00:00,14118.0
2023-06-17 14:00:00+00:00,11656.0
2023-06-17 15:00:00+00:00,8754.0
2023-06-17 16:00:00+00:00,6258.0
2023-06-17 17:00:00+00:00,3526.0
2023-06-17 18:00:00+00:00,1409.0
2023-06-17 19:00:00+00:00,261.0
2023-06-17 20:00:00+00:00,2.0
2023-06-17 21:00:00+00:00,0.0
2023-06-17 22:00:00+00:00,0.0
2023-06-17 23:00:00+00:00,0.0
2023-06-18 00:00:00+00:00,0.0
2023-06-18 01:00:00+00:00,0.0
2023-06-18 02:00:00+00:00,0.0
2023-06-18 03:00:00+00:00,53.0
2023-06-18 04:00:00+00:00,650.0
2023-06-18 05:00:00+00:00,1792.0
2023-06-18 06:00:00+00:00,3678.0
2023-06-18 07:00:00+00:00,5165.0
2023-06-18 08:00:00+00:00,7155.0
2023-06-18 09:00:00+00:00,7875.0
2023-06-18 10:00:00+00:00,7666.0
2023-06-18 11:00:00+00:00,7979.0
2023-06-18 12:00:00+00:00,7400.0
2023-06-18 13:00:00+00:00,6790.0
2023-06-18 14:00:00+00:00,5216.0
2023-06-18 15:00:00+00:00,3277.0
2023-06-18 16:00:00+00:00,2583.0
2023-06-18 17:00:00+00:00,1410.0
2023-06-18 18:00:00+00:00,982.0
2023-06-18 19:00:00+00:00,216.0
2023-06-18 20:00:00+00:00,3.0
2023-06-18 21:00:00+00:00,0.0
2023-06-18 22:00:00+00:00,0.0
2023-06-18 23:00:00+00:00,0.0
2023-06-19 00:00:00+00:00,0.0
2023-06-19 01:00:00+00:00,0.0
2023-06-19 02:00:00+00:00,0.0
2023-06-19 03:00:00+00:00,23.0
2023-06-19 04:00:00+00:00,319.0
2023-06-19 05:00:00+00:00,1160.0
2023-06-19 06:00:00+00:00,2250.0
2023-06-19 07:00:00+00:00,3767.0
2023-06-19 08:00:00+00:00,5556.0
2023-06-19 09:00:00+00:00,8412.0
2023-06-19 10:00:00+00:00,11023.0
2023-06-19 11:00:00+00:00,12868.0
2023-06-19 12:00:00+00:00,14186.0
2023-06-19 13:00:00+00:00,14079.0
2023-06-19 14:00:00+00:00,13063.0
2023-06-19 15:00:00+00:00,10832.0
2023-06-19 16:00:00+00:00,7524.0
2023-06-19 17:00:00+00:00,4084.0
2023-06-19 18:00:00+00:00,1597.0
2023-06-19 19:00:00+00:00,377.0
2023-06-19 20:00:00+00:00,11.0
2023-06-19 21:00:00+00:00,0.0
2023-06-19 22:00:00+00:00,0.0
2023-06-19 23:00:00+00:00,0.0
2023-06-20 00:00:00+00:00,0.0
2023-06-20 01:00:00+00:00,0.0
2023-06-20 02:00:00+00:00,0.0
2023-06-20 03:00:00+00:00,24.0
2023-06-20 04:00:00+00:00,354.0
2023-06-20 05:00:00+00:00,1421.0
2023-06-20 06:00:00+00:00,3631.0
2023-06-20 07:00:00+00:00,6196.0
2023-06-20 08:00:00+00:00,9077.0
2023-06-20 09:00:00+00:00,12331.0
2023-06-20 10:00:00+00:00,14063.0
2023-06-20 11:00:00+00:00,14923.0
2023-06-20 12:00:00+00:00,13013.0
2023-06-20 13:00:00+00:00,10489.0
2023-06-20 14:00:00+00:00,7437.0
2023-06-20 15:00:00+00:00,3420.0
2023-06-20 16:00:00+00:00,1766.0
2023-06-20 17:00:00+00:00,794.0
2023-06-20 18:00:00+00:00,482.0
2023-06-20 19:00:00+00:00,195.0
2023-06-20 20:00:00+00:00,11.0
2023-06-20 21:00:00+00:00,0.0
2023-06-20 22:00:00+00:00,0.0
2023-06-20 23:00:00+00:00,0.0
2023-06-21 00:00:00+00:00,0.0
2023-06-21 01:00:00+00:00,0.0
2023-06-21 02:00:00+00:00,0.0
2023-06-21 03:00:00+00:00,43.0
2023-06-21 04:00:00+00:00,629.0
2023-06-21 05:00:00+00:00,2127.0
2023-06-21 06:00:00+00:00,4593.0
2023-06-21 07:00:00+00:00,7627.0
2023-06-21 08:00:00+00:00,10327.0
2023-06-21 09:00:00+00:00,12724.0
2023-06-21 10:00:00+00:00,14475.0
2023-06-21 11:00:00+00:00,14525.0
2023-06-21 12:00:00+00:00,13983.0
2023-06-21 13:00:00+00:00,14581.0
2023-06-21 14:00:00+00:00,12711.0
2023-06-21 15:00:00+00:00,10310.0
2023-06-21 16:00:00+00:00,7904.0
2023-06-21 17:00:00+00:00,4802.0
2023-06-21 18:00:00+00:00,2234.0
2023-06-21 19:00:00+00:00,541.0
2023-06-21 20:00:00+00:00,8.0
2023-06-21 21:00:00+00:00,0.0
2023-06-21 22:00:00+00:00,0.0
2023-06-21 23:00:00+00:00,0.0
2023-06-22 00:00:00+00:00,0.0
2023-06-22 01:00:00+00:00,0.0
2023-06-22 02:00:00+00:00,0.0
2023-06-22 03:00:00+00:00,30.0
2023-06-22 04:00:00+00:00,624.0
2023-06-22 05:00:00+00:00,2203.0
2023-06-22 06:00:00+00:00,4063.0
2023-06-22 07:00:00+00:00,6016.0
2023-06-22 08:00:00+00:00,8200.0
2023-06-22 09:00:00+00:00,8591.0
2023-06-22 10:00:00+00:00,7380.0
2023-06-22 11:00:00+00:00,5519.0
2023-06-22 12:00:00+00:00,4542.0
2023-06-22 13:00:00+00:00,3125.0
2023-06-22 14:00:00+00:00,2114.0
2023-06-22 15:00:00+00:00,1545.0
2023-06-22 16:00:00+00:00,1066.0
2023-06-22 17:00:00+00:00,872.0
2023-06-22 18:00:00+00:00,514.0
2023-06-22 19:00:00+00:00,259.0
2023-06-22 20:00:00+00:00,14.0
2023-06-22 21:00:00+00:00,0.0
2023-06-22 22:00:00+00:00,0.0
2023-06-22 23:00:00+00:00,0.0
2023-06-23 00:00:00+00:00,0.0
2023-06-23 01:00:00+00:00,0.0
2023-06-23 02:00:00+00:00,0.0
2023-06-23 03:00:00+00:00,23.0
2023-06-23 04:00:00+00:00,543.0
2023-06-23 05:00:00+00:00,2062.0
2023-06-23 06:00:00+00:00,4559.0
2023-06-23 07:00:00+00:00,8160.0
2023-06-23 08:00:00+00:00,11102.0
2023-06-23 09:00:00+00:00,13848.0
2023-06-23 10:00:00+00:00,15332.0
2023-06-23 11:00:00+00:00,15789.0
2023-06-23 12:00:00+00:00,15384.0
2023-06-23 13:00:00+00:00,14231.0
2023-06-23 14:00:00+00:00,12477.0
2023-06-23 15:00:00+00:00,10230.0
2023-06-23 16:00:00+00:00,7561.0
2023-06-23 17:00:00+00:00,4317.0
2023-06-23 18:00:00+00:00,1835.0
2023-06-23 19:00:00+00:00,428.0
2023-06-23 20:00:00+00:00,18.0
2023-06-23 21:00:00+00:00,0.0
2023-06-23 22:00:00+00:00,0.0
2023-06-23 23:00:00+00:00,0.0
2023-06-24 00:00:00+00:00,0.0
2023-06-24 01:00:00+00:00,0.0
2023-06-24 02:00:00+00:00,0.0
2023-06-24 03:00:00+00:00,35.0
2023-06-24 04:00:00+00:00,777.0
2023-06-24 05:00:00+00:00,2645.0
2023-06-24 06:00:00+00:00,5147.0
2023-06-24 07:00:00+00:00,7898.0
2023-06-24 08:00:00+00:00,11029.0
2023-06-24 09:00:00+00:00,13353.0
2023-06-24 10:00:00+00:00,15390.0
2023-06-24 11:00:00+00:00,15809.0
2023-06-24 12:00:00+00:00,15509.0
2023-06-24 13:00:00+00:00,13896.0
2023-06-24 14:00:00+00:00,12243.0
2023-06-24 15:00:00+00:00,9732.0
2023-06-24 16:00:00+00:00,7146.0
2023-06-24 17:00:00+00:00,4710.0
2023-06-24 18:00:00+00:00,2387.0
2023-06-24 19:00:00+00:00,554.0
2023-06-24 20:00:00+00:00,3.0
2023-06-24 21:00:00+00:00,0.0
2023-06-24 22:00:00+00:00,0.0
2023-06-24 23:00:00+00:00,0.0
2023-06-25 00:00:00+00:00,0.0
2023-06-25 01:00:00+00:00,0.0
2023-06-25 02:00:00+00:00,0.0
2023-06-25 03:00:00+00:00,41.0
2023-06-25 04:00:00+00:00,828.0
2023-06-25 05:00:00+00:00,2766.0
2023-06-25 06:00:00+00:00,5480.0
2023-06-25 07:00:00+00:00,8480.0
2023-06-25 08:00:00+00:00,11380.0
2023-06-25 09:00:00+00:00,13718.0
2023-06-25 10:00:00+00:00,15333.0
2023-06-25 11:00:00+00:00,16254.0
2023-06-25 12:00:00+00:00,16255.0
2023-06-25 13:00:00+00:00,15237.0
2023-06-25 14:00:00+00:00,13344.0
2023-06-25 15:00:00+00:00,10815.0
2023-06-25 16:00:00+00:00,7938.0
2023-06-25 17:00:00+00:00,5004.0
2023-06-25 18:00:00+00:00,2335.0
2023-06-25 19:00:00+00:00,520.0
2023-06-25 20:00:00+00:00,1.0
2023-06-25 21:00:00+00:00,0.0
2023-06-25 22:00:00+00:00,0.0
2023-06-25 23:00:00+00:00,0.0
2023-06-26 00:00:00+00:00,0.0
2023-06-26 01:00:00+00:00,0.0
2023-06-26 02:00:00+00:00,0.0
2023-06-26 03:00:00+00:00,36.0
2023-06-26 04:00:00+00:00,562.0
2023-06-26 05:00:00+00:00,2108.0
2023-06-26 06:00:00+00:00,4665.0
2023-06-26 07:00:00+00:00,7513.0
2023-06-26 08:00:00+00:00,10076.0
2023-06-26 09:00:00+00:00,12255.0
2023-06-26 10:00:00+00:00,13556.0
2023-06-26 11:00:00+00:00,14400.0
2023-06-26 12:00:00+00:00,13786.0
2023-06-26 13:00:00+00:00,13180.0
2023-06-26 14:00:00+00:00,11785.0
2023-06-26 15:00:00+00:00,9052.0
2023-06-26 16:00:00+00:00,6767.0
2023-06-26 17:00:00+00:00,4792.0
2023-06-26 18:00:00+00:00,2495.0
2023-06-26 19:00:00+00:00,586.0
2023-06-26 20:00:00+00:00,4.0
2023-06-26 21:00:00+00:00,0.0
2023-06-26 22:00:00+00:00,0.0
2023-06-26 23:00:00+00:00,0.0
2023-06-27 00:00:00+00:00,0.0
2023-06-27 01:00:00+00:00,0.0
2023-06-27 02:00:00+00:00,0.0
2023-06-27 03:00:00+00:00,45.0
2023-06-27 04:00:00+00:00,726.0
2023-06-27 05:00:00+00:00,2405.0
2023-06-27 06:00:00+00:00,5189.0
2023-06-27 07:00:00+00:00,7377.0
2023-06-27 08:00:00+00:00,8267.0
2023-06-27 09:00:00+00:00,8443.0
2023-06-27 10:00:00+00:00,10365.0
2023-06-27 11:00:00+00:00,12010.0
2023-06-27 12:00:00+00:00,11535.0
2023-06-27 13:00:00+00:00,10391.0
2023-06-27 14:00:00+00:00,9335.0
2023-06-27 15:00:00+00:00,7619.0
2023-06-27 16:00:00+00:00,4407.0
2023-06-27 17:00:00+00:00,2176.0
2023-06-27 18:00:00+00:00,788.0
2023-06-27 19:00:00+00:00,143.0
2023-06-27 20:00:00+00:00,2.0
2023-06-27 21:00:00+00:00,0.0
2023-06-27 22:00:00+00:00,0.0
2023-06-27 23:00:00+00:00,0.0
2023-06-28 00:00:00+00:00,0.0
2023-06-28 01:00:00+00:00,0.0
2023-06-28 02:00:00+00:00,0.0
2023-06-28 03:00:00+00:00,23.0
2023-06-28 04:00:00+00:00,155.0
2023-06-28 05:00:00+00:00,495.0
2023-06-28 06:00:00+00:00,1159.0
2023-06-28 07:00:00+00:00,1985.0
2023-06-28 08:00:00+00:00,2967.0
2023-06-28 09:00:00+00:00,4382.0
2023-06-28 10:00:00+00:00,5679.0
2023-06-28 11:00:00+00:00,7661.0
2023-06-28 12:00:00+00:00,7617.0
2023-06-28 13:00:00+00:00,6593.0
2023-06-28 14:00:00+00:00,5486.0
2023-06-28 15:00:00+00:00,4124.0
2023-06-28 16:00:00+00:00,2998.0
2023-06-28 17:00:00+00:00,1662.0
2023-06-28 18:00:00+00:00,645.0
2023-06-28 19:00:00+00:00,165.0
2023-06-28 20:00:00+00:00,6.0
2023-06-28 21:00:00+00:00,0.0
2023-06-28 22:00:00+00:00,0.0
2023-06-28 23:00:00+00:00,0.0
2023-06-29 00:00:00+00:00,0.0
2023-06-29 01:00:00+00:00,0.0
2023-06-29 02:00:00+00:00,0.0
2023-06-29 03:00:00+00:00,25.0
2023-06-29 04:00:00+00:00,329.0
2023-06-29 05:00:00+00:00,848.0
2023-06-29 06:00:00+00:00,1724.0
2023-06-29 07:00:00+00:00,3375.0
2023-06-29 08:00:00+00:00,4685.0
2023-06-29 09:00:00+00:00,6033.0
2023-06-29 10:00:00+00:00,6842.0
2023-06-29 11:00:00+00:00,6759.0
2023-06-29 12:00:00+00:00,6572.0
2023-06-29 13:00:00+00:00,6501.0
2023-06-29 14:00:00+00:00,4491.0
2023-06-29 15:00:00+00:00,4402.0
2023-06-29 16:00:00+00:00,2591.0
2023-06-29 17:00:00+00:00,1458.0
2023-06-29 18:00:00+00:00,784.0
2023-06-29 19:00:00+00:00,318.0
2023-06-29 20:00:00+00:00,13.0
2023-06-29 21:00:00+00:00,0.0
2023-06-29 22:00:00+00:00,0.0
2023-06-29 23:00:00+00:00,0.0
2023-06-30 00:00:00+00:00,0.0
2023-06-30 01:00:00+00:00,0.0
2023-06-30 02:00:00+00:00,0.0
2023-06-30 03:00:00+00:00,21.0
2023-06-30 04:00:00+00:00,703.0
2023-06-30 05:00:00+00:00,2728.0
2023-06-30 06:00:00+00:00,5483.0
2023-06-30 07:00:00+00:00,8149.0
2023-06-30 08:00:00+00:00,10694.0
2023-06-30 09:00:00+00:00,11660.0
2023-06-30 10:00:00+00:00,12293.0
2023-06-30 11:00:00+00:00,12638.0
2023-06-30 12:00:00+00:00,12805.0
2023-06-30 13:00:00+00:00,11566.0
2023-06-30 14:00:00+00:00,10336.0
2023-06-30 15:00:00+00:00,6864.0
2023-06-30 16:00:00+00:00,4371.0
2023-06-30 17:00:00+00:00,2719.0
2023-06-30 18:00:00+00:00,1279.0
2023-06-30 19:00:00+00:00,292.0
2023-06-30 20:00:00+00:00,5.0
2023-06-30 21:00:00+00:00,0.0
2023-06-30 22:00:00+00:00,0.0
2023-06-30 23:00:00+00:00,0.0
2023-07-01 00:00:00+00:00,0.0
2023-07-01 01:00:00+00:00,0.0
2023-07-01 02:00:00+00:00,0.0
2023-07-01 03:00:00+00:00,8.0
2023-07-01 04:00:00+00:00,115.0
2023-07-01 05:00:00+00:00,388.0
2023-07-01 06:00:00+00:00,814.0
2023-07-01 07:00:00+00:00,1520.0
2023-07-01 08:00:00+00:00,2287.0
2023-07-01 09:00:00+00:00,3034.0
2023-07-01 10:00:00+00:00,3723.0
2023-07-01 11:00:00+00:00,5055.0
2023-07-01 12:00:00+00:00,5676.0
2023-07-01 13:00:00+00:00,5796.0
2023-07-01 14:00:00+00:00,5191.0
2023-07-01 15:00:00+00:00,4916.0
2023-07-01 16:00:00+00:00,3314.0
2023-07-01 17:00:00+00:00,1942.0
2023-07-01 18:00:00+00:00,982.0
2023-07-01 19:00:00+00:00,254.0
2023-07-01 20:00:00+00:00,6.0
2023-07-01 21:00:00+00:00,0.0
2023-07-01 22:00:00+00:00,0.0
2023-07-01 23:00:00+00:00,0.0
2023-07-02 00:00:00+00:00,0.0
2023-07-02 01:00:00+00:00,0.0
2023-07-02 02:00:00+00:00,0.0
2023-07-02 03:00:00+00:00,25.0
2023-07-02 04:00:00+00:00,607.0
2023-07-02 05:00:00+00:00,2282.0
2023-07-02 06:00:00+00:00,4494.0
2023-07-02 07:00:00+00:00,6777.0
2023-07-02 08:00:00+00:00,8783.0
2023-07-02 09:00:00+00:00,9460.0
2023-07-02 10:00:00+00:00,11880.0
2023-07-02 11:00:00+00:00,12903.0
2023-07-02 12:00:00+00:00,12629.0
2023-07-02 13:00:00+00:00,11899.0
2023-07-02 14:00:00+00:00,10395.0
2023-07-02 15:00:00+00:00,8854.0
2023-07-02 16:00:00+00:00,5502.0
2023-07-02 17:00:00+00:00,2625.0
2023-07-02 18:00:00+00:00,1232.0
2023-07-02 19:00:00+00:00,238.0
2023-07-02 20:00:00+00:00,5.0
2023-07-02 21:00:00+00:00,0.0
2023-07-02 22:00:00+00:00,0.0
2023-07-02 23:00:00+00:00,0.0
2023-07-03 00:00:00+00:00,0.0
2023-07-03 01:00:00+00:00,0.0
2023-07-03 02:00:00+00:00,0.0
2023-07-03 03:00:00+00:00,20.0
2023-07-03 04:00:00+00:00,450.0
2023-07-03 05:00:00+00:00,1615.0
2023-07-03 06:00:00+00:00,3395.0
2023-07-03 07:00:00+00:00,5601.0
2023-07-03 08:00:00+00:00,6435.0
2023-07-03 09:00:00+00:00,7726.0
2023-07-03 10:00:00+00:00,7899.0
2023-07-03 11:00:00+00:00,10052.0
2023-07-03 12:00:00+00:00,8888.0
2023-07-03 13:00:00+00:00,6846.0
2023-07-03 14:00:00+00:00,6272.0
2023-07-03 15:00:00+00:00,6137.0
2023-07-03 16:00:00+00:00,4493.0
2023-07-03 17:00:00+00:00,2388.0
2023-07-03 18:00:00+00:00,702.0
2023-07-03 19:00:00+00:00,157.0
2023-07-03 20:00:00+00:00,8.0
2023-07-03 21:00:00+00:00,0.0
2023-07-03 22:00:00+00:00,0.0
2023-07-03 23:00:00+00:00,0.0
2023-07-04 00:00:00+00:00,0.0
2023-07-04 01:00:00+00:00,0.0
2023-07-04 02:00:00+00:00,0.0
2023-07-04 03:00:00+00:00,21.0
2023-07-04 04:00:00+00:00,447.0
2023-07-04 05:00:00+00:00,1751.0
2023-07-04 06:00:00+00:00,4009.0
2023-07-04 07:00:00+00:00,6282.0
2023-07-04 08:00:00+00:00,7391.0
2023-07-04 09:00:00+00:00,9430.0
2023-07-04 10:00:00+00:00,12130.0
2023-07-04 11:00:00+00:00,12704.0
2023-07-04 12:00:00+00:00,12081.0
2023-07-04 13:00:00+00:00,10672.0
2023-07-04 14:00:00+00:00,8371.0
2023-07-04 15:00:00+00:00,6184.0
2023-07-04 16:00:00+00:00,4027.0
2023-07-04 17:00:00+00:00,1885.0
2023-07-04 18:00:00+00:00,775.0
2023-07-04 19:00:00+00:00,181.0
2023-07-04 20:00:00+00:00,5.0
2023-07-04 21:00:00+00:00,0.0
2023-07-04 22:00:00+00:00,0.0
2023-07-04 23:00:00+00:00,0.0
2023-07-05 00:00:00+00:00,0.0
2023-07-05 01:00:00+00:00,0.0
2023-07-05 02:00:00+00:00,0.0
2023-07-05 03:00:00+00:00,9.0
2023-07-05 04:00:00+00:00,242.0
2023-07-05 05:00:00+00:00,998.0
2023-07-05 06:00:00+00:00,1978.0
2023-07-05 07:00:00+00:00,2849.0
2023-07-05 08:00:00+00:00,3634.0
2023-07-05 09:00:00+00:00,5662.0
2023-07-05 10:00:00+00:00,7328.0
2023-07-05 11:00:00+00:00,9074.0
2023-07-05 12:00:00+00:00,7943.0
2023-07-05 13:00:00+00:00,9022.0
2023-07-05 14:00:00+00:00,7833.0
2023-07-05 15:00:00+00:00,7157.0
2023-07-05 16:00:00+00:00,5634.0
2023-07-05 17:00:00+00:00,3226.0
2023-07-05 18:00:00+00:00,1420.0
2023-07-05 19:00:00+00:00,483.0
2023-07-05 20:00:00+00:00,16.0
2023-07-05 21:00:00+00:00,0.0
2023-07-05 22:00:00+00:00,0.0
2023-07-05 23:00:00+00:00,0.0
2023-07-06 00:00:00+00:00,0.0
2023-07-06 01:00:00+00:00,0.0
2023-07-06 02:00:00+00:00,0.0
2023-07-06 03:00:00+00:00,19.0
2023-07-06 04:00:00+00:00,468.0
2023-07-06 05:00:00+00:00,1934.0
2023-07-06 06:00:00+00:00,4356.0
2023-07-06 07:00:00+00:00,7408.0
2023-07-06 08:00:00+00:00,9268.0
2023-07-06 09:00:00+00:00,11152.0
2023-07-06 10:00:00+00:00,11405.0
2023-07-06 11:00:00+00:00,12696.0
2023-07-06 12:00:00+00:00,12588.0
2023-07-06 13:00:00+00:00,12147.0
2023-07-06 14:00:00+00:00,12326.0
2023-07-06 15:00:00+00:00,9020.0
2023-07-06 16:00:00+00:00,6860.0
2023-07-06 17:00:00+00:00,4592.0
2023-07-06 18:00:00+00:00,2083.0
2023-07-06 19:00:00+00:00,485.0
2023-07-06 20:00:00+00:00,7.0
2023-07-06 21:00:00+00:00,0.0
2023-07-06 22:00:00+00:00,0.0
2023-07-06 23:00:00+00:00,0.0
2023-07-07 00:00:00+00:00,0.0
2023-07-07 01:00:00+00:00,0.0
2023-07-07 02:00:00+00:00,0.0
2023-07-07 03:00:00+00:00,24.0
2023-07-07 04:00:00+00:00,696.0
2023-07-07 05:00:00+00:00,2678.0
2023-07-07 06:00:00+00:00,5499.0
2023-07-07 07:00:00+00:00,8645.0
2023-07-07 08:00:00+00:00,11611.0
2023-07-07 09:00:00+00:00,14090.0
2023-07-07 10:00:00+00:00,15644.0
2023-07-07 11:00:00+00:00,16801.0
2023-07-07 12:00:00+00:00,16485.0
2023-07-07 13:00:00+00:00,15805.0
2023-07-07 14:00:00+00:00,13834.0
2023-07-07 15:00:00+00:00,11236.0
2023-07-07 16:00:00+00:00,8142.0
2023-07-07 17:00:00+00:00,5016.0
2023-07-07 18:00:00+00:00,2336.0
2023-07-07 19:00:00+00:00,579.0
2023-07-07 20:00:00+00:00,0.0
2023-07-07 21:00:00+00:00,0.0
2023-07-07 22:00:00+00:00,0.0
2023-07-07 23:00:00+00:00,0.0
2023-07-08 00:00:00+00:00,0.0
2023-07-08 01:00:00+00:00,0.0
2023-07-08 02:00:00+00:00,0.0
2023-07-08 03:00:00+00:00,21.0
2023-07-08 04:00:00+00:00,591.0
2023-07-08 05:00:00+00:00,2363.0
2023-07-08 06:00:00+00:00,5073.0
2023-07-08 07:00:00+00:00,8296.0
2023-07-08 08:00:00+00:00,11180.0
2023-07-08 09:00:00+00:00,13639.0
2023-07-08 10:00:00+00:00,15263.0
2023-07-08 11:00:00+00:00,16321.0
2023-07-08 12:00:00+00:00,16148.0
2023-07-08 13:00:00+00:00,14824.0
2023-07-08 14:00:00+00:00,11991.0
2023-07-08 15:00:00+00:00,8162.0
2023-07-08 16:00:00+00:00,5645.0
2023-07-08 17:00:00+00:00,3968.0
2023-07-08 18:00:00+00:00,1749.0
2023-07-08 19:00:00+00:00,433.0
2023-07-08 20:00:00+00:00,0.0
2023-07-08 21:00:00+00:00,0.0
2023-07-08 22:00:00+00:00,0.0
2023-07-08 23:00:00+00:00,0.0
2023-07-09 00:00:00+00:00,0.0
2023-07-09 01:00:00+00:00,0.0
2023-07-09 02:00:00+00:00,0.0
2023-07-09 03:00:00+00:00,17.0
2023-07-09 04:00:00+00:00,509.0
2023-07-09 05:00:00+00:00,1952.0
2023-07-09 06:00:00+00:00,4155.0
2023-07-09 07:00:00+00:00,7063.0
2023-07-09 08:00:00+00:00,9798.0
2023-07-09 09:00:00+00:00,12090.0
2023-07-09 10:00:00+00:00,13458.0
2023-07-09 11:00:00+00:00,12925.0
2023-07-09 12:00:00+00:00,9838.0
2023-07-09 13:00:00+00:00,6441.0
2023-07-09 14:00:00+00:00,4336.0
2023-07-09 15:00:00+00:00,3867.0
2023-07-09 16:00:00+00:00,3609.0
2023-07-09 17:00:00+00:00,2350.0
2023-07-09 18:00:00+00:00,1129.0
2023-07-09 19:00:00+00:00,306.0
2023-07-09 20:00:00+00:00,0.0
2023-07-09 21:00:00+00:00,0.0
2023-07-09 22:00:00+00:00,0.0
2023-07-09 23:00:00+00:00,0.0
2023-07-10 00:00:00+00:00,0.0
2023-07-10 01:00:00+00:00,0.0
2023-07-10 02:00:00+00:00,0.0
2023-07-10 03:00:00+00:00,9.0
2023-07-10 04:00:00+00:00,383.0
2023-07-10 05:00:00+00:00,1822.0
2023-07-10 06:00:00+00:00,4628.0
2023-07-10 07:00:00+00:00,8180.0
2023-07-10 08:00:00+00:00,11304.0
2023-07-10 09:00:00+00:00,13342.0
2023-07-10 10:00:00+00:00,14314.0
2023-07-10 11:00:00+00:00,15204.0
2023-07-10 12:00:00+00:00,14976.0
2023-07-10 13:00:00+00:00,13731.0
2023-07-10 14:00:00+00:00,12585.0
2023-07-10 15:00:00+00:00,10531.0
2023-07-10 16:00:00+00:00,7728.0
2023-07-10 17:00:00+00:00,4491.0
2023-07-10 18:00:00+00:00,1683.0
2023-07-10 19:00:00+00:00,367.0
2023-07-10 20:00:00+00:00,0.0
2023-07-10 21:00:00+00:00,0.0
2023-07-10 22:00:00+00:00,0.0
2023-07-10 23:00:00+00:00,0.0
2023-07-11 00:00:00+00:00,0.0
2023-07-11 01:00:00+00:00,0.0
2023-07-11 02:00:00+00:00,0.0
2023-07-11 03:00:00+00:00,10.0
2023-07-11 04:00:00+00:00,463.0
2023-07-11 05:00:00+00:00,2169.0
2023-07-11 06:00:00+00:00,4795.0
2023-07-11 07:00:00+00:00,7837.0
2023-07-11 08:00:00+00:00,10425.0
2023-07-11 09:00:00+00:00,12926.0
2023-07-11 10:00:00+00:00,14086.0
2023-07-11 11:00:00+00:00,14434.0
2023-07-11 12:00:00+00:00,14424.0
2023-07-11 13:00:00+00:00,12453.0
2023-07-11 14:00:00+00:00,10503.0
2023-07-11 15:00:00+00:00,8317.0
2023-07-11 16:00:00+00:00,5708.0
2023-07-11 17:00:00+00:00,3780.0
2023-07-11 18:00:00+00:00,1683.0
2023-07-11 19:00:00+00:00,297.0
2023-07-11 20:00:00+00:00,0.0
2023-07-11 21:00:00+00:00,0.0
2023-07-11 22:00:00+00:00,0.0
2023-07-11 23:00:00+00:00,0.0
2023-07-12 00:00:00+00:00,0.0
2023-07-12 01:00:00+00:00,0.0
2023-07-12 02:00:00+00:00,0.0
2023-07-12 03:00:00+00:00,6.0
2023-07-12 04:00:00+00:00,238.0
2023-07-12 05:00:00+00:00,1209.0
2023-07-12 06:00:00+00:00,2990.0
2023-07-12 07:00:00+00:00,4784.0
2023-07-12 08:00:00+00:00,6581.0
2023-07-12 09:00:00+00:00,9681.0
2023-07-12 10:00:00+00:00,11973.0
2023-07-12 11:00:00+00:00,13474.0
2023-07-12 12:00:00+00:00,13597.0
2023-07-12 13:00:00+00:00,12171.0
2023-07-12 14:00:00+00:00,11208.0
2023-07-12 15:00:00+00:00,8932.0
2023-07-12 16:00:00+00:00,6524.0
2023-07-12 17:00:00+00:00,4263.0
2023-07-12 18:00:00+00:00,2110.0
2023-07-12 19:00:00+00:00,433.0
2023-07-12 20:00:00+00:00,0.0
2023-07-12 21:00:00+00:00,0.0
2023-07-12 22:00:00+00:00,0.0
2023-07-12 23:00:00+00:00,0.0
2023-07-13 00:00:00+00:00,0.0
2023-07-13 01:00:00+00:00,0.0
2023-07-13 02:00:00+00:00,0.0
2023-07-13 03:00:00+00:00,9.0
2023-07-13 04:00:00+00:00,411.0
2023-07-13 05:00:00+00:00,1865.0
2023-07-13 06:00:00+00:00,3435.0
2023-07-13 07:00:00+00:00,5066.0
2023-07-13 08:00:00+00:00,6798.0
2023-07-13 09:00:00+00:00,9156.0
2023-07-13 10:00:00+00:00,11095.0
2023-07-13 11:00:00+00:00,12125.0
2023-07-13 12:00:00+00:00,12548.0
2023-07-13 13:00:00+00:00,10558.0
2023-07-13 14:00:00+00:00,9987.0
2023-07-13 15:00:00+00:00,8573.0
2023-07-13 16:00:00+00:00,6190.0
2023-07-13 17:00:00+00:00,3815.0
2023-07-13 18:00:00+00:00,1559.0
2023-07-13 19:00:00+00:00,332.0
2023-07-13 20:00:00+00:00,0.0
2023-07-13 21:00:00+00:00,0.0
2023-07-13 22:00:00+00:00,0.0
2023-07-13 23:00:00+00:00,0.0
2023-07-14 00:00:00+00:00,0.0
2023-07-14 01:00:00+00:00,0.0
2023-07-14 02:00:00+00:00,0.0
2023-07-14 03:00:00+00:00,9.0
2023-07-14 04:00:00+00:00,408.0
2023-07-14 05:00:00+00:00,1925.0
2023-07-14 06:00:00+00:00,4578.0
2023-07-14 07:00:00+00:00,6776.0
2023-07-14 08:00:00+00:00,8573.0
2023-07-14 09:00:00+00:00,10429.0
2023-07-14 10:00:00+00:00,10672.0
2023-07-14 11:00:00+00:00,10222.0
2023-07-14 12:00:00+00:00,9874.0
2023-07-14 13:00:00+00:00,9647.0
2023-07-14 14:00:00+00:00,8234.0
2023-07-14 15:00:00+00:00,5681.0
2023-07-14 16:00:00+00:00,3444.0
2023-07-14 17:00:00+00:00,2134.0
2023-07-14 18:00:00+00:00,868.0
2023-07-14 19:00:00+00:00,133.0
2023-07-14 20:00:00+00:00,0.0
2023-07-14 21:00:00+00:00,0.0
2023-07-14 22:00:00+00:00,0.0
2023-07-14 23:00:00+00:00,0.0
2023-07-15 00:00:00+00:00,0.0
2023-07-15 01:00:00+00:00,0.0
2023-07-15 02:00:00+00:00,0.0
2023-07-15 03:00:00+00:00,6.0
2023-07-15 04:00:00+00:00,423.0
2023-07-15 05:00:00+00:00,1819.0
2023-07-15 06:00:00+00:00,3888.0
2023-07-15 07:00:00+00:00,6481.0
2023-07-15 08:00:00+00:00,8132.0
2023-07-15 09:00:00+00:00,8709.0
2023-07-15 10:00:00+00:00,8377.0
2023-07-15 11:00:00+00:00,9735.0
2023-07-15 12:00:00+00:00,10084.0
2023-07-15 13:00:00+00:00,10437.0
2023-07-15 14:00:00+00:00,9778.0
2023-07-15 15:00:00+00:00,7364.0
2023-07-15 16:00:00+00:00,5027.0
2023-07-15 17:00:00+00:00,3548.0
2023-07-15 18:00:00+00:00,1679.0
2023-07-15 19:00:00+00:00,464.0
2023-07-15 20:00:00+00:00,0.0
2023-07-15 21:00:00+00:00,0.0
2023-07-15 22:00:00+00:00,0.0
2023-07-15 23:00:00+00:00,0.0
2023-07-16 00:00:00+00:00,0.0
2023-07-16 01:00:00+00:00,0.0
2023-07-16 02:00:00+00:00,0.0
2023-07-16 03:00:00+00:00,8.0
2023-07-16 04:00:00+00:00,431.0
2023-07-16 05:00:00+00:00,2056.0
2023-07-16 06:00:00+00:00,4560.0
2023-07-16 07:00:00+00:00,6879.0
2023-07-16 08:00:00+00:00,8160.0
2023-07-16 09:00:00+00:00,8751.0
2023-07-16 10:00:00+00:00,8503.0
2023-07-16 11:00:00+00:00,8388.0
2023-07-16 12:00:00+00:00,9793.0
2023-07-16 13:00:00+00:00,10804.0
2023-07-16 14:00:00+00:00,8823.0
2023-07-16 15:00:00+00:00,7031.0
2023-07-16 16:00:00+00:00,5744.0
2023-07-16 17:00:00+00:00,3554.0
2023-07-16 18:00:00+00:00,1359.0
2023-07-16 19:00:00+00:00,190.0
2023-07-16 20:00:00+00:00,0.0
2023-07-16 21:00:00+00:00,0.0
2023-07-16 22:00:00+00:00,0.0
2023-07-16 23:00:00+00:00,0.0
2023-07-17 00:00:00+00:00,0.0
2023-07-17 01:00:00+00:00,0.0
2023-07-17 02:00:00+00:00,0.0
2023-07-17 03:00:00+00:00,5.0
2023-07-17 04:00:00+00:00,401.0
2023-07-17 05:00:00+00:00,1945.0
2023-07-17 06:00:00+00:00,4424.0
2023-07-17 07:00:00+00:00,6829.0
2023-07-17 08:00:00+00:00,8657.0
2023-07-17 09:00:00+00:00,10102.0
2023-07-17 10:00:00+00:00,12073.0
2023-07-17 11:00:00+00:00,13046.0
2023-07-17 12:00:00+00:00,9643.0
2023-07-17 13:00:00+00:00,10175.0
2023-07-17 14:00:00+00:00,7766.0
2023-07-17 15:00:00+00:00,7022.0
2023-07-17 16:00:00+00:00,7550.0
2023-07-17 17:00:00+00:00,4925.0
2023-07-17 18:00:00+00:00,2320.0
2023-07-17 19:00:00+00:00,386.0
2023-07-17 20:00:00+00:00,0.0
2023-07-17 21:00:00+00:00,0.0
2023-07-17 22:00:00+00:00,0.0
2023-07-17 23:00:00+00:00,0.0
2023-07-18 00:00:00+00:00,0.0
2023-07-18 01:00:00+00:00,0.0
2023-07-18 02:00:00+00:00,0.0
2023-07-18 03:00:00+00:00,4.0
2023-07-18 04:00:00+00:00,358.0
2023-07-18 05:00:00+00:00,2019.0
2023-07-18 06:00:00+00:00,4484.0
2023-07-18 07:00:00+00:00,7505.0
2023-07-18 08:00:00+00:00,10484.0
2023-07-18 09:00:00+00:00,11450.0
2023-07-18 10:00:00+00:00,12287.0
2023-07-18 11:00:00+00:00,14234.0
2023-07-18 12:00:00+00:00,13649.0
2023-07-18 13:00:00+00:00,13599.0
2023-07-18 14:00:00+00:00,11661.0
2023-07-18 15:00:00+00:00,9402.0
2023-07-18 16:00:00+00:00,5944.0
2023-07-18 17:00:00+00:00,2681.0
2023-07-18 18:00:00+00:00,1037.0
2023-07-18 19:00:00+00:00,205.0
2023-07-18 20:00:00+00:00,0.0
2023-07-18 21:00:00+00:00,0.0
2023-07-18 22:00:00+00:00,0.0
2023-07-18 23:00:00+00:00,0.0
2023-07-19 00:00:00+00:00,0.0
2023-07-19 01:00:00+00:00,0.0
2023-07-19 02:00:00+00:00,0.0
2023-07-19 03:00:00+00:00,3.0
2023-07-19 04:00:00+00:00,208.0
2023-07-19 05:00:00+00:00,1014.0
2023-07-19 06:00:00+00:00,2733.0
2023-07-19 07:00:00+00:00,5062.0
2023-07-19 08:00:00+00:00,6791.0
2023-07-19 09:00:00+00:00,9149.0
2023-07-19 10:00:00+00:00,8925.0
2023-07-19 11:00:00+00:00,10206.0
2023-07-19 12:00:00+00:00,10474.0
2023-07-19 13:00:00+00:00,8866.0
2023-07-19 14:00:00+00:00,7995.0
2023-07-19 15:00:00+00:00,5996.0
2023-07-19 16:00:00+00:00,4053.0
2023-07-19 17:00:00+00:00,2132.0
2023-07-19 18:00:00+00:00,857.0
2023-07-19 19:00:00+00:00,202.0
2023-07-19 20:00:00+00:00,0.0
2023-07-19 21:00:00+00:00,0.0
2023-07-19 22:00:00+00:00,0.0
2023-07-19 23:00:00+00:00,0.0
2023-07-20 00:00:00+00:00,0.0
2023-07-20 01:00:00+00:00,0.0
2023-07-20 02:00:00+00:00,0.0
2023-07-20 03:00:00+00:00,4.0
2023-07-20 04:00:00+00:00,370.0
2023-07-20 05:00:00+00:00,1903.0
2023-07-20 06:00:00+00:00,4498.0
2023-07-20 07:00:00+00:00,7312.0
2023-07-20 08:00:00+00:00,8989.0
2023-07-20 09:00:00+00:00,10682.0
2023-07-20 10:00:00+00:00,11557.0
2023-07-20 11:00:00+00:00,12129.0
2023-07-20 12:00:00+00:00,11181.0
2023-07-20 13:00:00+00:00,10769.0
2023-07-20 14:00:00+00:00,9850.0
2023-07-20 15:00:00+00:00,7418.0
2023-07-20 16:00:00+00:00,4882.0
2023-07-20 17:00:00+00:00,2793.0
2023-07-20 18:00:00+00:00,1204.0
2023-07-20 19:00:00+00:00,308.0
2023-07-20 20:00:00+00:00,0.0
2023-07-20 21:00:00+00:00,0.0
2023-07-20 22:00:00+00:00,0.0
2023-07-20 23:00:00+00:00,0.0
2023-07-21 00:00:00+00:00,0.0
2023-07-21 01:00:00+00:00,0.0
2023-07-21 02:00:00+00:00,0.0
2023-07-21 03:00:00+00:00,3.0
2023-07-21 04:00:00+00:00,331.0
2023-07-21 05:00:00+00:00,1665.0
2023-07-21 06:00:00+00:00,3652.0
2023-07-21 07:00:00+00:00,5772.0
2023-07-21 08:00:00+00:00,7983.0
2023-07-21 09:00:00+00:00,10448.0
2023-07-21 10:00:00+00:00,9263.0
2023-07-21 11:00:00+00:00,9379.0
2023-07-21 12:00:00+00:00,9127.0
2023-07-21 13:00:00+00:00,7992.0
2023-07-21 14:00:00+00:00,7394.0
2023-07-21 15:00:00+00:00,7809.0
2023-07-21 16:00:00+00:00,6019.0
2023-07-21 17:00:00+00:00,3659.0
2023-07-21 18:00:00+00:00,1541.0
2023-07-21 19:00:00+00:00,244.0
2023-07-21 20:00:00+00:00,0.0
2023-07-21 21:00:00+00:00,0.0
2023-07-21 22:00:00+00:00,0.0
2023-07-21 23:00:00+00:00,0.0
2023-07-22 00:00:00+00:00,0.0
2023-07-22 01:00:00+00:00,0.0
2023-07-22 02:00:00+00:00,0.0
2023-07-22 03:00:00+00:00,4.0
2023-07-22 04:00:00+00:00,275.0
2023-07-22 05:00:00+00:00,1117.0
2023-07-22 06:00:00+00:00,2735.0
2023-07-22 07:00:00+00:00,4761.0
2023-07-22 08:00:00+00:00,6291.0
2023-07-22 09:00:00+00:00,6906.0
2023-07-22 10:00:00+00:00,6284.0
2023-07-22 11:00:00+00:00,5990.0
2023-07-22 12:00:00+00:00,5799.0
2023-07-22 13:00:00+00:00,5484.0
2023-07-22 14:00:00+00:00,4908.0
2023-07-22 15:00:00+00:00,3440.0
2023-07-22 16:00:00+00:00,2195.0
2023-07-22 17:00:00+00:00,1046.0
2023-07-22 18:00:00+00:00,381.0
2023-07-22 19:00:00+00:00,71.0
2023-07-22 20:00:00+00:00,0.0
2023-07-22 21:00:00+00:00,0.0
2023-07-22 22:00:00+00:00,0.0
2023-07-22 23:00:00+00:00,0.0
2023-07-23 00:00:00+00:00,0.0
2023-07-23 01:00:00+00:00,0.0
2023-07-23 02:00:00+00:00,0.0
2023-07-23 03:00:00+00:00,2.0
2023-07-23 04:00:00+00:00,109.0
2023-07-23 05:00:00+00:00,581.0
2023-07-23 06:00:00+00:00,1279.0
2023-07-23 07:00:00+00:00,1913.0
2023-07-23 08:00:00+00:00,2548.0
2023-07-23 09:00:00+00:00,2999.0
2023-07-23 10:00:00+00:00,3177.0
2023-07-23 11:00:00+00:00,4950.0
2023-07-23 12:00:00+00:00,6832.0
2023-07-23 13:00:00+00:00,8139.0
2023-07-23 14:00:00+00:00,8500.0
2023-07-23 15:00:00+00:00,7353.0
2023-07-23 16:00:00+00:00,4774.0
2023-07-23 17:00:00+00:00,3295.0
2023-07-23 18:00:00+00:00,1082.0
2023-07-23 19:00:00+00:00,157.0
2023-07-23 20:00:00+00:00,0.0
2023-07-23 21:00:00+00:00,0.0
2023-07-23 22:00:00+00:00,0.0
2023-07-23 23:00:00+00:00,0.0
2023-07-24 00:00:00+00:00,0.0
2023-07-24 01:00:00+00:00,0.0
2023-07-24 02:00:00+00:00,0.0
2023-07-24 03:00:00+00:00,2.0
2023-07-24 04:00:00+00:00,64.0
2023-07-24 05:00:00+00:00,565.0
2023-07-24 06:00:00+00:00,2075.0
2023-07-24 07:00:00+00:00,4070.0
2023-07-24 08:00:00+00:00,5755.0
2023-07-24 09:00:00+00:00,7236.0
2023-07-24 10:00:00+00:00,8537.0
2023-07-24 11:00:00+00:00,8844.0
2023-07-24 12:00:00+00:00,8093.0
2023-07-24 13:00:00+00:00,7281.0
2023-07-24 14:00:00+00:00,6177.0
2023-07-24 15:00:00+00:00,5288.0
2023-07-24 16:00:00+00:00,3853.0
2023-07-24 17:00:00+00:00,2059.0
2023-07-24 18:00:00+00:00,1059.0
2023-07-24 19:00:00+00:00,233.0
2023-07-24 20:00:00+00:00,0.0
2023-07-24 21:00:00+00:00,0.0
2023-07-24 22:00:00+00:00,0.0
2023-07-24 23:00:00+00:00,0.0
2023-07-25 00:00:00+00:00,0.0
2023-07-25 01:00:00+00:00,0.0
2023-07-25 02:00:00+00:00,0.0
2023-07-25 03:00:00+00:00,0.0
2023-07-25 04:00:00+00:00,218.0
2023-07-25 05:00:00+00:00,1398.0
2023-07-25 06:00:00+00:00,3786.0
2023-07-25 07:00:00+00:00,6338.0
2023-07-25 08:00:00+00:00,8505.0
2023-07-25 09:00:00+00:00,9968.0
2023-07-25 10:00:00+00:00,11368.0
2023-07-25 11:00:00+00:00,12246.0
2023-07-25 12:00:00+00:00,12164.0
2023-07-25 13:00:00+00:00,12201.0
2023-07-25 14:00:00+00:00,10423.0
2023-07-25 15:00:00+00:00,8529.0
2023-07-25 16:00:00+00:00,6416.0
2023-07-25 17:00:00+00:00,3731.0
2023-07-25 18:00:00+00:00,1383.0
2023-07-25 19:00:00+00:00,146.0
2023-07-25 20:00:00+00:00,0.0
2023-07-25 21:00:00+00:00,0.0
2023-07-25 22:00:00+00:00,0.0
2023-07-25 23:00:00+00:00,0.0
2023-07-26 00:00:00+00:00,0.0
2023-07-26 01:00:00+00:00,0.0
2023-07-26 02:00:00+00:00,0.0
2023-07-26 03:00:00+00:00,0.0
2023-07-26 04:00:00+00:00,209.0
2023-07-26 05:00:00+00:00,1299.0
2023-07-26 06:00:00+00:00,2772.0
2023-07-26 07:00:00+00:00,4580.0
2023-07-26 08:00:00+00:00,8382.0
2023-07-26 09:00:00+00:00,11125.0
2023-07-26 10:00:00+00:00,12730.0
2023-07-26 11:00:00+00:00,12423.0
2023-07-26 12:00:00+00:00,12554.0
2023-07-26 13:00:00+00:00,13043.0
2023-07-26 14:00:00+00:00,11922.0
2023-07-26 15:00:00+00:00,9700.0
2023-07-26 16:00:00+00:00,7379.0
2023-07-26 17:00:00+00:00,4081.0
2023-07-26 18:00:00+00:00,1403.0
2023-07-26 19:00:00+00:00,122.0
2023-07-26 20:00:00+00:00,0.0
2023-07-26 21:00:00+00:00,0.0
2023-07-26 22:00:00+00:00,0.0
2023-07-26 23:00:00+00:00,0.0
2023-07-27 00:00:00+00:00,0.0
2023-07-27 01:00:00+00:00,0.0
2023-07-27 02:00:00+00:00,0.0
2023-07-27 03:00:00+00:00,0.0
2023-07-27 04:00:00+00:00,50.0
2023-07-27 05:00:00+00:00,305.0
2023-07-27 06:00:00+00:00,862.0
2023-07-27 07:00:00+00:00,1558.0
2023-07-27 08:00:00+00:00,2367.0
2023-07-27 09:00:00+00:00,3496.0
2023-07-27 10:00:00+00:00,3900.0
2023-07-27 11:00:00+00:00,4448.0
2023-07-27 12:00:00+00:00,4349.0
2023-07-27 13:00:00+00:00,3797.0
2023-07-27 14:00:00+00:00,3330.0
2023-07-27 15:00:00+00:00,2719.0
2023-07-27 16:00:00+00:00,2024.0
2023-07-27 17:00:00+00:00,1175.0
2023-07-27 18:00:00+00:00,486.0
2023-07-27 19:00:00+00:00,93.0
2023-07-27 20:00:00+00:00,0.0
2023-07-27 21:00:00+00:00,0.0
2023-07-27 22:00:00+00:00,0.0
2023-07-27 23:00:00+00:00,0.0
2023-07-28 00:00:00+00:00,0.0
2023-07-28 01:00:00+00:00,0.0
2023-07-28 02:00:00+00:00,0.0
2023-07-28 03:00:00+00:00,0.0
2023-07-28 04:00:00+00:00,82.0
2023-07-28 05:00:00+00:00,549.0
2023-07-28 06:00:00+00:00,1425.0
2023-07-28 07:00:00+00:00,2714.0
2023-07-28 08:00:00+00:00,3883.0
2023-07-28 09:00:00+00:00,5615.0
2023-07-28 10:00:00+00:00,7580.0
2023-07-28 11:00:00+00:00,9477.0
2023-07-28 12:00:00+00:00,9436.0
2023-07-28 13:00:00+00:00,9094.0
2023-07-28 14:00:00+00:00,7823.0
2023-07-28 15:00:00+00:00,6327.0
2023-07-28 16:00:00+00:00,4740.0
2023-07-28 17:00:00+00:00,3051.0
2023-07-28 18:00:00+00:00,1167.0
2023-07-28 19:00:00+00:00,180.0
2023-07-28 20:00:00+00:00,0.0
2023-07-28 21:00:00+00:00,0.0
2023-07-28 22:00:00+00:00,0.0
2023-07-28 23:00:00+00:00,0.0
2023-07-29 00:00:00+00:00,0.0
2023-07-29 01:00:00+00:00,0.0
2023-07-29 02:00:00+00:00,0.0
2023-07-29 03:00:00+00:00,0.0
2023-07-29 04:00:00+00:00,108.0
2023-07-29 05:00:00+00:00,802.0
2023-07-29 06:00:00+00:00,2491.0
2023-07-29 07:00:00+00:00,4977.0
2023-07-29 08:00:00+00:00,6405.0
2023-07-29 09:00:00+00:00,7160.0
2023-07-29 10:00:00+00:00,7550.0
2023-07-29 11:00:00+00:00,8036.0
2023-07-29 12:00:00+00:00,8975.0
2023-07-29 13:00:00+00:00,10133.0
2023-07-29 14:00:00+00:00,10727.0
2023-07-29 15:00:00+00:00,8107.0
2023-07-29 16:00:00+00:00,6466.0
2023-07-29 17:00:00+00:00,3624.0
2023-07-29 18:00:00+00:00,1732.0
2023-07-29 19:00:00+00:00,214.0
2023-07-29 20:00:00+00:00,0.0
2023-07-29 21:00:00+00:00,0.0
2023-07-29 22:00:00+00:00,0.0
2023-07-29 23:00:00+00:00,0.0
2023-07-30 00:00:00+00:00,0.0
2023-07-30 01:00:00+00:00,0.0
2023-07-30 02:00:00+00:00,0.0
2023-07-30 03:00:00+00:00,0.0
2023-07-30 04:00:00+00:00,140.0
2023-07-30 05:00:00+00:00,915.0
2023-07-30 06:00:00+00:00,2075.0
2023-07-30 07:00:00+00:00,3493.0
2023-07-30 08:00:00+00:00,5749.0
2023-07-30 09:00:00+00:00,7911.0
2023-07-30 10:00:00+00:00,9321.0
2023-07-30 11:00:00+00:00,10563.0
2023-07-30 12:00:00+00:00,11144.0
2023-07-30 13:00:00+00:00,11248.0
2023-07-30 14:00:00+00:00,9313.0
2023-07-30 15:00:00+00:00,6672.0
2023-07-30 16:00:00+00:00,3663.0
2023-07-30 17:00:00+00:00,1458.0
2023-07-30 18:00:00+00:00,506.0
2023-07-30 19:00:00+00:00,56.0
2023-07-30 20:00:00+00:00,0.0
2023-07-30 21:00:00+00:00,0.0
2023-07-30 22:00:00+00:00,0.0
2023-07-30 23:00:00+00:00,0.0
2023-07-31 00:00:00+00:00,0.0
2023-07-31 01:00:00+00:00,0.0
2023-07-31 02:00:00+00:00,0.0
2023-07-31 03:00:00+00:00,0.0
2023-07-31 04:00:00+00:00,49.0
2023-07-31 05:00:00+00:00,282.0
2023-07-31 06:00:00+00:00,773.0
2023-07-31 07:00:00+00:00,1664.0
2023-07-31 08:00:00+00:00,2675.0
2023-07-31 09:00:00+00:00,3660.0
2023-07-31 10:00:00+00:00,4140.0
2023-07-31 11:00:00+00:00,4486.0
2023-07-31 12:00:00+00:00,4477.0
2023-07-31 13:00:00+00:00,3641.0
2023-07-31 14:00:00+00:00,2892.0
2023-07-31 15:00:00+00:00,1726.0
2023-07-31 16:00:00+00:00,1053.0
2023-07-31 17:00:00+00:00,617.0
2023-07-31 18:00:00+00:00,322.0
2023-07-31 19:00:00+00:00,114.0
2023-07-31 20:00:00+00:00,0.0
2023-07-31 21:00:00+00:00,0.0
2023-07-31 22:00:00+00:00,0.0
2023-07-31 23:00:00+00:00,0.0
2023-08-01 00:00:00+00:00,0.0
2023-08-01 01:00:00+00:00,0.0
2023-08-01 02:00:00+00:00,0.0
2023-08-01 03:00:00+00:00,0.0
2023-08-01 04:00:00+00:00,75.0
2023-08-01 05:00:00+00:00,740.0
2023-08-01 06:00:00+00:00,2259.0
2023-08-01 07:00:00+00:00,4055.0
2023-08-01 08:00:00+00:00,5712.0
2023-08-01 09:00:00+00:00,7178.0
2023-08-01 10:00:00+00:00,9443.0
2023-08-01 11:00:00+00:00,9964.0
2023-08-01 12:00:00+00:00,10680.0
2023-08-01 13:00:00+00:00,9871.0
2023-08-01 14:00:00+00:00,9057.0
2023-08-01 15:00:00+00:00,6322.0
2023-08-01 16:00:00+00:00,3872.0
2023-08-01 17:00:00+00:00,2063.0
2023-08-01 18:00:00+00:00,789.0
2023-08-01 19:00:00+00:00,108.0
2023-08-01 20:00:00+00:00,0.0
2023-08-01 21:00:00+00:00,0.0
2023-08-01 22:00:00+00:00,0.0
2023-08-01 23:00:00+00:00,0.0
2023-08-02 00:00:00+00:00,0.0
2023-08-02 01:00:00+00:00,0.0
2023-08-02 02:00:00+00:00,0.0
2023-08-02 03:00:00+00:00,0.0
2023-08-02 04:00:00+00:00,77.0
2023-08-02 05:00:00+00:00,496.0
2023-08-02 06:00:00+00:00,1010.0
2023-08-02 07:00:00+00:00,1400.0
2023-08-02 08:00:00+00:00,2361.0
2023-08-02 09:00:00+00:00,3993.0
2023-08-02 10:00:00+00:00,6599.0
2023-08-02 11:00:00+00:00,8652.0
2023-08-02 12:00:00+00:00,10514.0
2023-08-02 13:00:00+00:00,11126.0
2023-08-02 14:00:00+00:00,8886.0
2023-08-02 15:00:00+00:00,5577.0
2023-08-02 16:00:00+00:00,3765.0
2023-08-02 17:00:00+00:00,2495.0
2023-08-02 18:00:00+00:00,699.0
2023-08-02 19:00:00+00:00,67.0
2023-08-02 20:00:00+00:00,0.0
2023-08-02 21:00:00+00:00,0.0
2023-08-02 22:00:00+00:00,0.0
2023-08-02 23:00:00+00:00,0.0
2023-08-03 00:00:00+00:00,0.0
2023-08-03 01:00:00+00:00,0.0
2023-08-03 02:00:00+00:00,0.0
2023-08-03 03:00:00+00:00,0.0
2023-08-03 04:00:00+00:00,66.0
2023-08-03 05:00:00+00:00,530.0
2023-08-03 06:00:00+00:00,1567.0
2023-08-03 07:00:00+00:00,3238.0
2023-08-03 08:00:00+00:00,5126.0
2023-08-03 09:00:00+00:00,6923.0
2023-08-03 10:00:00+00:00,7897.0
2023-08-03 11:00:00+00:00,7387.0
2023-08-03 12:00:00+00:00,6820.0
2023-08-03 13:00:00+00:00,6795.0
2023-08-03 14:00:00+00:00,5901.0
2023-08-03 15:00:00+00:00,4868.0
2023-08-03 16:00:00+00:00,3403.0
2023-08-03 17:00:00+00:00,1798.0
2023-08-03 18:00:00+00:00,849.0
2023-08-03 19:00:00+00:00,94.0
2023-08-03 20:00:00+00:00,0.0
2023-08-03 21:00:00+00:00,0.0
2023-08-03 22:00:00+00:00,0.0
2023-08-03 23:00:00+00:00,0.0
2023-08-04 00:00:00+00:00,0.0
2023-08-04 01:00:00+00:00,0.0
2023-08-04 02:00:00+00:00,0.0
2023-08-04 03:00:00+00:00,0.0
2023-08-04 04:00:00+00:00,73.0
2023-08-04 05:00:00+00:00,634.0
2023-08-04 06:00:00+00:00,1855.0
2023-08-04 07:00:00+00:00,4147.0
2023-08-04 08:00:00+00:00,5499.0
2023-08-04 09:00:00+00:00,8070.0
2023-08-04 10:00:00+00:00,9681.0
2023-08-04 11:00:00+00:00,10842.0
2023-08-04 12:00:00+00:00,11175.0
2023-08-04 13:00:00+00:00,11337.0
2023-08-04 14:00:00+00:00,9687.0
2023-08-04 15:00:00+00:00,7644.0
2023-08-04 16:00:00+00:00,5526.0
2023-08-04 17:00:00+00:00,3408.0
2023-08-04 18:00:00+00:00,1294.0
2023-08-04 19:00:00+00:00,104.0
2023-08-04 20:00:00+00:00,0.0
2023-08-04 21:00:00+00:00,0.0
2023-08-04 22:00:00+00:00,0.0
2023-08-04 23:00:00+00:00,0.0
2023-08-05 00:00:00+00:00,0.0
2023-08-05 01:00:00+00:00,0.0
2023-08-05 02:00:00+00:00,0.0
2023-08-05 03:00:00+00:00,0.0
2023-08-05 04:00:00+00:00,112.0
2023-08-05 05:00:00+00:00,848.0
2023-08-05 06:00:00+00:00,2590.0
2023-08-05 07:00:00+00:00,4952.0
2023-08-05 08:00:00+00:00,6741.0
2023-08-05 09:00:00+00:00,8279.0
2023-08-05 10:00:00+00:00,7828.0
2023-08-05 11:00:00+00:00,6070.0
2023-08-05 12:00:00+00:00,3925.0
2023-08-05 13:00:00+00:00,3060.0
2023-08-05 14:00:00+00:00,2962.0
2023-08-05 15:00:00+00:00,2979.0
2023-08-05 16:00:00+00:00,2894.0
2023-08-05 17:00:00+00:00,1316.0
2023-08-05 18:00:00+00:00,424.0
2023-08-05 19:00:00+00:00,51.0
2023-08-05 20:00:00+00:00,0.0
2023-08-05 21:00:00+00:00,0.0
2023-08-05 22:00:00+00:00,0.0
2023-08-05 23:00:00+00:00,0.0
2023-08-06 00:00:00+00:00,0.0
2023-08-06 01:00:00+00:00,0.0
2023-08-06 02:00:00+00:00,0.0
2023-08-06 03:00:00+00:00,0.0
2023-08-06 04:00:00+00:00,59.0
2023-08-06 05:00:00+00:00,576.0
2023-08-06 06:00:00+00:00,1643.0
2023-08-06 07:00:00+00:00,2661.0
2023-08-06 08:00:00+00:00,3835.0
2023-08-06 09:00:00+00:00,5076.0
2023-08-06 10:00:00+00:00,5944.0
2023-08-06 11:00:00+00:00,6057.0
2023-08-06 12:00:00+00:00,6595.0
2023-08-06 13:00:00+00:00,5688.0
2023-08-06 14:00:00+00:00,4537.0
2023-08-06 15:00:00+00:00,4084.0
2023-08-06 16:00:00+00:00,3403.0
2023-08-06 17:00:00+00:00,1996.0
2023-08-06 18:00:00+00:00,630.0
2023-08-06 19:00:00+00:00,85.0
2023-08-06 20:00:00+00:00,0.0
2023-08-06 21:00:00+00:00,0.0
2023-08-06 22:00:00+00:00,0.0
2023-08-06 23:00:00+00:00,0.0
2023-08-07 00:00:00+00:00,0.0
2023-08-07 01:00:00+00:00,0.0
2023-08-07 02:00:00+00:00,0.0
2023-08-07 03:00:00+00:00,0.0
2023-08-07 04:00:00+00:00,46.0
2023-08-07 05:00:00+00:00,511.0
2023-08-07 06:00:00+00:00,1725.0
2023-08-07 07:00:00+00:00,4252.0
2023-08-07 08:00:00+00:00,8110.0
2023-08-07 09:00:00+00:00,10582.0
2023-08-07 10:00:00+00:00,11513.0
2023-08-07 11:00:00+00:00,11818.0
2023-08-07 12:00:00+00:00,10530.0
2023-08-07 13:00:00+00:00,10961.0
2023-08-07 14:00:00+00:00,9468.0
2023-08-07 15:00:00+00:00,7719.0
2023-08-07 16:00:00+00:00,5885.0
2023-08-07 17:00:00+00:00,3689.0
2023-08-07 18:00:00+00:00,1275.0
2023-08-07 19:00:00+00:00,66.0
2023-08-07 20:00:00+00:00,0.0
2023-08-07 21:00:00+00:00,0.0
2023-08-07 22:00:00+00:00,0.0
2023-08-07 23:00:00+00:00,0.0
2023-08-08 00:00:00+00:00,0.0
2023-08-08 01:00:00+00:00,0.0
2023-08-08 02:00:00+00:00,0.0
2023-08-08 03:00:00+00:00,0.0
2023-08-08 04:00:00+00:00,71.0
2023-08-08 05:00:00+00:00,1096.0
2023-08-08 06:00:00+00:00,3502.0
2023-08-08 07:00:00+00:00,5936.0
2023-08-08 08:00:00+00:00,7263.0
2023-08-08 09:00:00+00:00,8592.0
2023-08-08 10:00:00+00:00,9496.0
2023-08-08 11:00:00+00:00,11701.0
2023-08-08 12:00:00+00:00,12026.0
2023-08-08 13:00:00+00:00,11343.0
2023-08-08 14:00:00+00:00,9458.0
2023-08-08 15:00:00+00:00,6269.0
2023-08-08 16:00:00+00:00,3754.0
2023-08-08 17:00:00+00:00,1927.0
2023-08-08 18:00:00+00:00,438.0
2023-08-08 19:00:00+00:00,49.0
2023-08-08 20:00:00+00:00,0.0
2023-08-08 21:00:00+00:00,0.0
2023-08-08 22:00:00+00:00,0.0
2023-08-08 23:00:00+00:00,0.0
2023-08-09 00:00:00+00:00,0.0
2023-08-09 01:00:00+00:00,0.0
2023-08-09 02:00:00+00:00,0.0
2023-08-09 03:00:00+00:00,0.0
2023-08-09 04:00:00+00:00,95.0
2023-08-09 05:00:00+00:00,1240.0
2023-08-09 06:00:00+00:00,3155.0
2023-08-09 07:00:00+00:00,6447.0
2023-08-09 08:00:00+00:00,9080.0
2023-08-09 09:00:00+00:00,10797.0
2023-08-09 10:00:00+00:00,11919.0
2023-08-09 11:00:00+00:00,12348.0
2023-08-09 12:00:00+00:00,13543.0
2023-08-09 13:00:00+00:00,13392.0
2023-08-09 14:00:00+00:00,11823.0
2023-08-09 15:00:00+00:00,9710.0
2023-08-09 16:00:00+00:00,6538.0
2023-08-09 17:00:00+00:00,3599.0
2023-08-09 18:00:00+00:00,1005.0
2023-08-09 19:00:00+00:00,52.0
2023-08-09 20:00:00+00:00,0.0
2023-08-09 21:00:00+00:00,0.0
2023-08-09 22:00:00+00:00,0.0
2023-08-09 23:00:00+00:00,0.0
2023-08-10 00:00:00+00:00,0.0
2023-08-10 01:00:00+00:00,0.0
2023-08-10 02:00:00+00:00,0.0
2023-08-10 03:00:00+00:00,0.0
2023-08-10 04:00:00+00:00,58.0
2023-08-10 05:00:00+00:00,834.0
2023-08-10 06:00:00+00:00,3025.0
2023-08-10 07:00:00+00:00,5470.0
2023-08-10 08:00:00+00:00,7017.0
2023-08-10 09:00:00+00:00,8565.0
2023-08-10 10:00:00+00:00,10049.0
2023-08-10 11:00:00+00:00,11440.0
2023-08-10 12:00:00+00:00,12309.0
2023-08-10 13:00:00+00:00,11355.0
2023-08-10 14:00:00+00:00,9594.0
2023-08-10 15:00:00+00:00,7285.0
2023-08-10 16:00:00+00:00,5482.0
2023-08-10 17:00:00+00:00,3014.0
2023-08-10 18:00:00+00:00,954.0
2023-08-10 19:00:00+00:00,20.0
2023-08-10 20:00:00+00:00,0.0
2023-08-10 21:00:00+00:00,0.0
2023-08-10 22:00:00+00:00,0.0
2023-08-10 23:00:00+00:00,0.0
2023-08-11 00:00:00+00:00,0.0
2023-08-11 01:00:00+00:00,0.0
2023-08-11 02:00:00+00:00,0.0
2023-08-11 03:00:00+00:00,0.0
2023-08-11 04:00:00+00:00,76.0
2023-08-11 05:00:00+00:00,1153.0
2023-08-11 06:00:00+00:00,3725.0
2023-08-11 07:00:00+00:00,6986.0
2023-08-11 08:00:00+00:00,9863.0
2023-08-11 09:00:00+00:00,12033.0
2023-08-11 10:00:00+00:00,13719.0
2023-08-11 11:00:00+00:00,14617.0
2023-08-11 12:00:00+00:00,13718.0
2023-08-11 13:00:00+00:00,11127.0
2023-08-11 14:00:00+00:00,8440.0
2023-08-11 15:00:00+00:00,5891.0
2023-08-11 16:00:00+00:00,3459.0
2023-08-11 17:00:00+00:00,1319.0
2023-08-11 18:00:00+00:00,362.0
2023-08-11 19:00:00+00:00,12.0
2023-08-11 20:00:00+00:00,0.0
2023-08-11 21:00:00+00:00,0.0
2023-08-11 22:00:00+00:00,0.0
2023-08-11 23:00:00+00:00,0.0
2023-08-12 00:00:00+00:00,0.0
2023-08-12 01:00:00+00:00,0.0
2023-08-12 02:00:00+00:00,0.0
2023-08-12 03:00:00+00:00,0.0
2023-08-12 04:00:00+00:00,28.0
2023-08-12 05:00:00+00:00,331.0
2023-08-12 06:00:00+00:00,805.0
2023-08-12 07:00:00+00:00,1073.0
2023-08-12 08:00:00+00:00,2101.0
2023-08-12 09:00:00+00:00,4388.0
2023-08-12 10:00:00+00:00,7234.0
2023-08-12 11:00:00+00:00,10182.0
2023-08-12 12:00:00+00:00,12324.0
2023-08-12 13:00:00+00:00,13324.0
2023-08-12 14:00:00+00:00,11497.0
2023-08-12 15:00:00+00:00,9240.0
2023-08-12 16:00:00+00:00,6357.0
2023-08-12 17:00:00+00:00,3581.0
2023-08-12 18:00:00+00:00,946.0
2023-08-12 19:00:00+00:00,17.0
2023-08-12 20:00:00+00:00,0.0
2023-08-12 21:00:00+00:00,0.0
2023-08-12 22:00:00+00:00,0.0
2023-08-12 23:00:00+00:00,0.0
2023-08-13 00:00:00+00:00,0.0
2023-08-13 01:00:00+00:00,0.0
2023-08-13 02:00:00+00:00,0.0
2023-08-13 03:00:00+00:00,0.0
2023-08-13 04:00:00+00:00,60.0
2023-08-13 05:00:00+00:00,856.0
2023-08-13 06:00:00+00:00,2803.0
2023-08-13 07:00:00+00:00,5858.0
2023-08-13 08:00:00+00:00,7822.0
2023-08-13 09:00:00+00:00,8756.0
2023-08-13 10:00:00+00:00,9306.0
2023-08-13 11:00:00+00:00,9178.0
2023-08-13 12:00:00+00:00,8970.0
2023-08-13 13:00:00+00:00,7623.0
2023-08-13 14:00:00+00:00,6935.0
2023-08-13 15:00:00+00:00,6553.0
2023-08-13 16:00:00+00:00,4670.0
2023-08-13 17:00:00+00:00,2407.0
2023-08-13 18:00:00+00:00,737.0
2023-08-13 19:00:00+00:00,20.0
2023-08-13 20:00:00+00:00,0.0
2023-08-13 21:00:00+00:00,0.0
2023-08-13 22:00:00+00:00,0.0
2023-08-13 23:00:00+00:00,0.0
2023-08-14 00:00:00+00:00,0.0
2023-08-14 01:00:00+00:00,0.0
2023-08-14 02:00:00+00:00,0.0
2023-08-14 03:00:00+00:00,0.0
2023-08-14 04:00:00+00:00,64.0
2023-08-14 05:00:00+00:00,992.0
2023-08-14 06:00:00+00:00,2203.0
2023-08-14 07:00:00+00:00,4866.0
2023-08-14 08:00:00+00:00,9215.0
2023-08-14 09:00:00+00:00,12400.0
2023-08-14 10:00:00+00:00,14140.0
2023-08-14 11:00:00+00:00,14033.0
2023-08-14 12:00:00+00:00,14254.0
2023-08-14 13:00:00+00:00,13424.0
2023-08-14 14:00:00+00:00,11822.0
2023-08-14 15:00:00+00:00,8950.0
2023-08-14 16:00:00+00:00,5784.0
2023-08-14 17:00:00+00:00,2794.0
2023-08-14 18:00:00+00:00,661.0
2023-08-14 19:00:00+00:00,4.0
2023-08-14 20:00:00+00:00,0.0
2023-08-14 21:00:00+00:00,0.0
2023-08-14 22:00:00+00:00,0.0
2023-08-14 23:00:00+00:00,0.0
2023-08-15 00:00:00+00:00,0.0
2023-08-15 01:00:00+00:00,0.0
2023-08-15 02:00:00+00:00,0.0
2023-08-15 03:00:00+00:00,0.0
2023-08-15 04:00:00+00:00,19.0
2023-08-15 05:00:00+00:00,568.0
2023-08-15 06:00:00+00:00,2876.0
2023-08-15 07:00:00+00:00,5726.0
2023-08-15 08:00:00+00:00,7719.0
2023-08-15 09:00:00+00:00,8348.0
2023-08-15 10:00:00+00:00,9570.0
2023-08-15 11:00:00+00:00,11120.0
2023-08-15 12:00:00+00:00,12223.0
2023-08-15 13:00:00+00:00,11762.0
2023-08-15 14:00:00+00:00,10639.0
2023-08-15 15:00:00+00:00,8026.0
2023-08-15 16:00:00+00:00,6213.0
2023-08-15 17:00:00+00:00,3407.0
2023-08-15 18:00:00+00:00,969.0
2023-08-15 19:00:00+00:00,10.0
2023-08-15 20:00:00+00:00,0.0
2023-08-15 21:00:00+00:00,0.0
2023-08-15 22:00:00+00:00,0.0
2023-08-15 23:00:00+00:00,0.0
2023-08-16 00:00:00+00:00,0.0
2023-08-16 01:00:00+00:00,0.0
2023-08-16 02:00:00+00:00,0.0
2023-08-16 03:00:00+00:00,0.0
2023-08-16 04:00:00+00:00,39.0
2023-08-16 05:00:00+00:00,830.0
2023-08-16 06:00:00+00:00,2837.0
2023-08-16 07:00:00+00:00,5947.0
2023-08-16 08:00:00+00:00,8977.0
2023-08-16 09:00:00+00:00,10970.0
2023-08-16 10:00:00+00:00,12685.0
2023-08-16 11:00:00+00:00,13983.0
2023-08-16 12:00:00+00:00,13865.0
2023-08-16 13:00:00+00:00,11634.0
2023-08-16 14:00:00+00:00,9475.0
2023-08-16 15:00:00+00:00,6659.0
2023-08-16 16:00:00+00:00,4472.0
2023-08-16 17:00:00+00:00,1974.0
2023-08-16 18:00:00+00:00,572.0
2023-08-16 19:00:00+00:00,23.0
2023-08-16 20:00:00+00:00,0.0
2023-08-16 21:00:00+00:00,0.0
2023-08-16 22:00:00+00:00,0.0
2023-08-16 23:00:00+00:00,0.0
2023-08-17 00:00:00+00:00,0.0
2023-08-17 01:00:00+00:00,0.0
2023-08-17 02:00:00+00:00,0.0
2023-08-17 03:00:00+00:00,0.0
2023-08-17 04:00:00+00:00,15.0
2023-08-17 05:00:00+00:00,519.0
2023-08-17 06:00:00+00:00,2084.0
2023-08-17 07:00:00+00:00,3710.0
2023-08-17 08:00:00+00:00,5817.0
2023-08-17 09:00:00+00:00,7075.0
2023-08-17 10:00:00+00:00,7687.0
2023-08-17 11:00:00+00:00,7834.0
2023-08-17 12:00:00+00:00,6796.0
2023-08-17 13:00:00+00:00,5287.0
2023-08-17 14:00:00+00:00,3852.0
2023-08-17 15:00:00+00:00,2807.0
2023-08-17 16:00:00+00:00,1664.0
2023-08-17 17:00:00+00:00,748.0
2023-08-17 18:00:00+00:00,223.0
2023-08-17 19:00:00+00:00,0.0
2023-08-17 20:00:00+00:00,0.0
2023-08-17 21:00:00+00:00,0.0
2023-08-17 22:00:00+00:00,0.0
2023-08-17 23:00:00+00:00,0.0
2023-08-18 00:00:00+00:00,0.0
2023-08-18 01:00:00+00:00,0.0
2023-08-18 02:00:00+00:00,0.0
2023-08-18 03:00:00+00:00,0.0
2023-08-18 04:00:00+00:00,15.0
2023-08-18 05:00:00+00:00,325.0
2023-08-18 06:00:00+00:00,1187.0
2023-08-18 07:00:00+00:00,2642.0
2023-08-18 08:00:00+00:00,4662.0
2023-08-18 09:00:00+00:00,6120.0
2023-08-18 10:00:00+00:00,8207.0
2023-08-18 11:00:00+00:00,11144.0
2023-08-18 12:00:00+00:00,13724.0
2023-08-18 13:00:00+00:00,12921.0
2023-08-18 14:00:00+00:00,10302.0
2023-08-18 15:00:00+00:00,7174.0
2023-08-18 16:00:00+00:00,4674.0
2023-08-18 17:00:00+00:00,2211.0
2023-08-18 18:00:00+00:00,577.0
2023-08-18 19:00:00+00:00,0.0
2023-08-18 20:00:00+00:00,0.0
2023-08-18 21:00:00+00:00,0.0
2023-08-18 22:00:00+00:00,0.0
2023-08-18 23:00:00+00:00,0.0
2023-08-19 00:00:00+00:00,0.0
2023-08-19 01:00:00+00:00,0.0
2023-08-19 02:00:00+00:00,0.0
2023-08-19 03:00:00+00:00,0.0
2023-08-19 04:00:00+00:00,26.0
2023-08-19 05:00:00+00:00,356.0
2023-08-19 06:00:00+00:00,1242.0
2023-08-19 07:00:00+00:00,2672.0
2023-08-19 08:00:00+00:00,4380.0
2023-08-19 09:00:00+00:00,6289.0
2023-08-19 10:00:00+00:00,7211.0
2023-08-19 11:00:00+00:00,6158.0
2023-08-19 12:00:00+00:00,4660.0
2023-08-19 13:00:00+00:00,3692.0
2023-08-19 14:00:00+00:00,5458.0
2023-08-19 15:00:00+00:00,6903.0
2023-08-19 16:00:00+00:00,6228.0
2023-08-19 17:00:00+00:00,3293.0
2023-08-19 18:00:00+00:00,633.0
2023-08-19 19:00:00+00:00,0.0
2023-08-19 20:00:00+00:00,0.0
2023-08-19 21:00:00+00:00,0.0
2023-08-19 22:00:00+00:00,0.0
2023-08-19 23:00:00+00:00,0.0
2023-08-20 00:00:00+00:00,0.0
2023-08-20 01:00:00+00:00,0.0
2023-08-20 02:00:00+00:00,0.0
2023-08-20 03:00:00+00:00,0.0
2023-08-20 04:00:00+00:00,19.0
2023-08-20 05:00:00+00:00,814.0
2023-08-20 06:00:00+00:00,3400.0
2023-08-20 07:00:00+00:00,6699.0
2023-08-20 08:00:00+00:00,9956.0
2023-08-20 09:00:00+00:00,12755.0
2023-08-20 10:00:00+00:00,14533.0
2023-08-20 11:00:00+00:00,15530.0
2023-08-20 12:00:00+00:00,15100.0
2023-08-20 13:00:00+00:00,13423.0
2023-08-20 14:00:00+00:00,11295.0
2023-08-20 15:00:00+00:00,8809.0
2023-08-20 16:00:00+00:00,6021.0
2023-08-20 17:00:00+00:00,2932.0
2023-08-20 18:00:00+00:00,583.0
2023-08-20 19:00:00+00:00,0.0
2023-08-20 20:00:00+00:00,0.0
2023-08-20 21:00:00+00:00,0.0
2023-08-20 22:00:00+00:00,0.0
2023-08-20 23:00:00+00:00,0.0
2023-08-21 00:00:00+00:00,0.0
2023-08-21 01:00:00+00:00,0.0
2023-08-21 02:00:00+00:00,0.0
2023-08-21 03:00:00+00:00,0.0
2023-08-21 04:00:00+00:00,16.0
2023-08-21 05:00:00+00:00,661.0
2023-08-21 06:00:00+00:00,2791.0
2023-08-21 07:00:00+00:00,6058.0
2023-08-21 08:00:00+00:00,9053.0
2023-08-21 09:00:00+00:00,11618.0
2023-08-21 10:00:00+00:00,13961.0
2023-08-21 11:00:00+00:00,14994.0
2023-08-21 12:00:00+00:00,14128.0
2023-08-21 13:00:00+00:00,13210.0
2023-08-21 14:00:00+00:00,11040.0
2023-08-21 15:00:00+00:00,9106.0
2023-08-21 16:00:00+00:00,5973.0
2023-08-21 17:00:00+00:00,2912.0
2023-08-21 18:00:00+00:00,618.0
2023-08-21 19:00:00+00:00,0.0
2023-08-21 20:00:00+00:00,0.0
2023-08-21 21:00:00+00:00,0.0
2023-08-21 22:00:00+00:00,0.0
2023-08-21 23:00:00+00:00,0.0
2023-08-22 00:00:00+00:00,0.0
2023-08-22 01:00:00+00:00,0.0
2023-08-22 02:00:00+00:00,0.0
2023-08-22 03:00:00+00:00,0.0
2023-08-22 04:00:00+00:00,9.0
2023-08-22 05:00:00+00:00,686.0
2023-08-22 06:00:00+00:00,2798.0
2023-08-22 07:00:00+00:00,5666.0
2023-08-22 08:00:00+00:00,6654.0
2023-08-22 09:00:00+00:00,8963.0
2023-08-22 10:00:00+00:00,10551.0
2023-08-22 11:00:00+00:00,10943.0
2023-08-22 12:00:00+00:00,10451.0
2023-08-22 13:00:00+00:00,10169.0
2023-08-22 14:00:00+00:00,9606.0
2023-08-22 15:00:00+00:00,8440.0
2023-08-22 16:00:00+00:00,6029.0
2023-08-22 17:00:00+00:00,2897.0
2023-08-22 18:00:00+00:00,559.0
2023-08-22 19:00:00+00:00,0.0
2023-08-22 20:00:00+00:00,0.0
2023-08-22 21:00:00+00:00,0.0
2023-08-22 22:00:00+00:00,0.0
2023-08-22 23:00:00+00:00,0.0
2023-08-23 00:00:00+00:00,0.0
2023-08-23 01:00:00+00:00,0.0
2023-08-23 02:00:00+00:00,0.0
2023-08-23 03:00:00+00:00,0.0
2023-08-23 04:00:00+00:00,14.0
2023-08-23 05:00:00+00:00,537.0
2023-08-23 06:00:00+00:00,2686.0
2023-08-23 07:00:00+00:00,6008.0
2023-08-23 08:00:00+00:00,9391.0
2023-08-23 09:00:00+00:00,11964.0
2023-08-23 10:00:00+00:00,13368.0
2023-08-23 11:00:00+00:00,13599.0
2023-08-23 12:00:00+00:00,13677.0
2023-08-23 13:00:00+00:00,12121.0
2023-08-23 14:00:00+00:00,11010.0
2023-08-23 15:00:00+00:00,8652.0
2023-08-23 16:00:00+00:00,5645.0
2023-08-23 17:00:00+00:00,2539.0
2023-08-23 18:00:00+00:00,404.0
2023-08-23 19:00:00+00:00,0.0
2023-08-23 20:00:00+00:00,0.0
2023-08-23 21:00:00+00:00,0.0
2023-08-23 22:00:00+00:00,0.0
2023-08-23 23:00:00+00:00,0.0
2023-08-24 00:00:00+00:00,0.0
2023-08-24 01:00:00+00:00,0.0
2023-08-24 02:00:00+00:00,0.0
2023-08-24 03:00:00+00:00,0.0
2023-08-24 04:00:00+00:00,6.0
2023-08-24 05:00:00+00:00,524.0
2023-08-24 06:00:00+00:00,2768.0
2023-08-24 07:00:00+00:00,5968.0
2023-08-24 08:00:00+00:00,7554.0
2023-08-24 09:00:00+00:00,6654.0
2023-08-24 10:00:00+00:00,3954.0
2023-08-24 11:00:00+00:00,3960.0
2023-08-24 12:00:00+00:00,6008.0
2023-08-24 13:00:00+00:00,5202.0
2023-08-24 14:00:00+00:00,2828.0
2023-08-24 15:00:00+00:00,2541.0
2023-08-24 16:00:00+00:00,2726.0
2023-08-24 17:00:00+00:00,1248.0
2023-08-24 18:00:00+00:00,288.0
2023-08-24 19:00:00+00:00,0.0
2023-08-24 20:00:00+00:00,0.0
2023-08-24 21:00:00+00:00,0.0
2023-08-24 22:00:00+00:00,0.0
2023-08-24 23:00:00+00:00,0.0
2023-08-25 00:00:00+00:00,0.0
2023-08-25 01:00:00+00:00,0.0
2023-08-25 02:00:00+00:00,0.0
2023-08-25 03:00:00+00:00,0.0
2023-08-25 04:00:00+00:00,7.0
2023-08-25 05:00:00+00:00,328.0
2023-08-25 06:00:00+00:00,1281.0
2023-08-25 07:00:00+00:00,1779.0
2023-08-25 08:00:00+00:00,3026.0
2023-08-25 09:00:00+00:00,3575.0
2023-08-25 10:00:00+00:00,4123.0
2023-08-25 11:00:00+00:00,4996.0
2023-08-25 12:00:00+00:00,5858.0
2023-08-25 13:00:00+00:00,6645.0
2023-08-25 14:00:00+00:00,5483.0
2023-08-25 15:00:00+00:00,3747.0
2023-08-25 16:00:00+00:00,2522.0
2023-08-25 17:00:00+00:00,1432.0
2023-08-25 18:00:00+00:00,280.0
2023-08-25 19:00:00+00:00,0.0
2023-08-25 20:00:00+00:00,0.0
2023-08-25 21:00:00+00:00,0.0
2023-08-25 22:00:00+00:00,0.0
2023-08-25 23:00:00+00:00,0.0
2023-08-26 00:00:00+00:00,0.0
2023-08-26 01:00:00+00:00,0.0
2023-08-26 02:00:00+00:00,0.0
2023-08-26 03:00:00+00:00,0.0
2023-08-26 04:00:00+00:00,4.0
2023-08-26 05:00:00+00:00,504.0
2023-08-26 06:00:00+00:00,2347.0
2023-08-26 07:00:00+00:00,5072.0
2023-08-26 08:00:00+00:00,7711.0
2023-08-26 09:00:00+00:00,9630.0
2023-08-26 10:00:00+00:00,10975.0
2023-08-26 11:00:00+00:00,10620.0
2023-08-26 12:00:00+00:00,9830.0
2023-08-26 13:00:00+00:00,8609.0
2023-08-26 14:00:00+00:00,7149.0
2023-08-26 15:00:00+00:00,5670.0
2023-08-26 16:00:00+00:00,3457.0
2023-08-26 17:00:00+00:00,1853.0
2023-08-26 18:00:00+00:00,425.0
2023-08-26 19:00:00+00:00,0.0
2023-08-26 20:00:00+00:00,0.0
2023-08-26 21:00:00+00:00,0.0
2023-08-26 22:00:00+00:00,0.0
2023-08-26 23:00:00+00:00,0.0
2023-08-27 00:00:00+00:00,0.0
2023-08-27 01:00:00+00:00,0.0
2023-08-27 02:00:00+00:00,0.0
2023-08-27 03:00:00+00:00,0.0
2023-08-27 04:00:00+00:00,3.0
2023-08-27 05:00:00+00:00,277.0
2023-08-27 06:00:00+00:00,1677.0
2023-08-27 07:00:00+00:00,4544.0
2023-08-27 08:00:00+00:00,6884.0
2023-08-27 09:00:00+00:00,8520.0
2023-08-27 10:00:00+00:00,8250.0
2023-08-27 11:00:00+00:00,7564.0
2023-08-27 12:00:00+00:00,7483.0
2023-08-27 13:00:00+00:00,8224.0
2023-08-27 14:00:00+00:00,8349.0
2023-08-27 15:00:00+00:00,6310.0
2023-08-27 16:00:00+00:00,4313.0
2023-08-27 17:00:00+00:00,2057.0
2023-08-27 18:00:00+00:00,293.0
2023-08-27 19:00:00+00:00,0.0
2023-08-27 20:00:00+00:00,0.0
2023-08-27 21:00:00+00:00,0.0
2023-08-27 22:00:00+00:00,0.0
2023-08-27 23:00:00+00:00,0.0
2023-08-28 00:00:00+00:00,0.0
2023-08-28 01:00:00+00:00,0.0
2023-08-28 02:00:00+00:00,0.0
2023-08-28 03:00:00+00:00,0.0
2023-08-28 04:00:00+00:00,4.0
2023-08-28 05:00:00+00:00,475.0
2023-08-28 06:00:00+00:00,2552.0
2023-08-28 07:00:00+00:00,5217.0
2023-08-28 08:00:00+00:00,8758.0
2023-08-28 09:00:00+00:00,9650.0
2023-08-28 10:00:00+00:00,9479.0
2023-08-28 11:00:00+00:00,10525.0
2023-08-28 12:00:00+00:00,10114.0
2023-08-28 13:00:00+00:00,8777.0
2023-08-28 14:00:00+00:00,6979.0
2023-08-28 15:00:00+00:00,5747.0
2023-08-28 16:00:00+00:00,3907.0
2023-08-28 17:00:00+00:00,1935.0
2023-08-28 18:00:00+00:00,356.0
2023-08-28 19:00:00+00:00,0.0
2023-08-28 20:00:00+00:00,0.0
2023-08-28 21:00:00+00:00,0.0
2023-08-28 22:00:00+00:00,0.0
2023-08-28 23:00:00+00:00,0.0
2023-08-29 00:00:00+00:00,0.0
2023-08-29 01:00:00+00:00,0.0
2023-08-29 02:00:00+00:00,0.0
2023-08-29 03:00:00+00:00,0.0
2023-08-29 04:00:00+00:00,2.0
2023-08-29 05:00:00+00:00,337.0
2023-08-29 06:00:00+00:00,1837.0
2023-08-29 07:00:00+00:00,4428.0
2023-08-29 08:00:00+00:00,6696.0
2023-08-29 09:00:00+00:00,8176.0
2023-08-29 10:00:00+00:00,8583.0
2023-08-29 11:00:00+00:00,9856.0
2023-08-29 12:00:00+00:00,8685.0
2023-08-29 13:00:00+00:00,7614.0
2023-08-29 14:00:00+00:00,6543.0
2023-08-29 15:00:00+00:00,4808.0
2023-08-29 16:00:00+00:00,2552.0
2023-08-29 17:00:00+00:00,1063.0
2023-08-29 18:00:00+00:00,124.0
2023-08-29 19:00:00+00:00,0.0
2023-08-29 20:00:00+00:00,0.0
2023-08-29 21:00:00+00:00,0.0
2023-08-29 22:00:00+00:00,0.0
2023-08-29 23:00:00+00:00,0.0
2023-08-30 00:00:00+00:00,0.0
2023-08-30 01:00:00+00:00,0.0
2023-08-30 02:00:00+00:00,0.0
2023-08-30 03:00:00+00:00,0.0
2023-08-30 04:00:00+00:00,1.0
2023-08-30 05:00:00+00:00,203.0
2023-08-30 06:00:00+00:00,1141.0
2023-08-30 07:00:00+00:00,1805.0
2023-08-30 08:00:00+00:00,2483.0
2023-08-30 09:00:00+00:00,4133.0
2023-08-30 10:00:00+00:00,5862.0
2023-08-30 11:00:00+00:00,7626.0
2023-08-30 12:00:00+00:00,9075.0
2023-08-30 13:00:00+00:00,8026.0
2023-08-30 14:00:00+00:00,7597.0
2023-08-30 15:00:00+00:00,6155.0
2023-08-30 16:00:00+00:00,4243.0
2023-08-30 17:00:00+00:00,1714.0
2023-08-30 18:00:00+00:00,167.0
2023-08-30 19:00:00+00:00,0.0
2023-08-30 20:00:00+00:00,0.0
2023-08-30 21:00:00+00:00,0.0
2023-08-30 22:00:00+00:00,0.0
2023-08-30 23:00:00+00:00,0.0
2023-08-31 00:00:00+00:00,0.0
2023-08-31 01:00:00+00:00,0.0
2023-08-31 02:00:00+00:00,0.0
2023-08-31 03:00:00+00:00,0.0
2023-08-31 04:00:00+00:00,2.0
2023-08-31 05:00:00+00:00,340.0
2023-08-31 06:00:00+00:00,2141.0
2023-08-31 07:00:00+00:00,5064.0
2023-08-31 08:00:00+00:00,8162.0
2023-08-31 09:00:00+00:00,9472.0
2023-08-31 10:00:00+00:00,9845.0
2023-08-31 11:00:00+00:00,11764.0
2023-08-31 12:00:00+00:00,10939.0
2023-08-31 13:00:00+00:00,10772.0
2023-08-31 14:00:00+00:00,9018.0
2023-08-31 15:00:00+00:00,6182.0
2023-08-31 16:00:00+00:00,3694.0
2023-08-31 17:00:00+00:00,1612.0
2023-08-31 18:00:00+00:00,124.0
2023-08-31 19:00:00+00:00,0.0
2023-08-31 20:00:00+00:00,0.0
2023-08-31 21:00:00+00:00,0.0
2023-08-31 22:00:00+00:00,0.0
2023-08-31 23:00:00+00:00,0.0
2023-09-01 00:00:00+00:00,0.0
2023-09-01 01:00:00+00:00,0.0
2023-09-01 02:00:00+00:00,0.0
2023-09-01 03:00:00+00:00,0.0
2023-09-01 04:00:00+00:00,0.0
2023-09-01 05:00:00+00:00,237.0
2023-09-01 06:00:00+00:00,1244.0
2023-09-01 07:00:00+00:00,2377.0
2023-09-01 08:00:00+00:00,3017.0
2023-09-01 09:00:00+00:00,3597.0
2023-09-01 10:00:00+00:00,4387.0
2023-09-01 11:00:00+00:00,6171.0
2023-09-01 12:00:00+00:00,7531.0
2023-09-01 13:00:00+00:00,7523.0
2023-09-01 14:00:00+00:00,6505.0
2023-09-01 15:00:00+00:00,4923.0
2023-09-01 16:00:00+00:00,2757.0
2023-09-01 17:00:00+00:00,945.0
2023-09-01 18:00:00+00:00,109.0
2023-09-01 19:00:00+00:00,0.0
2023-09-01 20:00:00+00:00,0.0
2023-09-01 21:00:00+00:00,0.0
2023-09-01 22:00:00+00:00,0.0
2023-09-01 23:00:00+00:00,0.0
2023-09-02 00:00:00+00:00,0.0
2023-09-02 01:00:00+00:00,0.0
2023-09-02 02:00:00+00:00,0.0
2023-09-02 03:00:00+00:00,0.0
2023-09-02 04:00:00+00:00,0.0
2023-09-02 05:00:00+00:00,201.0
2023-09-02 06:00:00+00:00,1244.0
2023-09-02 07:00:00+00:00,2940.0
2023-09-02 08:00:00+00:00,4650.0
2023-09-02 09:00:00+00:00,6497.0
2023-09-02 10:00:00+00:00,8280.0
2023-09-02 11:00:00+00:00,8871.0
2023-09-02 12:00:00+00:00,9590.0
2023-09-02 13:00:00+00:00,9790.0
2023-09-02 14:00:00+00:00,8515.0
2023-09-02 15:00:00+00:00,7454.0
2023-09-02 16:00:00+00:00,4325.0
2023-09-02 17:00:00+00:00,1563.0
2023-09-02 18:00:00+00:00,137.0
2023-09-02 19:00:00+00:00,0.0
2023-09-02 20:00:00+00:00,0.0
2023-09-02 21:00:00+00:00,0.0
2023-09-02 22:00:00+00:00,0.0
2023-09-02 23:00:00+00:00,0.0
2023-09-03 00:00:00+00:00,0.0
2023-09-03 01:00:00+00:00,0.0
2023-09-03 02:00:00+00:00,0.0
2023-09-03 03:00:00+00:00,0.0
2023-09-03 04:00:00+00:00,0.0
2023-09-03 05:00:00+00:00,253.0
2023-09-03 06:00:00+00:00,1773.0
2023-09-03 07:00:00+00:00,4698.0
2023-09-03 08:00:00+00:00,8069.0
2023-09-03 09:00:00+00:00,10907.0
2023-09-03 10:00:00+00:00,12357.0
2023-09-03 11:00:00+00:00,13001.0
2023-09-03 12:00:00+00:00,12863.0
2023-09-03 13:00:00+00:00,12273.0
2023-09-03 14:00:00+00:00,9856.0
2023-09-03 15:00:00+00:00,7225.0
2023-09-03 16:00:00+00:00,4147.0
2023-09-03 17:00:00+00:00,1755.0
2023-09-03 18:00:00+00:00,211.0
2023-09-03 19:00:00+00:00,0.0
2023-09-03 20:00:00+00:00,0.0
2023-09-03 21:00:00+00:00,0.0
2023-09-03 22:00:00+00:00,0.0
2023-09-03 23:00:00+00:00,0.0
2023-09-04 00:00:00+00:00,0.0
2023-09-04 01:00:00+00:00,0.0
2023-09-04 02:00:00+00:00,0.0
2023-09-04 03:00:00+00:00,0.0
2023-09-04 04:00:00+00:00,0.0
2023-09-04 05:00:00+00:00,401.0
2023-09-04 06:00:00+00:00,2425.0
2023-09-04 07:00:00+00:00,5477.0
2023-09-04 08:00:00+00:00,9178.0
2023-09-04 09:00:00+00:00,11809.0
2023-09-04 10:00:00+00:00,13643.0
2023-09-04 11:00:00+00:00,14667.0
2023-09-04 12:00:00+00:00,14086.0
2023-09-04 13:00:00+00:00,12460.0
2023-09-04 14:00:00+00:00,10220.0
2023-09-04 15:00:00+00:00,7224.0
2023-09-04 16:00:00+00:00,3565.0
2023-09-04 17:00:00+00:00,1298.0
2023-09-04 18:00:00+00:00,98.0
2023-09-04 19:00:00+00:00,0.0
2023-09-04 20:00:00+00:00,0.0
2023-09-04 21:00:00+00:00,0.0
2023-09-04 22:00:00+00:00,0.0
2023-09-04 23:00:00+00:00,0.0
2023-09-05 00:00:00+00:00,0.0
2023-09-05 01:00:00+00:00,0.0
2023-09-05 02:00:00+00:00,0.0
2023-09-05 03:00:00+00:00,0.0
2023-09-05 04:00:00+00:00,0.0
2023-09-05 05:00:00+00:00,302.0
2023-09-05 06:00:00+00:00,2419.0
2023-09-05 07:00:00+00:00,5716.0
2023-09-05 08:00:00+00:00,9270.0
2023-09-05 09:00:00+00:00,11857.0
2023-09-05 10:00:00+00:00,13838.0
2023-09-05 11:00:00+00:00,14738.0
2023-09-05 12:00:00+00:00,14562.0
2023-09-05 13:00:00+00:00,13350.0
2023-09-05 14:00:00+00:00,11150.0
2023-09-05 15:00:00+00:00,8208.0
2023-09-05 16:00:00+00:00,5008.0
2023-09-05 17:00:00+00:00,1829.0
2023-09-05 18:00:00+00:00,74.0
2023-09-05 19:00:00+00:00,0.0
2023-09-05 20:00:00+00:00,0.0
2023-09-05 21:00:00+00:00,0.0
2023-09-05 22:00:00+00:00,0.0
2023-09-05 23:00:00+00:00,0.0
2023-09-06 00:00:00+00:00,0.0
2023-09-06 01:00:00+00:00,0.0
2023-09-06 02:00:00+00:00,0.0
2023-09-06 03:00:00+00:00,0.0
2023-09-06 04:00:00+00:00,0.0
2023-09-06 05:00:00+00:00,290.0
2023-09-06 06:00:00+00:00,2356.0
2023-09-06 07:00:00+00:00,5599.0
2023-09-06 08:00:00+00:00,9102.0
2023-09-06 09:00:00+00:00,11883.0
2023-09-06 10:00:00+00:00,13783.0
2023-09-06 11:00:00+00:00,14733.0
2023-09-06 12:00:00+00:00,14530.0
2023-09-06 13:00:00+00:00,13322.0
2023-09-06 14:00:00+00:00,11106.0
2023-09-06 15:00:00+00:00,8109.0
2023-09-06 16:00:00+00:00,4934.0
2023-09-06 17:00:00+00:00,1726.0
2023-09-06 18:00:00+00:00,48.0
2023-09-06 19:00:00+00:00,0.0
2023-09-06 20:00:00+00:00,0.0
2023-09-06 21:00:00+00:00,0.0
2023-09-06 22:00:00+00:00,0.0
2023-09-06 23:00:00+00:00,0.0
2023-09-07 00:00:00+00:00,0.0
2023-09-07 01:00:00+00:00,0.0
2023-09-07 02:00:00+00:00,0.0
2023-09-07 03:00:00+00:00,0.0
2023-09-07 04:00:00+00:00,0.0
2023-09-07 05:00:00+00:00,264.0
2023-09-07 06:00:00+00:00,2296.0
2023-09-07 07:00:00+00:00,5518.0
2023-09-07 08:00:00+00:00,9163.0
2023-09-07 09:00:00+00:00,11917.0
2023-09-07 10:00:00+00:00,13849.0
2023-09-07 11:00:00+00:00,14747.0
2023-09-07 12:00:00+00:00,14454.0
2023-09-07 13:00:00+00:00,13334.0
2023-09-07 14:00:00+00:00,11097.0
2023-09-07 15:00:00+00:00,8138.0
2023-09-07 16:00:00+00:00,4826.0
2023-09-07 17:00:00+00:00,1612.0
2023-09-07 18:00:00+00:00,32.0
2023-09-07 19:00:00+00:00,0.0
2023-09-07 20:00:00+00:00,0.0
2023-09-07 21:00:00+00:00,0.0
2023-09-07 22:00:00+00:00,0.0
2023-09-07 23:00:00+00:00,0.0
2023-09-08 00:00:00+00:00,0.0
2023-09-08 01:00:00+00:00,0.0
2023-09-08 02:00:00+00:00,0.0
2023-09-08 03:00:00+00:00,0.0
2023-09-08 04:00:00+00:00,0.0
2023-09-08 05:00:00+00:00,224.0
2023-09-08 06:00:00+00:00,2136.0
2023-09-08 07:00:00+00:00,5372.0
2023-09-08 08:00:00+00:00,8930.0
2023-09-08 09:00:00+00:00,11584.0
2023-09-08 10:00:00+00:00,13466.0
2023-09-08 11:00:00+00:00,14261.0
2023-09-08 12:00:00+00:00,14029.0
2023-09-08 13:00:00+00:00,12780.0
2023-09-08 14:00:00+00:00,10539.0
2023-09-08 15:00:00+00:00,7504.0
2023-09-08 16:00:00+00:00,4098.0
2023-09-08 17:00:00+00:00,1052.0
2023-09-08 18:00:00+00:00,12.0
2023-09-08 19:00:00+00:00,0.0
2023-09-08 20:00:00+00:00,0.0
2023-09-08 21:00:00+00:00,0.0
2023-09-08 22:00:00+00:00,0.0
2023-09-08 23:00:00+00:00,0.0
2023-09-09 00:00:00+00:00,0.0
2023-09-09 01:00:00+00:00,0.0
2023-09-09 02:00:00+00:00,0.0
2023-09-09 03:00:00+00:00,0.0
2023-09-09 04:00:00+00:00,0.0
2023-09-09 05:00:00+00:00,158.0
2023-09-09 06:00:00+00:00,1576.0
2023-09-09 07:00:00+00:00,4450.0
2023-09-09 08:00:00+00:00,7985.0
2023-09-09 09:00:00+00:00,11148.0
2023-09-09 10:00:00+00:00,13067.0
2023-09-09 11:00:00+00:00,13812.0
2023-09-09 12:00:00+00:00,13531.0
2023-09-09 13:00:00+00:00,12257.0
2023-09-09 14:00:00+00:00,10116.0
2023-09-09 15:00:00+00:00,7226.0
2023-09-09 16:00:00+00:00,4076.0
2023-09-09 17:00:00+00:00,1124.0
2023-09-09 18:00:00+00:00,8.0
2023-09-09 19:00:00+00:00,0.0
2023-09-09 20:00:00+00:00,0.0
2023-09-09 21:00:00+00:00,0.0
2023-09-09 22:00:00+00:00,0.0
2023-09-09 23:00:00+00:00,0.0
2023-09-10 00:00:00+00:00,0.0
2023-09-10 01:00:00+00:00,0.0
2023-09-10 02:00:00+00:00,0.0
2023-09-10 03:00:00+00:00,0.0
2023-09-10 04:00:00+00:00,0.0
2023-09-10 05:00:00+00:00,155.0
2023-09-10 06:00:00+00:00,1676.0
2023-09-10 07:00:00+00:00,4594.0
2023-09-10 08:00:00+00:00,8044.0
2023-09-10 09:00:00+00:00,10688.0
2023-09-10 10:00:00+00:00,12483.0
2023-09-10 11:00:00+00:00,13236.0
2023-09-10 12:00:00+00:00,12826.0
2023-09-10 13:00:00+00:00,11538.0
2023-09-10 14:00:00+00:00,9354.0
2023-09-10 15:00:00+00:00,6705.0
2023-09-10 16:00:00+00:00,3787.0
2023-09-10 17:00:00+00:00,1228.0
2023-09-10 18:00:00+00:00,21.0
2023-09-10 19:00:00+00:00,0.0
2023-09-10 20:00:00+00:00,0.0
2023-09-10 21:00:00+00:00,0.0
2023-09-10 22:00:00+00:00,0.0
2023-09-10 23:00:00+00:00,0.0
2023-09-11 00:00:00+00:00,0.0
2023-09-11 01:00:00+00:00,0.0
2023-09-11 02:00:00+00:00,0.0
2023-09-11 03:00:00+00:00,0.0
2023-09-11 04:00:00+00:00,0.0
2023-09-11 05:00:00+00:00,169.0
2023-09-11 06:00:00+00:00,1594.0
2023-09-11 07:00:00+00:00,4639.0
2023-09-11 08:00:00+00:00,8171.0
2023-09-11 09:00:00+00:00,10854.0
2023-09-11 10:00:00+00:00,12294.0
2023-09-11 11:00:00+00:00,12665.0
2023-09-11 12:00:00+00:00,12151.0
2023-09-11 13:00:00+00:00,10618.0
2023-09-11 14:00:00+00:00,7905.0
2023-09-11 15:00:00+00:00,4763.0
2023-09-11 16:00:00+00:00,2197.0
2023-09-11 17:00:00+00:00,514.0
2023-09-11 18:00:00+00:00,5.0
2023-09-11 19:00:00+00:00,0.0
2023-09-11 20:00:00+00:00,0.0
2023-09-11 21:00:00+00:00,0.0
2023-09-11 22:00:00+00:00,0.0
2023-09-11 23:00:00+00:00,0.0
2023-09-12 00:00:00+00:00,0.0
2023-09-12 01:00:00+00:00,0.0
2023-09-12 02:00:00+00:00,0.0
2023-09-12 03:00:00+00:00,0.0
2023-09-12 04:00:00+00:00,0.0
2023-09-12 05:00:00+00:00,60.0
2023-09-12 06:00:00+00:00,698.0
2023-09-12 07:00:00+00:00,2487.0
2023-09-12 08:00:00+00:00,5146.0
2023-09-12 09:00:00+00:00,7292.0
2023-09-12 10:00:00+00:00,9182.0
2023-09-12 11:00:00+00:00,10251.0
2023-09-12 12:00:00+00:00,9456.0
2023-09-12 13:00:00+00:00,7782.0
2023-09-12 14:00:00+00:00,6762.0
2023-09-12 15:00:00+00:00,4272.0
2023-09-12 16:00:00+00:00,1862.0
2023-09-12 17:00:00+00:00,418.0
2023-09-12 18:00:00+00:00,7.0
2023-09-12 19:00:00+00:00,0.0
2023-09-12 20:00:00+00:00,0.0
2023-09-12 21:00:00+00:00,0.0
2023-09-12 22:00:00+00:00,0.0
2023-09-12 23:00:00+00:00,0.0
2023-09-13 00:00:00+00:00,0.0
2023-09-13 01:00:00+00:00,0.0
2023-09-13 02:00:00+00:00,0.0
2023-09-13 03:00:00+00:00,0.0
2023-09-13 04:00:00+00:00,0.0
2023-09-13 05:00:00+00:00,51.0
2023-09-13 06:00:00+00:00,652.0
2023-09-13 07:00:00+00:00,2135.0
2023-09-13 08:00:00+00:00,4614.0
2023-09-13 09:00:00+00:00,7366.0
2023-09-13 10:00:00+00:00,8860.0
2023-09-13 11:00:00+00:00,9233.0
2023-09-13 12:00:00+00:00,9229.0
2023-09-13 13:00:00+00:00,7553.0
2023-09-13 14:00:00+00:00,6816.0
2023-09-13 15:00:00+00:00,5611.0
2023-09-13 16:00:00+00:00,3223.0
2023-09-13 17:00:00+00:00,1074.0
2023-09-13 18:00:00+00:00,0.0
2023-09-13 19:00:00+00:00,0.0
2023-09-13 20:00:00+00:00,0.0
2023-09-13 21:00:00+00:00,0.0
2023-09-13 22:00:00+00:00,0.0
2023-09-13 23:00:00+00:00,0.0
2023-09-14 00:00:00+00:00,0.0
2023-09-14 01:00:00+00:00,0.0
2023-09-14 02:00:00+00:00,0.0
2023-09-14 03:00:00+00:00,0.0
2023-09-14 04:00:00+00:00,0.0
2023-09-14 05:00:00+00:00,120.0
2023-09-14 06:00:00+00:00,1657.0
2023-09-14 07:00:00+00:00,4629.0
2023-09-14 08:00:00+00:00,8038.0
2023-09-14 09:00:00+00:00,10770.0
2023-09-14 10:00:00+00:00,11978.0
2023-09-14 11:00:00+00:00,10794.0
2023-09-14 12:00:00+00:00,11023.0
2023-09-14 13:00:00+00:00,10101.0
2023-09-14 14:00:00+00:00,8931.0
2023-09-14 15:00:00+00:00,7044.0
2023-09-14 16:00:00+00:00,3772.0
2023-09-14 17:00:00+00:00,902.0
2023-09-14 18:00:00+00:00,0.0
2023-09-14 19:00:00+00:00,0.0
2023-09-14 20:00:00+00:00,0.0
2023-09-14 21:00:00+00:00,0.0
2023-09-14 22:00:00+00:00,0.0
2023-09-14 23:00:00+00:00,0.0
2023-09-15 00:00:00+00:00,0.0
2023-09-15 01:00:00+00:00,0.0
2023-09-15 02:00:00+00:00,0.0
2023-09-15 03:00:00+00:00,0.0
2023-09-15 04:00:00+00:00,0.0
2023-09-15 05:00:00+00:00,112.0
2023-09-15 06:00:00+00:00,1677.0
2023-09-15 07:00:00+00:00,4930.0
2023-09-15 08:00:00+00:00,8553.0
2023-09-15 09:00:00+00:00,11314.0
2023-09-15 10:00:00+00:00,13205.0
2023-09-15 11:00:00+00:00,13961.0
2023-09-15 12:00:00+00:00,13310.0
2023-09-15 13:00:00+00:00,12133.0
2023-09-15 14:00:00+00:00,9447.0
2023-09-15 15:00:00+00:00,6099.0
2023-09-15 16:00:00+00:00,3023.0
2023-09-15 17:00:00+00:00,897.0
2023-09-15 18:00:00+00:00,0.0
2023-09-15 19:00:00+00:00,0.0
2023-09-15 20:00:00+00:00,0.0
2023-09-15 21:00:00+00:00,0.0
2023-09-15 22:00:00+00:00,0.0
2023-09-15 23:00:00+00:00,0.0
2023-09-16 00:00:00+00:00,0.0
2023-09-16 01:00:00+00:00,0.0
2023-09-16 02:00:00+00:00,0.0
2023-09-16 03:00:00+00:00,0.0
2023-09-16 04:00:00+00:00,0.0
2023-09-16 05:00:00+00:00,88.0
2023-09-16 06:00:00+00:00,1522.0
2023-09-16 07:00:00+00:00,4426.0
2023-09-16 08:00:00+00:00,7768.0
2023-09-16 09:00:00+00:00,10195.0
2023-09-16 10:00:00+00:00,11937.0
2023-09-16 11:00:00+00:00,12482.0
2023-09-16 12:00:00+00:00,12275.0
2023-09-16 13:00:00+00:00,10200.0
2023-09-16 14:00:00+00:00,7312.0
2023-09-16 15:00:00+00:00,4782.0
2023-09-16 16:00:00+00:00,2014.0
2023-09-16 17:00:00+00:00,389.0
2023-09-16 18:00:00+00:00,0.0
2023-09-16 19:00:00+00:00,0.0
2023-09-16 20:00:00+00:00,0.0
2023-09-16 21:00:00+00:00,0.0
2023-09-16 22:00:00+00:00,0.0
2023-09-16 23:00:00+00:00,0.0
2023-09-17 00:00:00+00:00,0.0
2023-09-17 01:00:00+00:00,0.0
2023-09-17 02:00:00+00:00,0.0
2023-09-17 03:00:00+00:00,0.0
2023-09-17 04:00:00+00:00,0.0
2023-09-17 05:00:00+00:00,21.0
2023-09-17 06:00:00+00:00,319.0
2023-09-17 07:00:00+00:00,1270.0
2023-09-17 08:00:00+00:00,2288.0
2023-09-17 09:00:00+00:00,3102.0
2023-09-17 10:00:00+00:00,4586.0
2023-09-17 11:00:00+00:00,5523.0
2023-09-17 12:00:00+00:00,6518.0
2023-09-17 13:00:00+00:00,5336.0
2023-09-17 14:00:00+00:00,3865.0
2023-09-17 15:00:00+00:00,3113.0
2023-09-17 16:00:00+00:00,1587.0
2023-09-17 17:00:00+00:00,360.0
2023-09-17 18:00:00+00:00,0.0
2023-09-17 19:00:00+00:00,0.0
2023-09-17 20:00:00+00:00,0.0
2023-09-17 21:00:00+00:00,0.0
2023-09-17 22:00:00+00:00,0.0
2023-09-17 23:00:00+00:00,0.0
2023-09-18 00:00:00+00:00,0.0
2023-09-18 01:00:00+00:00,0.0
2023-09-18 02:00:00+00:00,0.0
2023-09-18 03:00:00+00:00,0.0
2023-09-18 04:00:00+00:00,0.0
2023-09-18 05:00:00+00:00,18.0
2023-09-18 06:00:00+00:00,316.0
2023-09-18 07:00:00+00:00,1380.0
2023-09-18 08:00:00+00:00,3578.0
2023-09-18 09:00:00+00:00,6277.0
2023-09-18 10:00:00+00:00,7745.0
2023-09-18 11:00:00+00:00,9250.0
2023-09-18 12:00:00+00:00,10063.0
2023-09-18 13:00:00+00:00,9241.0
2023-09-18 14:00:00+00:00,7099.0
2023-09-18 15:00:00+00:00,3956.0
2023-09-18 16:00:00+00:00,2679.0
2023-09-18 17:00:00+00:00,811.0
2023-09-18 18:00:00+00:00,0.0
2023-09-18 19:00:00+00:00,0.0
2023-09-18 20:00:00+00:00,0.0
2023-09-18 21:00:00+00:00,0.0
2023-09-18 22:00:00+00:00,0.0
2023-09-18 23:00:00+00:00,0.0
2023-09-19 00:00:00+00:00,0.0
2023-09-19 01:00:00+00:00,0.0
2023-09-19 02:00:00+00:00,0.0
2023-09-19 03:00:00+00:00,0.0
2023-09-19 04:00:00+00:00,0.0
2023-09-19 05:00:00+00:00,47.0
2023-09-19 06:00:00+00:00,943.0
2023-09-19 07:00:00+00:00,3191.0
2023-09-19 08:00:00+00:00,6185.0
2023-09-19 09:00:00+00:00,8423.0
2023-09-19 10:00:00+00:00,9578.0
2023-09-19 11:00:00+00:00,8452.0
2023-09-19 12:00:00+00:00,6307.0
2023-09-19 13:00:00+00:00,3860.0
2023-09-19 14:00:00+00:00,2771.0
2023-09-19 15:00:00+00:00,1642.0
2023-09-19 16:00:00+00:00,666.0
2023-09-19 17:00:00+00:00,114.0
2023-09-19 18:00:00+00:00,0.0
2023-09-19 19:00:00+00:00,0.0
2023-09-19 20:00:00+00:00,0.0
2023-09-19 21:00:00+00:00,0.0
2023-09-19 22:00:00+00:00,0.0
2023-09-19 23:00:00+00:00,0.0
2023-09-20 00:00:00+00:00,0.0
2023-09-20 01:00:00+00:00,0.0
2023-09-20 02:00:00+00:00,0.0
2023-09-20 03:00:00+00:00,0.0
2023-09-20 04:00:00+00:00,0.0
2023-09-20 05:00:00+00:00,42.0
2023-09-20 06:00:00+00:00,984.0
2023-09-20 07:00:00+00:00,2810.0
2023-09-20 08:00:00+00:00,4045.0
2023-09-20 09:00:00+00:00,4403.0
2023-09-20 10:00:00+00:00,5203.0
2023-09-20 11:00:00+00:00,6567.0
2023-09-20 12:00:00+00:00,7634.0
2023-09-20 13:00:00+00:00,8137.0
2023-09-20 14:00:00+00:00,6091.0
2023-09-20 15:00:00+00:00,3554.0
2023-09-20 16:00:00+00:00,1870.0
2023-09-20 17:00:00+00:00,437.0
2023-09-20 18:00:00+00:00,0.0
2023-09-20 19:00:00+00:00,0.0
2023-09-20 20:00:00+00:00,0.0
2023-09-20 21:00:00+00:00,0.0
2023-09-20 22:00:00+00:00,0.0
2023-09-20 23:00:00+00:00,0.0
2023-09-21 00:00:00+00:00,0.0
2023-09-21 01:00:00+00:00,0.0
2023-09-21 02:00:00+00:00,0.0
2023-09-21 03:00:00+00:00,0.0
2023-09-21 04:00:00+00:00,0.0
2023-09-21 05:00:00+00:00,56.0
2023-09-21 06:00:00+00:00,503.0
2023-09-21 07:00:00+00:00,983.0
2023-09-21 08:00:00+00:00,1614.0
2023-09-21 09:00:00+00:00,1880.0
2023-09-21 10:00:00+00:00,2159.0
2023-09-21 11:00:00+00:00,2846.0
2023-09-21 12:00:00+00:00,2819.0
2023-09-21 13:00:00+00:00,2737.0
2023-09-21 14:00:00+00:00,1896.0
2023-09-21 15:00:00+00:00,1052.0
2023-09-21 16:00:00+00:00,462.0
2023-09-21 17:00:00+00:00,106.0
2023-09-21 18:00:00+00:00,0.0
2023-09-21 19:00:00+00:00,0.0
2023-09-21 20:00:00+00:00,0.0
2023-09-21 21:00:00+00:00,0.0
2023-09-21 22:00:00+00:00,0.0
2023-09-21 23:00:00+00:00,0.0
2023-09-22 00:00:00+00:00,0.0
2023-09-22 01:00:00+00:00,0.0
2023-09-22 02:00:00+00:00,0.0
2023-09-22 03:00:00+00:00,0.0
2023-09-22 04:00:00+00:00,0.0
2023-09-22 05:00:00+00:00,21.0
2023-09-22 06:00:00+00:00,885.0
2023-09-22 07:00:00+00:00,2876.0
2023-09-22 08:00:00+00:00,5177.0
2023-09-22 09:00:00+00:00,7731.0
2023-09-22 10:00:00+00:00,10240.0
2023-09-22 11:00:00+00:00,10195.0
2023-09-22 12:00:00+00:00,8044.0
2023-09-22 13:00:00+00:00,4962.0
2023-09-22 14:00:00+00:00,3900.0
2023-09-22 15:00:00+00:00,2072.0
2023-09-22 16:00:00+00:00,1078.0
2023-09-22 17:00:00+00:00,147.0
2023-09-22 18:00:00+00:00,0.0
2023-09-22 19:00:00+00:00,0.0
2023-09-22 20:00:00+00:00,0.0
2023-09-22 21:00:00+00:00,0.0
2023-09-22 22:00:00+00:00,0.0
2023-09-22 23:00:00+00:00,0.0
2023-09-23 00:00:00+00:00,0.0
2023-09-23 01:00:00+00:00,0.0
2023-09-23 02:00:00+00:00,0.0
2023-09-23 03:00:00+00:00,0.0
2023-09-23 04:00:00+00:00,0.0
2023-09-23 05:00:00+00:00,28.0
2023-09-23 06:00:00+00:00,911.0
2023-09-23 07:00:00+00:00,3120.0
2023-09-23 08:00:00+00:00,5578.0
2023-09-23 09:00:00+00:00,7325.0
2023-09-23 10:00:00+00:00,6621.0
2023-09-23 11:00:00+00:00,7552.0
2023-09-23 12:00:00+00:00,7619.0
2023-09-23 13:00:00+00:00,7509.0
2023-09-23 14:00:00+00:00,5128.0
2023-09-23 15:00:00+00:00,3979.0
2023-09-23 16:00:00+00:00,2298.0
2023-09-23 17:00:00+00:00,418.0
2023-09-23 18:00:00+00:00,0.0
2023-09-23 19:00:00+00:00,0.0
2023-09-23 20:00:00+00:00,0.0
2023-09-23 21:00:00+00:00,0.0
2023-09-23 22:00:00+00:00,0.0
2023-09-23 23:00:00+00:00,0.0
2023-09-24 00:00:00+00:00,0.0
2023-09-24 01:00:00+00:00,0.0
2023-09-24 02:00:00+00:00,0.0
2023-09-24 03:00:00+00:00,0.0
2023-09-24 04:00:00+00:00,0.0
2023-09-24 05:00:00+00:00,43.0
2023-09-24 06:00:00+00:00,1193.0
2023-09-24 07:00:00+00:00,4046.0
2023-09-24 08:00:00+00:00,7837.0
2023-09-24 09:00:00+00:00,10541.0
2023-09-24 10:00:00+00:00,12437.0
2023-09-24 11:00:00+00:00,12920.0
2023-09-24 12:00:00+00:00,12729.0
2023-09-24 13:00:00+00:00,11724.0
2023-09-24 14:00:00+00:00,9457.0
2023-09-24 15:00:00+00:00,6337.0
2023-09-24 16:00:00+00:00,2938.0
2023-09-24 17:00:00+00:00,316.0
2023-09-24 18:00:00+00:00,0.0
2023-09-24 19:00:00+00:00,0.0
2023-09-24 20:00:00+00:00,0.0
2023-09-24 21:00:00+00:00,0.0
2023-09-24 22:00:00+00:00,0.0
2023-09-24 23:00:00+00:00,0.0
2023-09-25 00:00:00+00:00,0.0
2023-09-25 01:00:00+00:00,0.0
2023-09-25 02:00:00+00:00,0.0
2023-09-25 03:00:00+00:00,0.0
2023-09-25 04:00:00+00:00,0.0
2023-09-25 05:00:00+00:00,21.0
2023-09-25 06:00:00+00:00,802.0
2023-09-25 07:00:00+00:00,3087.0
2023-09-25 08:00:00+00:00,6091.0
2023-09-25 09:00:00+00:00,8904.0
2023-09-25 10:00:00+00:00,10026.0
2023-09-25 11:00:00+00:00,10789.0
2023-09-25 12:00:00+00:00,9463.0
2023-09-25 13:00:00+00:00,8764.0
2023-09-25 14:00:00+00:00,7494.0
2023-09-25 15:00:00+00:00,4849.0
2023-09-25 16:00:00+00:00,1904.0
2023-09-25 17:00:00+00:00,130.0
2023-09-25 18:00:00+00:00,0.0
2023-09-25 19:00:00+00:00,0.0
2023-09-25 20:00:00+00:00,0.0
2023-09-25 21:00:00+00:00,0.0
2023-09-25 22:00:00+00:00,0.0
2023-09-25 23:00:00+00:00,0.0
2023-09-26 00:00:00+00:00,0.0
2023-09-26 01:00:00+00:00,0.0
2023-09-26 02:00:00+00:00,0.0
2023-09-26 03:00:00+00:00,0.0
2023-09-26 04:00:00+00:00,0.0
2023-09-26 05:00:00+00:00,33.0
2023-09-26 06:00:00+00:00,867.0
2023-09-26 07:00:00+00:00,2829.0
2023-09-26 08:00:00+00:00,5501.0
2023-09-26 09:00:00+00:00,7676.0
2023-09-26 10:00:00+00:00,9212.0
2023-09-26 11:00:00+00:00,9518.0
2023-09-26 12:00:00+00:00,9313.0
2023-09-26 13:00:00+00:00,7263.0
2023-09-26 14:00:00+00:00,5535.0
2023-09-26 15:00:00+00:00,3455.0
2023-09-26 16:00:00+00:00,1751.0
2023-09-26 17:00:00+00:00,228.0
2023-09-26 18:00:00+00:00,0.0
2023-09-26 19:00:00+00:00,0.0
2023-09-26 20:00:00+00:00,0.0
2023-09-26 21:00:00+00:00,0.0
2023-09-26 22:00:00+00:00,0.0
2023-09-26 23:00:00+00:00,0.0
2023-09-27 00:00:00+00:00,0.0
2023-09-27 01:00:00+00:00,0.0
2023-09-27 02:00:00+00:00,0.0
2023-09-27 03:00:00+00:00,0.0
2023-09-27 04:00:00+00:00,0.0
2023-09-27 05:00:00+00:00,24.0
2023-09-27 06:00:00+00:00,798.0
2023-09-27 07:00:00+00:00,2535.0
2023-09-27 08:00:00+00:00,5189.0
2023-09-27 09:00:00+00:00,6699.0
2023-09-27 10:00:00+00:00,7787.0
2023-09-27 11:00:00+00:00,9114.0
2023-09-27 12:00:00+00:00,10137.0
2023-09-27 13:00:00+00:00,9680.0
2023-09-27 14:00:00+00:00,6880.0
2023-09-27 15:00:00+00:00,2793.0
2023-09-27 16:00:00+00:00,1062.0
2023-09-27 17:00:00+00:00,114.0
2023-09-27 18:00:00+00:00,0.0
2023-09-27 19:00:00+00:00,0.0
2023-09-27 20:00:00+00:00,0.0
2023-09-27 21:00:00+00:00,0.0
2023-09-27 22:00:00+00:00,0.0
2023-09-27 23:00:00+00:00,0.0
2023-09-28 00:00:00+00:00,0.0
2023-09-28 01:00:00+00:00,0.0
2023-09-28 02:00:00+00:00,0.0
2023-09-28 03:00:00+00:00,0.0
2023-09-28 04:00:00+00:00,0.0
2023-09-28 05:00:00+00:00,8.0
2023-09-28 06:00:00+00:00,646.0
2023-09-28 07:00:00+00:00,2602.0
2023-09-28 08:00:00+00:00,4994.0
2023-09-28 09:00:00+00:00,6524.0
2023-09-28 10:00:00+00:00,7422.0
2023-09-28 11:00:00+00:00,6775.0
2023-09-28 12:00:00+00:00,6948.0
2023-09-28 13:00:00+00:00,6104.0
2023-09-28 14:00:00+00:00,4426.0
2023-09-28 15:00:00+00:00,2938.0
2023-09-28 16:00:00+00:00,1424.0
2023-09-28 17:00:00+00:00,187.0
2023-09-28 18:00:00+00:00,0.0
2023-09-28 19:00:00+00:00,0.0
2023-09-28 20:00:00+00:00,0.0
2023-09-28 21:00:00+00:00,0.0
2023-09-28 22:00:00+00:00,0.0
2023-09-28 23:00:00+00:00,0.0
2023-09-29 00:00:00+00:00,0.0
2023-09-29 01:00:00+00:00,0.0
2023-09-29 02:00:00+00:00,0.0
2023-09-29 03:00:00+00:00,0.0
2023-09-29 04:00:00+00:00,0.0
2023-09-29 05:00:00+00:00,4.0
2023-09-29 06:00:00+00:00,270.0
2023-09-29 07:00:00+00:00,1554.0
2023-09-29 08:00:00+00:00,3907.0
2023-09-29 09:00:00+00:00,4856.0
2023-09-29 10:00:00+00:00,4259.0
2023-09-29 11:00:00+00:00,4200.0
2023-09-29 12:00:00+00:00,5146.0
2023-09-29 13:00:00+00:00,4273.0
2023-09-29 14:00:00+00:00,4490.0
2023-09-29 15:00:00+00:00,3970.0
2023-09-29 16:00:00+00:00,1924.0
2023-09-29 17:00:00+00:00,163.0
2023-09-29 18:00:00+00:00,0.0
2023-09-29 19:00:00+00:00,0.0
2023-09-29 20:00:00+00:00,0.0
2023-09-29 21:00:00+00:00,0.0
2023-09-29 22:00:00+00:00,0.0
2023-09-29 23:00:00+00:00,0.0
2023-09-30 00:00:00+00:00,0.0
2023-09-30 01:00:00+00:00,0.0
2023-09-30 02:00:00+00:00,0.0
2023-09-30 03:00:00+00:00,0.0
2023-09-30 04:00:00+00:00,0.0
2023-09-30 05:00:00+00:00,6.0
2023-09-30 06:00:00+00:00,610.0
2023-09-30 07:00:00+00:00,2905.0
2023-09-30 08:00:00+00:00,6334.0
2023-09-30 09:00:00+00:00,9016.0
2023-09-30 10:00:00+00:00,10708.0
2023-09-30 11:00:00+00:00,10148.0
2023-09-30 12:00:00+00:00,8844.0
2023-09-30 13:00:00+00:00,7800.0
2023-09-30 14:00:00+00:00,5772.0
2023-09-30 15:00:00+00:00,3369.0
2023-09-30 16:00:00+00:00,1332.0
2023-09-30 17:00:00+00:00,78.0
2023-09-30 18:00:00+00:00,0.0
2023-09-30 19:00:00+00:00,0.0
2023-09-30 20:00:00+00:00,0.0
2023-09-30 21:00:00+00:00,0.0
2023-09-30 22:00:00+00:00,0.0
2023-09-30 23:00:00+00:00,0.0
2023-10-01 00:00:00+00:00,0.0
2023-10-01 01:00:00+00:00,0.0
2023-10-01 02:00:00+00:00,0.0
2023-10-01 03:00:00+00:00,0.0
2023-10-01 04:00:00+00:00,0.0
2023-10-01 05:00:00+00:00,3.0
2023-10-01 06:00:00+00:00,451.0
2023-10-01 07:00:00+00:00,2474.0
2023-10-01 08:00:00+00:00,5506.0
2023-10-01 09:00:00+00:00,8427.0
2023-10-01 10:00:00+00:00,10347.0
2023-10-01 11:00:00+00:00,11121.0
2023-10-01 12:00:00+00:00,10590.0
2023-10-01 13:00:00+00:00,9118.0
2023-10-01 14:00:00+00:00,6757.0
2023-10-01 15:00:00+00:00,4467.0
2023-10-01 16:00:00+00:00,1725.0
2023-10-01 17:00:00+00:00,111.0
2023-10-01 18:00:00+00:00,0.0
2023-10-01 19:00:00+00:00,0.0
2023-10-01 20:00:00+00:00,0.0
2023-10-01 21:00:00+00:00,0.0
2023-10-01 22:00:00+00:00,0.0
2023-10-01 23:00:00+00:00,0.0
2023-10-02 00:00:00+00:00,0.0
2023-10-02 01:00:00+00:00,0.0
2023-10-02 02:00:00+00:00,0.0
2023-10-02 03:00:00+00:00,0.0
2023-10-02 04:00:00+00:00,0.0
2023-10-02 05:00:00+00:00,3.0
2023-10-02 06:00:00+00:00,517.0
2023-10-02 07:00:00+00:00,2392.0
2023-10-02 08:00:00+00:00,4710.0
2023-10-02 09:00:00+00:00,6705.0
2023-10-02 10:00:00+00:00,7690.0
2023-10-02 11:00:00+00:00,8378.0
2023-10-02 12:00:00+00:00,8140.0
2023-10-02 13:00:00+00:00,7609.0
2023-10-02 14:00:00+00:00,6266.0
2023-10-02 15:00:00+00:00,4078.0
2023-10-02 16:00:00+00:00,1508.0
2023-10-02 17:00:00+00:00,68.0
2023-10-02 18:00:00+00:00,0.0
2023-10-02 19:00:00+00:00,0.0
2023-10-02 20:00:00+00:00,0.0
2023-10-02 21:00:00+00:00,0.0
2023-10-02 22:00:00+00:00,0.0
2023-10-02 23:00:00+00:00,0.0
2023-10-03 00:00:00+00:00,0.0
2023-10-03 01:00:00+00:00,0.0
2023-10-03 02:00:00+00:00,0.0
2023-10-03 03:00:00+00:00,0.0
2023-10-03 04:00:00+00:00,0.0
2023-10-03 05:00:00+00:00,2.0
2023-10-03 06:00:00+00:00,203.0
2023-10-03 07:00:00+00:00,860.0
2023-10-03 08:00:00+00:00,1547.0
2023-10-03 09:00:00+00:00,2497.0
2023-10-03 10:00:00+00:00,2865.0
2023-10-03 11:00:00+00:00,3466.0
2023-10-03 12:00:00+00:00,4603.0
2023-10-03 13:00:00+00:00,5921.0
2023-10-03 14:00:00+00:00,6172.0
2023-10-03 15:00:00+00:00,4168.0
2023-10-03 16:00:00+00:00,1455.0
2023-10-03 17:00:00+00:00,58.0
2023-10-03 18:00:00+00:00,0.0
2023-10-03 19:00:00+00:00,0.0
2023-10-03 20:00:00+00:00,0.0
2023-10-03 21:00:00+00:00,0.0
2023-10-03 22:00:00+00:00,0.0
2023-10-03 23:00:00+00:00,0.0
2023-10-04 00:00:00+00:00,0.0
2023-10-04 01:00:00+00:00,0.0
2023-10-04 02:00:00+00:00,0.0
2023-10-04 03:00:00+00:00,0.0
2023-10-04 04:00:00+00:00,0.0
2023-10-04 05:00:00+00:00,2.0
2023-10-04 06:00:00+00:00,493.0
2023-10-04 07:00:00+00:00,2848.0
2023-10-04 08:00:00+00:00,5539.0
2023-10-04 09:00:00+00:00,7439.0
2023-10-04 10:00:00+00:00,7627.0
2023-10-04 11:00:00+00:00,7111.0
2023-10-04 12:00:00+00:00,6347.0
2023-10-04 13:00:00+00:00,5181.0
2023-10-04 14:00:00+00:00,4328.0
2023-10-04 15:00:00+00:00,3353.0
2023-10-04 16:00:00+00:00,1284.0
2023-10-04 17:00:00+00:00,45.0
2023-10-04 18:00:00+00:00,0.0
2023-10-04 19:00:00+00:00,0.0
2023-10-04 20:00:00+00:00,0.0
2023-10-04 21:00:00+00:00,0.0
2023-10-04 22:00:00+00:00,0.0
2023-10-04 23:00:00+00:00,0.0
2023-10-05 00:00:00+00:00,0.0
2023-10-05 01:00:00+00:00,0.0
2023-10-05 02:00:00+00:00,0.0
2023-10-05 03:00:00+00:00,0.0
2023-10-05 04:00:00+00:00,0.0
2023-10-05 05:00:00+00:00,2.0
2023-10-05 06:00:00+00:00,306.0
2023-10-05 07:00:00+00:00,1430.0
2023-10-05 08:00:00+00:00,3444.0
2023-10-05 09:00:00+00:00,4185.0
2023-10-05 10:00:00+00:00,5670.0
2023-10-05 11:00:00+00:00,7749.0
2023-10-05 12:00:00+00:00,8060.0
2023-10-05 13:00:00+00:00,7188.0
2023-10-05 14:00:00+00:00,6556.0
2023-10-05 15:00:00+00:00,3571.0
2023-10-05 16:00:00+00:00,1133.0
2023-10-05 17:00:00+00:00,26.0
2023-10-05 18:00:00+00:00,0.0
2023-10-05 19:00:00+00:00,0.0
2023-10-05 20:00:00+00:00,0.0
2023-10-05 21:00:00+00:00,0.0
2023-10-05 22:00:00+00:00,0.0
2023-10-05 23:00:00+00:00,0.0
2023-10-06 00:00:00+00:00,0.0
2023-10-06 01:00:00+00:00,0.0
2023-10-06 02:00:00+00:00,0.0
2023-10-06 03:00:00+00:00,0.0
2023-10-06 04:00:00+00:00,0.0
2023-10-06 05:00:00+00:00,4.0
2023-10-06 06:00:00+00:00,423.0
2023-10-06 07:00:00+00:00,2038.0
2023-10-06 08:00:00+00:00,4673.0
2023-10-06 09:00:00+00:00,6279.0
2023-10-06 10:00:00+00:00,7832.0
2023-10-06 11:00:00+00:00,8348.0
2023-10-06 12:00:00+00:00,9357.0
2023-10-06 13:00:00+00:00,7924.0
2023-10-06 14:00:00+00:00,5623.0
2023-10-06 15:00:00+00:00,2923.0
2023-10-06 16:00:00+00:00,1060.0
2023-10-06 17:00:00+00:00,44.0
2023-10-06 18:00:00+00:00,0.0
2023-10-06 19:00:00+00:00,0.0
2023-10-06 20:00:00+00:00,0.0
2023-10-06 21:00:00+00:00,0.0
2023-10-06 22:00:00+00:00,0.0
2023-10-06 23:00:00+00:00,0.0
2023-10-07 00:00:00+00:00,0.0
2023-10-07 01:00:00+00:00,0.0
2023-10-07 02:00:00+00:00,0.0
2023-10-07 03:00:00+00:00,0.0
2023-10-07 04:00:00+00:00,0.0
2023-10-07 05:00:00+00:00,0.0
2023-10-07 06:00:00+00:00,205.0
2023-10-07 07:00:00+00:00,1348.0
2023-10-07 08:00:00+00:00,4412.0
2023-10-07 09:00:00+00:00,7643.0
2023-10-07 10:00:00+00:00,8400.0
2023-10-07 11:00:00+00:00,9147.0
2023-10-07 12:00:00+00:00,8526.0
2023-10-07 13:00:00+00:00,6817.0
2023-10-07 14:00:00+00:00,4904.0
2023-10-07 15:00:00+00:00,2737.0
2023-10-07 16:00:00+00:00,905.0
2023-10-07 17:00:00+00:00,15.0
2023-10-07 18:00:00+00:00,0.0
2023-10-07 19:00:00+00:00,0.0
2023-10-07 20:00:00+00:00,0.0
2023-10-07 21:00:00+00:00,0.0
2023-10-07 22:00:00+00:00,0.0
2023-10-07 23:00:00+00:00,0.0
2023-10-08 00:00:00+00:00,0.0
2023-10-08 01:00:00+00:00,0.0
2023-10-08 02:00:00+00:00,0.0
2023-10-08 03:00:00+00:00,0.0
2023-10-08 04:00:00+00:00,0.0
2023-10-08 05:00:00+00:00,0.0
2023-10-08 06:00:00+00:00,177.0
2023-10-08 07:00:00+00:00,1222.0
2023-10-08 08:00:00+00:00,3201.0
2023-10-08 09:00:00+00:00,5193.0
2023-10-08 10:00:00+00:00,7359.0
2023-10-08 11:00:00+00:00,7912.0
2023-10-08 12:00:00+00:00,7431.0
2023-10-08 13:00:00+00:00,6028.0
2023-10-08 14:00:00+00:00,3996.0
2023-10-08 15:00:00+00:00,2869.0
2023-10-08 16:00:00+00:00,645.0
2023-10-08 17:00:00+00:00,9.0
2023-10-08 18:00:00+00:00,0.0
2023-10-08 19:00:00+00:00,0.0
2023-10-08 20:00:00+00:00,0.0
2023-10-08 21:00:00+00:00,0.0
2023-10-08 22:00:00+00:00,0.0
2023-10-08 23:00:00+00:00,0.0
2023-10-09 00:00:00+00:00,0.0
2023-10-09 01:00:00+00:00,0.0
2023-10-09 02:00:00+00:00,0.0
2023-10-09 03:00:00+00:00,0.0
2023-10-09 04:00:00+00:00,0.0
2023-10-09 05:00:00+00:00,0.0
2023-10-09 06:00:00+00:00,101.0
2023-10-09 07:00:00+00:00,758.0
2023-10-09 08:00:00+00:00,2119.0
2023-10-09 09:00:00+00:00,3887.0
2023-10-09 10:00:00+00:00,4591.0
2023-10-09 11:00:00+00:00,4973.0
2023-10-09 12:00:00+00:00,4702.0
2023-10-09 13:00:00+00:00,4448.0
2023-10-09 14:00:00+00:00,3786.0
2023-10-09 15:00:00+00:00,2104.0
2023-10-09 16:00:00+00:00,744.0
2023-10-09 17:00:00+00:00,0.0
2023-10-09 18:00:00+00:00,0.0
2023-10-09 19:00:00+00:00,0.0
2023-10-09 20:00:00+00:00,0.0
2023-10-09 21:00:00+00:00,0.0
2023-10-09 22:00:00+00:00,0.0
2023-10-09 23:00:00+00:00,0.0
2023-10-10 00:00:00+00:00,0.0
2023-10-10 01:00:00+00:00,0.0
2023-10-10 02:00:00+00:00,0.0
2023-10-10 03:00:00+00:00,0.0
2023-10-10 04:00:00+00:00,0.0
2023-10-10 05:00:00+00:00,0.0
2023-10-10 06:00:00+00:00,247.0
2023-10-10 07:00:00+00:00,1907.0
2023-10-10 08:00:00+00:00,4302.0
2023-10-10 09:00:00+00:00,7168.0
2023-10-10 10:00:00+00:00,9447.0
2023-10-10 11:00:00+00:00,10635.0
2023-10-10 12:00:00+00:00,10008.0
2023-10-10 13:00:00+00:00,7458.0
2023-10-10 14:00:00+00:00,5191.0
2023-10-10 15:00:00+00:00,3120.0
2023-10-10 16:00:00+00:00,872.0
2023-10-10 17:00:00+00:00,0.0
2023-10-10 18:00:00+00:00,0.0
2023-10-10 19:00:00+00:00,0.0
2023-10-10 20:00:00+00:00,0.0
2023-10-10 21:00:00+00:00,0.0
2023-10-10 22:00:00+00:00,0.0
2023-10-10 23:00:00+00:00,0.0
2023-10-11 00:00:00+00:00,0.0
2023-10-11 01:00:00+00:00,0.0
2023-10-11 02:00:00+00:00,0.0
2023-10-11 03:00:00+00:00,0.0
2023-10-11 04:00:00+00:00,0.0
2023-10-11 05:00:00+00:00,0.0
2023-10-11 06:00:00+00:00,209.0
2023-10-11 07:00:00+00:00,1232.0
2023-10-11 08:00:00+00:00,2438.0
2023-10-11 09:00:00+00:00,3345.0
2023-10-11 10:00:00+00:00,4529.0
2023-10-11 11:00:00+00:00,5848.0
2023-10-11 12:00:00+00:00,5509.0
2023-10-11 13:00:00+00:00,4690.0
2023-10-11 14:00:00+00:00,3539.0
2023-10-11 15:00:00+00:00,1679.0
2023-10-11 16:00:00+00:00,396.0
2023-10-11 17:00:00+00:00,0.0
2023-10-11 18:00:00+00:00,0.0
2023-10-11 19:00:00+00:00,0.0
2023-10-11 20:00:00+00:00,0.0
2023-10-11 21:00:00+00:00,0.0
2023-10-11 22:00:00+00:00,0.0
2023-10-11 23:00:00+00:00,0.0
2023-10-12 00:00:00+00:00,0.0
2023-10-12 01:00:00+00:00,0.0
2023-10-12 02:00:00+00:00,0.0
2023-10-12 03:00:00+00:00,0.0
2023-10-12 04:00:00+00:00,0.0
2023-10-12 05:00:00+00:00,0.0
2023-10-12 06:00:00+00:00,79.0
2023-10-12 07:00:00+00:00,882.0
2023-10-12 08:00:00+00:00,1861.0
2023-10-12 09:00:00+00:00,2679.0
2023-10-12 10:00:00+00:00,3688.0
2023-10-12 11:00:00+00:00,3359.0
2023-10-12 12:00:00+00:00,2110.0
2023-10-12 13:00:00+00:00,1641.0
2023-10-12 14:00:00+00:00,1155.0
2023-10-12 15:00:00+00:00,704.0
2023-10-12 16:00:00+00:00,291.0
2023-10-12 17:00:00+00:00,0.0
2023-10-12 18:00:00+00:00,0.0
2023-10-12 19:00:00+00:00,0.0
2023-10-12 20:00:00+00:00,0.0
2023-10-12 21:00:00+00:00,0.0
2023-10-12 22:00:00+00:00,0.0
2023-10-12 23:00:00+00:00,0.0
2023-10-13 00:00:00+00:00,0.0
2023-10-13 01:00:00+00:00,0.0
2023-10-13 02:00:00+00:00,0.0
2023-10-13 03:00:00+00:00,0.0
2023-10-13 04:00:00+00:00,0.0
2023-10-13 05:00:00+00:00,0.0
2023-10-13 06:00:00+00:00,83.0
2023-10-13 07:00:00+00:00,651.0
2023-10-13 08:00:00+00:00,1926.0
2023-10-13 09:00:00+00:00,3153.0
2023-10-13 10:00:00+00:00,3742.0
2023-10-13 11:00:00+00:00,3803.0
2023-10-13 12:00:00+00:00,3185.0
2023-10-13 13:00:00+00:00,2108.0
2023-10-13 14:00:00+00:00,1329.0
2023-10-13 15:00:00+00:00,687.0
2023-10-13 16:00:00+00:00,272.0
2023-10-13 17:00:00+00:00,0.0
2023-10-13 18:00:00+00:00,0.0
2023-10-13 19:00:00+00:00,0.0
2023-10-13 20:00:00+00:00,0.0
2023-10-13 21:00:00+00:00,0.0
2023-10-13 22:00:00+00:00,0.0
2023-10-13 23:00:00+00:00,0.0
2023-10-14 00:00:00+00:00,0.0
2023-10-14 01:00:00+00:00,0.0
2023-10-14 02:00:00+00:00,0.0
2023-10-14 03:00:00+00:00,0.0
2023-10-14 04:00:00+00:00,0.0
2023-10-14 05:00:00+00:00,0.0
2023-10-14 06:00:00+00:00,234.0
2023-10-14 07:00:00+00:00,2307.0
2023-10-14 08:00:00+00:00,5645.0
2023-10-14 09:00:00+00:00,8611.0
2023-10-14 10:00:00+00:00,9351.0
2023-10-14 11:00:00+00:00,9782.0
2023-10-14 12:00:00+00:00,8316.0
2023-10-14 13:00:00+00:00,7792.0
2023-10-14 14:00:00+00:00,5608.0
2023-10-14 15:00:00+00:00,3142.0
2023-10-14 16:00:00+00:00,810.0
2023-10-14 17:00:00+00:00,0.0
2023-10-14 18:00:00+00:00,0.0
2023-10-14 19:00:00+00:00,0.0
2023-10-14 20:00:00+00:00,0.0
2023-10-14 21:00:00+00:00,0.0
2023-10-14 22:00:00+00:00,0.0
2023-10-14 23:00:00+00:00,0.0
2023-10-15 00:00:00+00:00,0.0
2023-10-15 01:00:00+00:00,0.0
2023-10-15 02:00:00+00:00,0.0
2023-10-15 03:00:00+00:00,0.0
2023-10-15 04:00:00+00:00,0.0
2023-10-15 05:00:00+00:00,0.0
2023-10-15 06:00:00+00:00,119.0
2023-10-15 07:00:00+00:00,1120.0
2023-10-15 08:00:00+00:00,2961.0
2023-10-15 09:00:00+00:00,5327.0
2023-10-15 10:00:00+00:00,7758.0
2023-10-15 11:00:00+00:00,8558.0
2023-10-15 12:00:00+00:00,8543.0
2023-10-15 13:00:00+00:00,7561.0
2023-10-15 14:00:00+00:00,5654.0
2023-10-15 15:00:00+00:00,2934.0
2023-10-15 16:00:00+00:00,670.0
2023-10-15 17:00:00+00:00,0.0
2023-10-15 18:00:00+00:00,0.0
2023-10-15 19:00:00+00:00,0.0
2023-10-15 20:00:00+00:00,0.0
2023-10-15 21:00:00+00:00,0.0
2023-10-15 22:00:00+00:00,0.0
2023-10-15 23:00:00+00:00,0.0
2023-10-16 00:00:00+00:00,0.0
2023-10-16 01:00:00+00:00,0.0
2023-10-16 02:00:00+00:00,0.0
2023-10-16 03:00:00+00:00,0.0
2023-10-16 04:00:00+00:00,0.0
2023-10-16 05:00:00+00:00,0.0
2023-10-16 06:00:00+00:00,165.0
2023-10-16 07:00:00+00:00,1413.0
2023-10-16 08:00:00+00:00,3882.0
2023-10-16 09:00:00+00:00,6483.0
2023-10-16 10:00:00+00:00,8018.0
2023-10-16 11:00:00+00:00,8316.0
2023-10-16 12:00:00+00:00,6705.0
2023-10-16 13:00:00+00:00,5708.0
2023-10-16 14:00:00+00:00,4534.0
2023-10-16 15:00:00+00:00,2414.0
2023-10-16 16:00:00+00:00,522.0
2023-10-16 17:00:00+00:00,0.0
2023-10-16 18:00:00+00:00,0.0
2023-10-16 19:00:00+00:00,0.0
2023-10-16 20:00:00+00:00,0.0
2023-10-16 21:00:00+00:00,0.0
2023-10-16 22:00:00+00:00,0.0
2023-10-16 23:00:00+00:00,0.0
2023-10-17 00:00:00+00:00,0.0
2023-10-17 01:00:00+00:00,0.0
2023-10-17 02:00:00+00:00,0.0
2023-10-17 03:00:00+00:00,0.0
2023-10-17 04:00:00+00:00,0.0
2023-10-17 05:00:00+00:00,0.0
2023-10-17 06:00:00+00:00,109.0
2023-10-17 07:00:00+00:00,1583.0
2023-10-17 08:00:00+00:00,4892.0
2023-10-17 09:00:00+00:00,8748.0
2023-10-17 10:00:00+00:00,10781.0
2023-10-17 11:00:00+00:00,11346.0
2023-10-17 12:00:00+00:00,10811.0
2023-10-17 13:00:00+00:00,9164.0
2023-10-17 14:00:00+00:00,6764.0
2023-10-17 15:00:00+00:00,3540.0
2023-10-17 16:00:00+00:00,479.0
2023-10-17 17:00:00+00:00,0.0
2023-10-17 18:00:00+00:00,0.0
2023-10-17 19:00:00+00:00,0.0
2023-10-17 20:00:00+00:00,0.0
2023-10-17 21:00:00+00:00,0.0
2023-10-17 22:00:00+00:00,0.0
2023-10-17 23:00:00+00:00,0.0
2023-10-18 00:00:00+00:00,0.0
2023-10-18 01:00:00+00:00,0.0
2023-10-18 02:00:00+00:00,0.0
2023-10-18 03:00:00+00:00,0.0
2023-10-18 04:00:00+00:00,0.0
2023-10-18 05:00:00+00:00,0.0
2023-10-18 06:00:00+00:00,103.0
2023-10-18 07:00:00+00:00,1346.0
2023-10-18 08:00:00+00:00,3832.0
2023-10-18 09:00:00+00:00,6173.0
2023-10-18 10:00:00+00:00,7741.0
2023-10-18 11:00:00+00:00,8793.0
2023-10-18 12:00:00+00:00,7776.0
2023-10-18 13:00:00+00:00,6499.0
2023-10-18 14:00:00+00:00,3877.0
2023-10-18 15:00:00+00:00,1509.0
2023-10-18 16:00:00+00:00,233.0
2023-10-18 17:00:00+00:00,0.0
2023-10-18 18:00:00+00:00,0.0
2023-10-18 19:00:00+00:00,0.0
2023-10-18 20:00:00+00:00,0.0
2023-10-18 21:00:00+00:00,0.0
2023-10-18 22:00:00+00:00,0.0
2023-10-18 23:00:00+00:00,0.0
2023-10-19 00:00:00+00:00,0.0
2023-10-19 01:00:00+00:00,0.0
2023-10-19 02:00:00+00:00,0.0
2023-10-19 03:00:00+00:00,0.0
2023-10-19 04:00:00+00:00,0.0
2023-10-19 05:00:00+00:00,0.0
2023-10-19 06:00:00+00:00,64.0
2023-10-19 07:00:00+00:00,642.0
2023-10-19 08:00:00+00:00,1888.0
2023-10-19 09:00:00+00:00,4271.0
2023-10-19 10:00:00+00:00,4746.0
2023-10-19 11:00:00+00:00,4899.0
2023-10-19 12:00:00+00:00,3380.0
2023-10-19 13:00:00+00:00,2297.0
2023-10-19 14:00:00+00:00,1634.0
2023-10-19 15:00:00+00:00,1753.0
2023-10-19 16:00:00+00:00,301.0
2023-10-19 17:00:00+00:00,0.0
2023-10-19 18:00:00+00:00,0.0
2023-10-19 19:00:00+00:00,0.0
2023-10-19 20:00:00+00:00,0.0
2023-10-19 21:00:00+00:00,0.0
2023-10-19 22:00:00+00:00,0.0
2023-10-19 23:00:00+00:00,0.0
2023-10-20 00:00:00+00:00,0.0
2023-10-20 01:00:00+00:00,0.0
2023-10-20 02:00:00+00:00,0.0
2023-10-20 03:00:00+00:00,0.0
2023-10-20 04:00:00+00:00,0.0
2023-10-20 05:00:00+00:00,0.0
2023-10-20 06:00:00+00:00,12.0
2023-10-20 07:00:00+00:00,157.0
2023-10-20 08:00:00+00:00,480.0
2023-10-20 09:00:00+00:00,858.0
2023-10-20 10:00:00+00:00,1222.0
2023-10-20 11:00:00+00:00,1506.0
2023-10-20 12:00:00+00:00,1449.0
2023-10-20 13:00:00+00:00,901.0
2023-10-20 14:00:00+00:00,584.0
2023-10-20 15:00:00+00:00,388.0
2023-10-20 16:00:00+00:00,82.0
2023-10-20 17:00:00+00:00,0.0
2023-10-20 18:00:00+00:00,0.0
2023-10-20 19:00:00+00:00,0.0
2023-10-20 20:00:00+00:00,0.0
2023-10-20 21:00:00+00:00,0.0
2023-10-20 22:00:00+00:00,0.0
2023-10-20 23:00:00+00:00,0.0
2023-10-21 00:00:00+00:00,0.0
2023-10-21 01:00:00+00:00,0.0
2023-10-21 02:00:00+00:00,0.0
2023-10-21 03:00:00+00:00,0.0
2023-10-21 04:00:00+00:00,0.0
2023-10-21 05:00:00+00:00,0.0
2023-10-21 06:00:00+00:00,53.0
2023-10-21 07:00:00+00:00,874.0
2023-10-21 08:00:00+00:00,2825.0
2023-10-21 09:00:00+00:00,4659.0
2023-10-21 10:00:00+00:00,5753.0
2023-10-21 11:00:00+00:00,6248.0
2023-10-21 12:00:00+00:00,6263.0
2023-10-21 13:00:00+00:00,5354.0
2023-10-21 14:00:00+00:00,3031.0
2023-10-21 15:00:00+00:00,1057.0
2023-10-21 16:00:00+00:00,146.0
2023-10-21 17:00:00+00:00,0.0
2023-10-21 18:00:00+00:00,0.0
2023-10-21 19:00:00+00:00,0.0
2023-10-21 20:00:00+00:00,0.0
2023-10-21 21:00:00+00:00,0.0
2023-10-21 22:00:00+00:00,0.0
2023-10-21 23:00:00+00:00,0.0
2023-10-22 00:00:00+00:00,0.0
2023-10-22 01:00:00+00:00,0.0
2023-10-22 02:00:00+00:00,0.0
2023-10-22 03:00:00+00:00,0.0
2023-10-22 04:00:00+00:00,0.0
2023-10-22 05:00:00+00:00,0.0
2023-10-22 06:00:00+00:00,47.0
2023-10-22 07:00:00+00:00,877.0
2023-10-22 08:00:00+00:00,3222.0
2023-10-22 09:00:00+00:00,5372.0
2023-10-22 10:00:00+00:00,6112.0
2023-10-22 11:00:00+00:00,6576.0
2023-10-22 12:00:00+00:00,6767.0
2023-10-22 13:00:00+00:00,5873.0
2023-10-22 14:00:00+00:00,4771.0
2023-10-22 15:00:00+00:00,2338.0
2023-10-22 16:00:00+00:00,285.0
2023-10-22 17:00:00+00:00,0.0
2023-10-22 18:00:00+00:00,0.0
2023-10-22 19:00:00+00:00,0.0
2023-10-22 20:00:00+00:00,0.0
2023-10-22 21:00:00+00:00,0.0
2023-10-22 22:00:00+00:00,0.0
2023-10-22 23:00:00+00:00,0.0
2023-10-23 00:00:00+00:00,0.0
2023-10-23 01:00:00+00:00,0.0
2023-10-23 02:00:00+00:00,0.0
2023-10-23 03:00:00+00:00,0.0
2023-10-23 04:00:00+00:00,0.0
2023-10-23 05:00:00+00:00,0.0
2023-10-23 06:00:00+00:00,101.0
2023-10-23 07:00:00+00:00,1398.0
2023-10-23 08:00:00+00:00,3717.0
2023-10-23 09:00:00+00:00,5507.0
2023-10-23 10:00:00+00:00,5858.0
2023-10-23 11:00:00+00:00,5942.0
2023-10-23 12:00:00+00:00,5419.0
2023-10-23 13:00:00+00:00,4281.0
2023-10-23 14:00:00+00:00,2728.0
2023-10-23 15:00:00+00:00,1014.0
2023-10-23 16:00:00+00:00,85.0
2023-10-23 17:00:00+00:00,0.0
2023-10-23 18:00:00+00:00,0.0
2023-10-23 19:00:00+00:00,0.0
2023-10-23 20:00:00+00:00,0.0
2023-10-23 21:00:00+00:00,0.0
2023-10-23 22:00:00+00:00,0.0
2023-10-23 23:00:00+00:00,0.0
2023-10-24 00:00:00+00:00,0.0
2023-10-24 01:00:00+00:00,0.0
2023-10-24 02:00:00+00:00,0.0
2023-10-24 03:00:00+00:00,0.0
2023-10-24 04:00:00+00:00,0.0
2023-10-24 05:00:00+00:00,0.0
2023-10-24 06:00:00+00:00,20.0
2023-10-24 07:00:00+00:00,380.0
2023-10-24 08:00:00+00:00,2028.0
2023-10-24 09:00:00+00:00,3398.0
2023-10-24 10:00:00+00:00,3062.0
2023-10-24 11:00:00+00:00,2386.0
2023-10-24 12:00:00+00:00,2416.0
2023-10-24 13:00:00+00:00,3884.0
2023-10-24 14:00:00+00:00,3234.0
2023-10-24 15:00:00+00:00,1906.0
2023-10-24 16:00:00+00:00,253.0
2023-10-24 17:00:00+00:00,0.0
2023-10-24 18:00:00+00:00,0.0
2023-10-24 19:00:00+00:00,0.0
2023-10-24 20:00:00+00:00,0.0
2023-10-24 21:00:00+00:00,0.0
2023-10-24 22:00:00+00:00,0.0
2023-10-24 23:00:00+00:00,0.0
2023-10-25 00:00:00+00:00,0.0
2023-10-25 01:00:00+00:00,0.0
2023-10-25 02:00:00+00:00,0.0
2023-10-25 03:00:00+00:00,0.0
2023-10-25 04:00:00+00:00,0.0
2023-10-25 05:00:00+00:00,0.0
2023-10-25 06:00:00+00:00,43.0
2023-10-25 07:00:00+00:00,673.0
2023-10-25 08:00:00+00:00,1568.0
2023-10-25 09:00:00+00:00,2073.0
2023-10-25 10:00:00+00:00,2288.0
2023-10-25 11:00:00+00:00,2173.0
2023-10-25 12:00:00+00:00,1671.0
2023-10-25 13:00:00+00:00,1284.0
2023-10-25 14:00:00+00:00,932.0
2023-10-25 15:00:00+00:00,505.0
2023-10-25 16:00:00+00:00,70.0
2023-10-25 17:00:00+00:00,0.0
2023-10-25 18:00:00+00:00,0.0
2023-10-25 19:00:00+00:00,0.0
2023-10-25 20:00:00+00:00,0.0
2023-10-25 21:00:00+00:00,0.0
2023-10-25 22:00:00+00:00,0.0
2023-10-25 23:00:00+00:00,0.0
2023-10-26 00:00:00+00:00,0.0
2023-10-26 01:00:00+00:00,0.0
2023-10-26 02:00:00+00:00,0.0
2023-10-26 03:00:00+00:00,0.0
2023-10-26 04:00:00+00:00,0.0
2023-10-26 05:00:00+00:00,0.0
2023-10-26 06:00:00+00:00,46.0
2023-10-26 07:00:00+00:00,836.0
2023-10-26 08:00:00+00:00,2354.0
2023-10-26 09:00:00+00:00,4014.0
2023-10-26 10:00:00+00:00,4804.0
2023-10-26 11:00:00+00:00,5327.0
2023-10-26 12:00:00+00:00,5332.0
2023-10-26 13:00:00+00:00,4603.0
2023-10-26 14:00:00+00:00,3007.0
2023-10-26 15:00:00+00:00,1092.0
2023-10-26 16:00:00+00:00,118.0
2023-10-26 17:00:00+00:00,0.0
2023-10-26 18:00:00+00:00,0.0
2023-10-26 19:00:00+00:00,0.0
2023-10-26 20:00:00+00:00,0.0
2023-10-26 21:00:00+00:00,0.0
2023-10-26 22:00:00+00:00,0.0
2023-10-26 23:00:00+00:00,0.0
2023-10-27 00:00:00+00:00,0.0
2023-10-27 01:00:00+00:00,0.0
2023-10-27 02:00:00+00:00,0.0
2023-10-27 03:00:00+00:00,0.0
2023-10-27 04:00:00+00:00,0.0
2023-10-27 05:00:00+00:00,0.0
2023-10-27 06:00:00+00:00,13.0
2023-10-27 07:00:00+00:00,339.0
2023-10-27 08:00:00+00:00,1048.0
2023-10-27 09:00:00+00:00,1809.0
2023-10-27 10:00:00+00:00,2303.0
2023-10-27 11:00:00+00:00,2293.0
2023-10-27 12:00:00+00:00,2079.0
2023-10-27 13:00:00+00:00,2417.0
2023-10-27 14:00:00+00:00,2006.0
2023-10-27 15:00:00+00:00,1141.0
2023-10-27 16:00:00+00:00,137.0
2023-10-27 17:00:00+00:00,0.0
2023-10-27 18:00:00+00:00,0.0
2023-10-27 19:00:00+00:00,0.0
2023-10-27 20:00:00+00:00,0.0
2023-10-27 21:00:00+00:00,0.0
2023-10-27 22:00:00+00:00,0.0
2023-10-27 23:00:00+00:00,0.0
2023-10-28 00:00:00+00:00,0.0
2023-10-28 01:00:00+00:00,0.0
2023-10-28 02:00:00+00:00,0.0
2023-10-28 03:00:00+00:00,0.0
2023-10-28 04:00:00+00:00,0.0
2023-10-28 05:00:00+00:00,0.0
2023-10-28 06:00:00+00:00,26.0
2023-10-28 07:00:00+00:00,624.0
2023-10-28 08:00:00+00:00,1769.0
2023-10-28 09:00:00+00:00,3170.0
2023-10-28 10:00:00+00:00,3921.0
2023-10-28 11:00:00+00:00,5556.0
2023-10-28 12:00:00+00:00,5509.0
2023-10-28 13:00:00+00:00,4561.0
2023-10-28 14:00:00+00:00,2958.0
2023-10-28 15:00:00+00:00,1083.0
2023-10-28 16:00:00+00:00,92.0
2023-10-28 17:00:00+00:00,0.0
2023-10-28 18:00:00+00:00,0.0
2023-10-28 19:00:00+00:00,0.0
2023-10-28 20:00:00+00:00,0.0
2023-10-28 21:00:00+00:00,0.0
2023-10-28 22:00:00+00:00,0.0
2023-10-28 23:00:00+00:00,0.0
2023-10-29 00:00:00+00:00,0.0
2023-10-29 01:00:00+00:00,0.0
2023-10-29 02:00:00+00:00,0.0
2023-10-29 03:00:00+00:00,0.0
2023-10-29 04:00:00+00:00,0.0
2023-10-29 05:00:00+00:00,0.0
2023-10-29 06:00:00+00:00,15.0
2023-10-29 07:00:00+00:00,913.0
2023-10-29 08:00:00+00:00,3785.0
2023-10-29 09:00:00+00:00,5325.0
2023-10-29 10:00:00+00:00,5695.0
2023-10-29 11:00:00+00:00,4710.0
2023-10-29 12:00:00+00:00,4504.0
2023-10-29 13:00:00+00:00,3433.0
2023-10-29 14:00:00+00:00,2068.0
2023-10-29 15:00:00+00:00,1028.0
2023-10-29 16:00:00+00:00,52.0
2023-10-29 17:00:00+00:00,0.0
2023-10-29 18:00:00+00:00,0.0
2023-10-29 19:00:00+00:00,0.0
2023-10-29 20:00:00+00:00,0.0
2023-10-29 21:00:00+00:00,0.0
2023-10-29 22:00:00+00:00,0.0
2023-10-29 23:00:00+00:00,0.0
2023-10-30 00:00:00+00:00,0.0
2023-10-30 01:00:00+00:00,0.0
2023-10-30 02:00:00+00:00,0.0
2023-10-30 03:00:00+00:00,0.0
2023-10-30 04:00:00+00:00,0.0
2023-10-30 05:00:00+00:00,0.0
2023-10-30 06:00:00+00:00,17.0
2023-10-30 07:00:00+00:00,1190.0
2023-10-30 08:00:00+00:00,3607.0
2023-10-30 09:00:00+00:00,4621.0
2023-10-30 10:00:00+00:00,4661.0
2023-10-30 11:00:00+00:00,4715.0
2023-10-30 12:00:00+00:00,3979.0
2023-10-30 13:00:00+00:00,2986.0
2023-10-30 14:00:00+00:00,1475.0
2023-10-30 15:00:00+00:00,294.0
2023-10-30 16:00:00+00:00,7.0
2023-10-30 17:00:00+00:00,0.0
2023-10-30 18:00:00+00:00,0.0
2023-10-30 19:00:00+00:00,0.0
2023-10-30 20:00:00+00:00,0.0
2023-10-30 21:00:00+00:00,0.0
2023-10-30 22:00:00+00:00,0.0
2023-10-30 23:00:00+00:00,0.0
2023-10-31 00:00:00+00:00,0.0
2023-10-31 01:00:00+00:00,0.0
2023-10-31 02:00:00+00:00,0.0
2023-10-31 03:00:00+00:00,0.0
2023-10-31 04:00:00+00:00,0.0
2023-10-31 05:00:00+00:00,0.0
2023-10-31 06:00:00+00:00,15.0
2023-10-31 07:00:00+00:00,688.0
2023-10-31 08:00:00+00:00,2867.0
2023-10-31 09:00:00+00:00,4294.0
2023-10-31 10:00:00+00:00,5510.0
2023-10-31 11:00:00+00:00,5837.0
2023-10-31 12:00:00+00:00,5740.0
2023-10-31 13:00:00+00:00,3629.0
2023-10-31 14:00:00+00:00,1768.0
2023-10-31 15:00:00+00:00,550.0
2023-10-31 16:00:00+00:00,73.0
2023-10-31 17:00:00+00:00,0.0
2023-10-31 18:00:00+00:00,0.0
2023-10-31 19:00:00+00:00,0.0
2023-10-31 20:00:00+00:00,0.0
2023-10-31 21:00:00+00:00,0.0
2023-10-31 22:00:00+00:00,0.0
2023-10-31 23:00:00+00:00,0.0
2023-11-01 00:00:00+00:00,0.0
2023-11-01 01:00:00+00:00,0.0
2023-11-01 02:00:00+00:00,0.0
2023-11-01 03:00:00+00:00,0.0
2023-11-01 04:00:00+00:00,0.0
2023-11-01 05:00:00+00:00,0.0
2023-11-01 06:00:00+00:00,10.0
2023-11-01 07:00:00+00:00,410.0
2023-11-01 08:00:00+00:00,1467.0
2023-11-01 09:00:00+00:00,2737.0
2023-11-01 10:00:00+00:00,4300.0
2023-11-01 11:00:00+00:00,5194.0
2023-11-01 12:00:00+00:00,5132.0
2023-11-01 13:00:00+00:00,4163.0
2023-11-01 14:00:00+00:00,2027.0
2023-11-01 15:00:00+00:00,522.0
2023-11-01 16:00:00+00:00,50.0
2023-11-01 17:00:00+00:00,0.0
2023-11-01 18:00:00+00:00,0.0
2023-11-01 19:00:00+00:00,0.0
2023-11-01 20:00:00+00:00,0.0
2023-11-01 21:00:00+00:00,0.0
2023-11-01 22:00:00+00:00,0.0
2023-11-01 23:00:00+00:00,0.0
2023-11-02 00:00:00+00:00,0.0
2023-11-02 01:00:00+00:00,0.0
2023-11-02 02:00:00+00:00,0.0
2023-11-02 03:00:00+00:00,0.0
2023-11-02 04:00:00+00:00,0.0
2023-11-02 05:00:00+00:00,0.0
2023-11-02 06:00:00+00:00,5.0
2023-11-02 07:00:00+00:00,359.0
2023-11-02 08:00:00+00:00,1905.0
2023-11-02 09:00:00+00:00,3412.0
2023-11-02 10:00:00+00:00,3874.0
2023-11-02 11:00:00+00:00,4223.0
2023-11-02 12:00:00+00:00,4263.0
2023-11-02 13:00:00+00:00,2989.0
2023-11-02 14:00:00+00:00,1080.0
2023-11-02 15:00:00+00:00,286.0
2023-11-02 16:00:00+00:00,10.0
2023-11-02 17:00:00+00:00,0.0
2023-11-02 18:00:00+00:00,0.0
2023-11-02 19:00:00+00:00,0.0
2023-11-02 20:00:00+00:00,0.0
2023-11-02 21:00:00+00:00,0.0
2023-11-02 22:00:00+00:00,0.0
2023-11-02 23:00:00+00:00,0.0
2023-11-03 00:00:00+00:00,0.0
2023-11-03 01:00:00+00:00,0.0
2023-11-03 02:00:00+00:00,0.0
2023-11-03 03:00:00+00:00,0.0
2023-11-03 04:00:00+00:00,0.0
2023-11-03 05:00:00+00:00,0.0
2023-11-03 06:00:00+00:00,7.0
2023-11-03 07:00:00+00:00,378.0
2023-11-03 08:00:00+00:00,1732.0
2023-11-03 09:00:00+00:00,4052.0
2023-11-03 10:00:00+00:00,5217.0
2023-11-03 11:00:00+00:00,5784.0
2023-11-03 12:00:00+00:00,5573.0
2023-11-03 13:00:00+00:00,4585.0
2023-11-03 14:00:00+00:00,3192.0
2023-11-03 15:00:00+00:00,883.0
2023-11-03 16:00:00+00:00,24.0
2023-11-03 17:00:00+00:00,0.0
2023-11-03 18:00:00+00:00,0.0
2023-11-03 19:00:00+00:00,0.0
2023-11-03 20:00:00+00:00,0.0
2023-11-03 21:00:00+00:00,0.0
2023-11-03 22:00:00+00:00,0.0
2023-11-03 23:00:00+00:00,0.0
2023-11-04 00:00:00+00:00,0.0
2023-11-04 01:00:00+00:00,0.0
2023-11-04 02:00:00+00:00,0.0
2023-11-04 03:00:00+00:00,0.0
2023-11-04 04:00:00+00:00,0.0
2023-11-04 05:00:00+00:00,0.0
2023-11-04 06:00:00+00:00,8.0
2023-11-04 07:00:00+00:00,556.0
2023-11-04 08:00:00+00:00,2306.0
2023-11-04 09:00:00+00:00,3845.0
2023-11-04 10:00:00+00:00,3458.0
2023-11-04 11:00:00+00:00,2745.0
2023-11-04 12:00:00+00:00,2156.0
2023-11-04 13:00:00+00:00,1522.0
2023-11-04 14:00:00+00:00,925.0
2023-11-04 15:00:00+00:00,369.0
2023-11-04 16:00:00+00:00,14.0
2023-11-04 17:00:00+00:00,0.0
2023-11-04 18:00:00+00:00,0.0
2023-11-04 19:00:00+00:00,0.0
2023-11-04 20:00:00+00:00,0.0
2023-11-04 21:00:00+00:00,0.0
2023-11-04 22:00:00+00:00,0.0
2023-11-04 23:00:00+00:00,0.0
2023-11-05 00:00:00+00:00,0.0
2023-11-05 01:00:00+00:00,0.0
2023-11-05 02:00:00+00:00,0.0
2023-11-05 03:00:00+00:00,0.0
2023-11-05 04:00:00+00:00,0.0
2023-11-05 05:00:00+00:00,0.0
2023-11-05 06:00:00+00:00,4.0
2023-11-05 07:00:00+00:00,384.0
2023-11-05 08:00:00+00:00,1555.0
2023-11-05 09:00:00+00:00,2268.0
2023-11-05 10:00:00+00:00,2352.0
2023-11-05 11:00:00+00:00,2568.0
2023-11-05 12:00:00+00:00,2716.0
2023-11-05 13:00:00+00:00,2679.0
2023-11-05 14:00:00+00:00,1539.0
2023-11-05 15:00:00+00:00,539.0
2023-11-05 16:00:00+00:00,11.0
2023-11-05 17:00:00+00:00,0.0
2023-11-05 18:00:00+00:00,0.0
2023-11-05 19:00:00+00:00,0.0
2023-11-05 20:00:00+00:00,0.0
2023-11-05 21:00:00+00:00,0.0
2023-11-05 22:00:00+00:00,0.0
2023-11-05 23:00:00+00:00,0.0
2023-11-06 00:00:00+00:00,0.0
2023-11-06 01:00:00+00:00,0.0
2023-11-06 02:00:00+00:00,0.0
2023-11-06 03:00:00+00:00,0.0
2023-11-06 04:00:00+00:00,0.0
2023-11-06 05:00:00+00:00,0.0
2023-11-06 06:00:00+00:00,5.0
2023-11-06 07:00:00+00:00,653.0
2023-11-06 08:00:00+00:00,2811.0
2023-11-06 09:00:00+00:00,4489.0
2023-11-06 10:00:00+00:00,4655.0
2023-11-06 11:00:00+00:00,4288.0
2023-11-06 12:00:00+00:00,4243.0
2023-11-06 13:00:00+00:00,3687.0
2023-11-06 14:00:00+00:00,2553.0
2023-11-06 15:00:00+00:00,867.0
2023-11-06 16:00:00+00:00,16.0
2023-11-06 17:00:00+00:00,0.0
2023-11-06 18:00:00+00:00,0.0
2023-11-06 19:00:00+00:00,0.0
2023-11-06 20:00:00+00:00,0.0
2023-11-06 21:00:00+00:00,0.0
2023-11-06 22:00:00+00:00,0.0
2023-11-06 23:00:00+00:00,0.0
2023-11-07 00:00:00+00:00,0.0
2023-11-07 01:00:00+00:00,0.0
2023-11-07 02:00:00+00:00,0.0
2023-11-07 03:00:00+00:00,0.0
2023-11-07 04:00:00+00:00,0.0
2023-11-07 05:00:00+00:00,0.0
2023-11-07 06:00:00+00:00,5.0
2023-11-07 07:00:00+00:00,511.0
2023-11-07 08:00:00+00:00,2559.0
2023-11-07 09:00:00+00:00,5230.0
2023-11-07 10:00:00+00:00,6828.0
2023-11-07 11:00:00+00:00,6496.0
2023-11-07 12:00:00+00:00,5866.0
2023-11-07 13:00:00+00:00,4215.0
2023-11-07 14:00:00+00:00,2907.0
2023-11-07 15:00:00+00:00,820.0
2023-11-07 16:00:00+00:00,0.0
2023-11-07 17:00:00+00:00,0.0
2023-11-07 18:00:00+00:00,0.0
2023-11-07 19:00:00+00:00,0.0
2023-11-07 20:00:00+00:00,0.0
2023-11-07 21:00:00+00:00,0.0
2023-11-07 22:00:00+00:00,0.0
2023-11-07 23:00:00+00:00,0.0
2023-11-08 00:00:00+00:00,0.0
2023-11-08 01:00:00+00:00,0.0
2023-11-08 02:00:00+00:00,0.0
2023-11-08 03:00:00+00:00,0.0
2023-11-08 04:00:00+00:00,0.0
2023-11-08 05:00:00+00:00,0.0
2023-11-08 06:00:00+00:00,4.0
2023-11-08 07:00:00+00:00,486.0
2023-11-08 08:00:00+00:00,2605.0
2023-11-08 09:00:00+00:00,4570.0
2023-11-08 10:00:00+00:00,5545.0
2023-11-08 11:00:00+00:00,5163.0
2023-11-08 12:00:00+00:00,4045.0
2023-11-08 13:00:00+00:00,2390.0
2023-11-08 14:00:00+00:00,1063.0
2023-11-08 15:00:00+00:00,210.0
2023-11-08 16:00:00+00:00,0.0
2023-11-08 17:00:00+00:00,0.0
2023-11-08 18:00:00+00:00,0.0
2023-11-08 19:00:00+00:00,0.0
2023-11-08 20:00:00+00:00,0.0
2023-11-08 21:00:00+00:00,0.0
2023-11-08 22:00:00+00:00,0.0
2023-11-08 23:00:00+00:00,0.0
2023-11-09 00:00:00+00:00,0.0
2023-11-09 01:00:00+00:00,0.0
2023-11-09 02:00:00+00:00,0.0
2023-11-09 03:00:00+00:00,0.0
2023-11-09 04:00:00+00:00,0.0
2023-11-09 05:00:00+00:00,0.0
2023-11-09 06:00:00+00:00,2.0
2023-11-09 07:00:00+00:00,263.0
2023-11-09 08:00:00+00:00,2061.0
2023-11-09 09:00:00+00:00,4322.0
2023-11-09 10:00:00+00:00,6207.0
2023-11-09 11:00:00+00:00,6386.0
2023-11-09 12:00:00+00:00,5453.0
2023-11-09 13:00:00+00:00,3144.0
2023-11-09 14:00:00+00:00,1814.0
2023-11-09 15:00:00+00:00,520.0
2023-11-09 16:00:00+00:00,0.0
2023-11-09 17:00:00+00:00,0.0
2023-11-09 18:00:00+00:00,0.0
2023-11-09 19:00:00+00:00,0.0
2023-11-09 20:00:00+00:00,0.0
2023-11-09 21:00:00+00:00,0.0
2023-11-09 22:00:00+00:00,0.0
2023-11-09 23:00:00+00:00,0.0
2023-11-10 00:00:00+00:00,0.0
2023-11-10 01:00:00+00:00,0.0
2023-11-10 02:00:00+00:00,0.0
2023-11-10 03:00:00+00:00,0.0
2023-11-10 04:00:00+00:00,0.0
2023-11-10 05:00:00+00:00,0.0
2023-11-10 06:00:00+00:00,0.0
2023-11-10 07:00:00+00:00,393.0
2023-11-10 08:00:00+00:00,1524.0
2023-11-10 09:00:00+00:00,2144.0
2023-11-10 10:00:00+00:00,1816.0
2023-11-10 11:00:00+00:00,1956.0
2023-11-10 12:00:00+00:00,1799.0
2023-11-10 13:00:00+00:00,1635.0
2023-11-10 14:00:00+00:00,1138.0
2023-11-10 15:00:00+00:00,382.0
2023-11-10 16:00:00+00:00,0.0
2023-11-10 17:00:00+00:00,0.0
2023-11-10 18:00:00+00:00,0.0
2023-11-10 19:00:00+00:00,0.0
2023-11-10 20:00:00+00:00,0.0
2023-11-10 21:00:00+00:00,0.0
2023-11-10 22:00:00+00:00,0.0
2023-11-10 23:00:00+00:00,0.0
2023-11-11 00:00:00+00:00,0.0
2023-11-11 01:00:00+00:00,0.0
2023-11-11 02:00:00+00:00,0.0
2023-11-11 03:00:00+00:00,0.0
2023-11-11 04:00:00+00:00,0.0
2023-11-11 05:00:00+00:00,0.0
2023-11-11 06:00:00+00:00,0.0
2023-11-11 07:00:00+00:00,250.0
2023-11-11 08:00:00+00:00,1805.0
2023-11-11 09:00:00+00:00,3430.0
2023-11-11 10:00:00+00:00,5347.0
2023-11-11 11:00:00+00:00,6767.0
2023-11-11 12:00:00+00:00,5654.0
2023-11-11 13:00:00+00:00,5362.0
2023-11-11 14:00:00+00:00,2701.0
2023-11-11 15:00:00+00:00,852.0
2023-11-11 16:00:00+00:00,0.0
2023-11-11 17:00:00+00:00,0.0
2023-11-11 18:00:00+00:00,0.0
2023-11-11 19:00:00+00:00,0.0
2023-11-11 20:00:00+00:00,0.0
2023-11-11 21:00:00+00:00,0.0
2023-11-11 22:00:00+00:00,0.0
2023-11-11 23:00:00+00:00,0.0
2023-11-12 00:00:00+00:00,0.0
2023-11-12 01:00:00+00:00,0.0
2023-11-12 02:00:00+00:00,0.0
2023-11-12 03:00:00+00:00,0.0
2023-11-12 04:00:00+00:00,0.0
2023-11-12 05:00:00+00:00,0.0
2023-11-12 06:00:00+00:00,0.0
2023-11-12 07:00:00+00:00,315.0
2023-11-12 08:00:00+00:00,1937.0
2023-11-12 09:00:00+00:00,3754.0
2023-11-12 10:00:00+00:00,5516.0
2023-11-12 11:00:00+00:00,6026.0
2023-11-12 12:00:00+00:00,5150.0
2023-11-12 13:00:00+00:00,3538.0
2023-11-12 14:00:00+00:00,1984.0
2023-11-12 15:00:00+00:00,380.0
2023-11-12 16:00:00+00:00,0.0
2023-11-12 17:00:00+00:00,0.0
2023-11-12 18:00:00+00:00,0.0
2023-11-12 19:00:00+00:00,0.0
2023-11-12 20:00:00+00:00,0.0
2023-11-12 21:00:00+00:00,0.0
2023-11-12 22:00:00+00:00,0.0
2023-11-12 23:00:00+00:00,0.0
2023-11-13 00:00:00+00:00,0.0
2023-11-13 01:00:00+00:00,0.0
2023-11-13 02:00:00+00:00,0.0
2023-11-13 03:00:00+00:00,0.0
2023-11-13 04:00:00+00:00,0.0
2023-11-13 05:00:00+00:00,0.0
2023-11-13 06:00:00+00:00,0.0
2023-11-13 07:00:00+00:00,89.0
2023-11-13 08:00:00+00:00,436.0
2023-11-13 09:00:00+00:00,741.0
2023-11-13 10:00:00+00:00,1071.0
2023-11-13 11:00:00+00:00,1196.0
2023-11-13 12:00:00+00:00,1187.0
2023-11-13 13:00:00+00:00,1911.0
2023-11-13 14:00:00+00:00,2030.0
2023-11-13 15:00:00+00:00,795.0
2023-11-13 16:00:00+00:00,0.0
2023-11-13 17:00:00+00:00,0.0
2023-11-13 18:00:00+00:00,0.0
2023-11-13 19:00:00+00:00,0.0
2023-11-13 20:00:00+00:00,0.0
2023-11-13 21:00:00+00:00,0.0
2023-11-13 22:00:00+00:00,0.0
2023-11-13 23:00:00+00:00,0.0
2023-11-14 00:00:00+00:00,0.0
2023-11-14 01:00:00+00:00,0.0
2023-11-14 02:00:00+00:00,0.0
2023-11-14 03:00:00+00:00,0.0
2023-11-14 04:00:00+00:00,0.0
2023-11-14 05:00:00+00:00,0.0
2023-11-14 06:00:00+00:00,0.0
2023-11-14 07:00:00+00:00,158.0
2023-11-14 08:00:00+00:00,1139.0
2023-11-14 09:00:00+00:00,2877.0
2023-11-14 10:00:00+00:00,4481.0
2023-11-14 11:00:00+00:00,4815.0
2023-11-14 12:00:00+00:00,3094.0
2023-11-14 13:00:00+00:00,1583.0
2023-11-14 14:00:00+00:00,538.0
2023-11-14 15:00:00+00:00,115.0
2023-11-14 16:00:00+00:00,0.0
2023-11-14 17:00:00+00:00,0.0
2023-11-14 18:00:00+00:00,0.0
2023-11-14 19:00:00+00:00,0.0
2023-11-14 20:00:00+00:00,0.0
2023-11-14 21:00:00+00:00,0.0
2023-11-14 22:00:00+00:00,0.0
2023-11-14 23:00:00+00:00,0.0
2023-11-15 00:00:00+00:00,0.0
2023-11-15 01:00:00+00:00,0.0
2023-11-15 02:00:00+00:00,0.0
2023-11-15 03:00:00+00:00,0.0
2023-11-15 04:00:00+00:00,0.0
2023-11-15 05:00:00+00:00,0.0
2023-11-15 06:00:00+00:00,0.0
2023-11-15 07:00:00+00:00,193.0
2023-11-15 08:00:00+00:00,1240.0
2023-11-15 09:00:00+00:00,3139.0
2023-11-15 10:00:00+00:00,4662.0
2023-11-15 11:00:00+00:00,5086.0
2023-11-15 12:00:00+00:00,5172.0
2023-11-15 13:00:00+00:00,4716.0
2023-11-15 14:00:00+00:00,2797.0
2023-11-15 15:00:00+00:00,532.0
2023-11-15 16:00:00+00:00,0.0
2023-11-15 17:00:00+00:00,0.0
2023-11-15 18:00:00+00:00,0.0
2023-11-15 19:00:00+00:00,0.0
2023-11-15 20:00:00+00:00,0.0
2023-11-15 21:00:00+00:00,0.0
2023-11-15 22:00:00+00:00,0.0
2023-11-15 23:00:00+00:00,0.0
2023-11-16 00:00:00+00:00,0.0
2023-11-16 01:00:00+00:00,0.0
2023-11-16 02:00:00+00:00,0.0
2023-11-16 03:00:00+00:00,0.0
2023-11-16 04:00:00+00:00,0.0
2023-11-16 05:00:00+00:00,0.0
2023-11-16 06:00:00+00:00,0.0
2023-11-16 07:00:00+00:00,208.0
2023-11-16 08:00:00+00:00,1584.0
2023-11-16 09:00:00+00:00,2564.0
2023-11-16 10:00:00+00:00,2942.0
2023-11-16 11:00:00+00:00,3059.0
2023-11-16 12:00:00+00:00,2418.0
2023-11-16 13:00:00+00:00,2134.0
2023-11-16 14:00:00+00:00,1298.0
2023-11-16 15:00:00+00:00,297.0
2023-11-16 16:00:00+00:00,0.0
2023-11-16 17:00:00+00:00,0.0
2023-11-16 18:00:00+00:00,0.0
2023-11-16 19:00:00+00:00,0.0
2023-11-16 20:00:00+00:00,0.0
2023-11-16 21:00:00+00:00,0.0
2023-11-16 22:00:00+00:00,0.0
2023-11-16 23:00:00+00:00,0.0
2023-11-17 00:00:00+00:00,0.0
2023-11-17 01:00:00+00:00,0.0
2023-11-17 02:00:00+00:00,0.0
2023-11-17 03:00:00+00:00,0.0
2023-11-17 04:00:00+00:00,0.0
2023-11-17 05:00:00+00:00,0.0
2023-11-17 06:00:00+00:00,0.0
2023-11-17 07:00:00+00:00,182.0
2023-11-17 08:00:00+00:00,1575.0
2023-11-17 09:00:00+00:00,3516.0
2023-11-17 10:00:00+00:00,4911.0
2023-11-17 11:00:00+00:00,5194.0
2023-11-17 12:00:00+00:00,6133.0
2023-11-17 13:00:00+00:00,5171.0
2023-11-17 14:00:00+00:00,3006.0
2023-11-17 15:00:00+00:00,575.0
2023-11-17 16:00:00+00:00,0.0
2023-11-17 17:00:00+00:00,0.0
2023-11-17 18:00:00+00:00,0.0
2023-11-17 19:00:00+00:00,0.0
2023-11-17 20:00:00+00:00,0.0
2023-11-17 21:00:00+00:00,0.0
2023-11-17 22:00:00+00:00,0.0
2023-11-17 23:00:00+00:00,0.0
2023-11-18 00:00:00+00:00,0.0
2023-11-18 01:00:00+00:00,0.0
2023-11-18 02:00:00+00:00,0.0
2023-11-18 03:00:00+00:00,0.0
2023-11-18 04:00:00+00:00,0.0
2023-11-18 05:00:00+00:00,0.0
2023-11-18 06:00:00+00:00,0.0
2023-11-18 07:00:00+00:00,76.0
2023-11-18 08:00:00+00:00,465.0
2023-11-18 09:00:00+00:00,933.0
2023-11-18 10:00:00+00:00,1156.0
2023-11-18 11:00:00+00:00,1006.0
2023-11-18 12:00:00+00:00,889.0
2023-11-18 13:00:00+00:00,802.0
2023-11-18 14:00:00+00:00,407.0
2023-11-18 15:00:00+00:00,92.0
2023-11-18 16:00:00+00:00,0.0
2023-11-18 17:00:00+00:00,0.0
2023-11-18 18:00:00+00:00,0.0
2023-11-18 19:00:00+00:00,0.0
2023-11-18 20:00:00+00:00,0.0
2023-11-18 21:00:00+00:00,0.0
2023-11-18 22:00:00+00:00,0.0
2023-11-18 23:00:00+00:00,0.0
2023-11-19 00:00:00+00:00,0.0
2023-11-19 01:00:00+00:00,0.0
2023-11-19 02:00:00+00:00,0.0
2023-11-19 03:00:00+00:00,0.0
2023-11-19 04:00:00+00:00,0.0
2023-11-19 05:00:00+00:00,0.0
2023-11-19 06:00:00+00:00,0.0
2023-11-19 07:00:00+00:00,160.0
2023-11-19 08:00:00+00:00,1453.0
2023-11-19 09:00:00+00:00,3286.0
2023-11-19 10:00:00+00:00,4166.0
2023-11-19 11:00:00+00:00,4739.0
2023-11-19 12:00:00+00:00,4329.0
2023-11-19 13:00:00+00:00,2448.0
2023-11-19 14:00:00+00:00,1419.0
2023-11-19 15:00:00+00:00,302.0
2023-11-19 16:00:00+00:00,0.0
2023-11-19 17:00:00+00:00,0.0
2023-11-19 18:00:00+00:00,0.0
2023-11-19 19:00:00+00:00,0.0
2023-11-19 20:00:00+00:00,0.0
2023-11-19 21:00:00+00:00,0.0
2023-11-19 22:00:00+00:00,0.0
2023-11-19 23:00:00+00:00,0.0
2023-11-20 00:00:00+00:00,0.0
2023-11-20 01:00:00+00:00,0.0
2023-11-20 02:00:00+00:00,0.0
2023-11-20 03:00:00+00:00,0.0
2023-11-20 04:00:00+00:00,0.0
2023-11-20 05:00:00+00:00,0.0
2023-11-20 06:00:00+00:00,0.0
2023-11-20 07:00:00+00:00,120.0
2023-11-20 08:00:00+00:00,1287.0
2023-11-20 09:00:00+00:00,3114.0
2023-11-20 10:00:00+00:00,4680.0
2023-11-20 11:00:00+00:00,5209.0
2023-11-20 12:00:00+00:00,4681.0
2023-11-20 13:00:00+00:00,3035.0
2023-11-20 14:00:00+00:00,1755.0
2023-11-20 15:00:00+00:00,479.0
2023-11-20 16:00:00+00:00,0.0
2023-11-20 17:00:00+00:00,0.0
2023-11-20 18:00:00+00:00,0.0
2023-11-20 19:00:00+00:00,0.0
2023-11-20 20:00:00+00:00,0.0
2023-11-20 21:00:00+00:00,0.0
2023-11-20 22:00:00+00:00,0.0
2023-11-20 23:00:00+00:00,0.0
2023-11-21 00:00:00+00:00,0.0
2023-11-21 01:00:00+00:00,0.0
2023-11-21 02:00:00+00:00,0.0
2023-11-21 03:00:00+00:00,0.0
2023-11-21 04:00:00+00:00,0.0
2023-11-21 05:00:00+00:00,0.0
2023-11-21 06:00:00+00:00,0.0
2023-11-21 07:00:00+00:00,215.0
2023-11-21 08:00:00+00:00,927.0
2023-11-21 09:00:00+00:00,1569.0
2023-11-21 10:00:00+00:00,2409.0
2023-11-21 11:00:00+00:00,2707.0
2023-11-21 12:00:00+00:00,3007.0
2023-11-21 13:00:00+00:00,2465.0
2023-11-21 14:00:00+00:00,1778.0
2023-11-21 15:00:00+00:00,513.0
2023-11-21 16:00:00+00:00,0.0
2023-11-21 17:00:00+00:00,0.0
2023-11-21 18:00:00+00:00,0.0
2023-11-21 19:00:00+00:00,0.0
2023-11-21 20:00:00+00:00,0.0
2023-11-21 21:00:00+00:00,0.0
2023-11-21 22:00:00+00:00,0.0
2023-11-21 23:00:00+00:00,0.0
2023-11-22 00:00:00+00:00,0.0
2023-11-22 01:00:00+00:00,0.0
2023-11-22 02:00:00+00:00,0.0
2023-11-22 03:00:00+00:00,0.0
2023-11-22 04:00:00+00:00,0.0
2023-11-22 05:00:00+00:00,0.0
2023-11-22 06:00:00+00:00,0.0
2023-11-22 07:00:00+00:00,214.0
2023-11-22 08:00:00+00:00,1484.0
2023-11-22 09:00:00+00:00,2844.0
2023-11-22 10:00:00+00:00,3896.0
2023-11-22 11:00:00+00:00,5201.0
2023-11-22 12:00:00+00:00,4605.0
2023-11-22 13:00:00+00:00,2330.0
2023-11-22 14:00:00+00:00,754.0
2023-11-22 15:00:00+00:00,125.0
2023-11-22 16:00:00+00:00,0.0
2023-11-22 17:00:00+00:00,0.0
2023-11-22 18:00:00+00:00,0.0
2023-11-22 19:00:00+00:00,0.0
2023-11-22 20:00:00+00:00,0.0
2023-11-22 21:00:00+00:00,0.0
2023-11-22 22:00:00+00:00,0.0
2023-11-22 23:00:00+00:00,0.0
2023-11-23 00:00:00+00:00,0.0
2023-11-23 01:00:00+00:00,0.0
2023-11-23 02:00:00+00:00,0.0
2023-11-23 03:00:00+00:00,0.0
2023-11-23 04:00:00+00:00,0.0
2023-11-23 05:00:00+00:00,0.0
2023-11-23 06:00:00+00:00,0.0
2023-11-23 07:00:00+00:00,92.0
2023-11-23 08:00:00+00:00,1083.0
2023-11-23 09:00:00+00:00,2819.0
2023-11-23 10:00:00+00:00,4450.0
2023-11-23 11:00:00+00:00,3757.0
2023-11-23 12:00:00+00:00,3399.0
2023-11-23 13:00:00+00:00,2341.0
2023-11-23 14:00:00+00:00,1160.0
2023-11-23 15:00:00+00:00,219.0
2023-11-23 16:00:00+00:00,0.0
2023-11-23 17:00:00+00:00,0.0
2023-11-23 18:00:00+00:00,0.0
2023-11-23 19:00:00+00:00,0.0
2023-11-23 20:00:00+00:00,0.0
2023-11-23 21:00:00+00:00,0.0
2023-11-23 22:00:00+00:00,0.0
2023-11-23 23:00:00+00:00,0.0
2023-11-24 00:00:00+00:00,0.0
2023-11-24 01:00:00+00:00,0.0
2023-11-24 02:00:00+00:00,0.0
2023-11-24 03:00:00+00:00,0.0
2023-11-24 04:00:00+00:00,0.0
2023-11-24 05:00:00+00:00,0.0
2023-11-24 06:00:00+00:00,0.0
2023-11-24 07:00:00+00:00,75.0
2023-11-24 08:00:00+00:00,949.0
2023-11-24 09:00:00+00:00,2563.0
2023-11-24 10:00:00+00:00,4526.0
2023-11-24 11:00:00+00:00,5386.0
2023-11-24 12:00:00+00:00,4577.0
2023-11-24 13:00:00+00:00,2991.0
2023-11-24 14:00:00+00:00,1554.0
2023-11-24 15:00:00+00:00,214.0
2023-11-24 16:00:00+00:00,0.0
2023-11-24 17:00:00+00:00,0.0
2023-11-24 18:00:00+00:00,0.0
2023-11-24 19:00:00+00:00,0.0
2023-11-24 20:00:00+00:00,0.0
2023-11-24 21:00:00+00:00,0.0
2023-11-24 22:00:00+00:00,0.0
2023-11-24 23:00:00+00:00,0.0
2023-11-25 00:00:00+00:00,0.0
2023-11-25 01:00:00+00:00,0.0
2023-11-25 02:00:00+00:00,0.0
2023-11-25 03:00:00+00:00,0.0
2023-11-25 04:00:00+00:00,0.0
2023-11-25 05:00:00+00:00,0.0
2023-11-25 06:00:00+00:00,0.0
2023-11-25 07:00:00+00:00,62.0
2023-11-25 08:00:00+00:00,1114.0
2023-11-25 09:00:00+00:00,2919.0
2023-11-25 10:00:00+00:00,4561.0
2023-11-25 11:00:00+00:00,5132.0
2023-11-25 12:00:00+00:00,4534.0
2023-11-25 13:00:00+00:00,3733.0
2023-11-25 14:00:00+00:00,1892.0
2023-11-25 15:00:00+00:00,276.0
2023-11-25 16:00:00+00:00,0.0
2023-11-25 17:00:00+00:00,0.0
2023-11-25 18:00:00+00:00,0.0
2023-11-25 19:00:00+00:00,0.0
2023-11-25 20:00:00+00:00,0.0
2023-11-25 21:00:00+00:00,0.0
2023-11-25 22:00:00+00:00,0.0
2023-11-25 23:00:00+00:00,0.0
2023-11-26 00:00:00+00:00,0.0
2023-11-26 01:00:00+00:00,0.0
2023-11-26 02:00:00+00:00,0.0
2023-11-26 03:00:00+00:00,0.0
2023-11-26 04:00:00+00:00,0.0
2023-11-26 05:00:00+00:00,0.0
2023-11-26 06:00:00+00:00,0.0
2023-11-26 07:00:00+00:00,55.0
2023-11-26 08:00:00+00:00,704.0
2023-11-26 09:00:00+00:00,2089.0
2023-11-26 10:00:00+00:00,2960.0
2023-11-26 11:00:00+00:00,3047.0
2023-11-26 12:00:00+00:00,2522.0
2023-11-26 13:00:00+00:00,1561.0
2023-11-26 14:00:00+00:00,634.0
2023-11-26 15:00:00+00:00,100.0
2023-11-26 16:00:00+00:00,0.0
2023-11-26 17:00:00+00:00,0.0
2023-11-26 18:00:00+00:00,0.0
2023-11-26 19:00:00+00:00,0.0
2023-11-26 20:00:00+00:00,0.0
2023-11-26 21:00:00+00:00,0.0
2023-11-26 22:00:00+00:00,0.0
2023-11-26 23:00:00+00:00,0.0
2023-11-27 00:00:00+00:00,0.0
2023-11-27 01:00:00+00:00,0.0
2023-11-27 02:00:00+00:00,0.0
2023-11-27 03:00:00+00:00,0.0
2023-11-27 04:00:00+00:00,0.0
2023-11-27 05:00:00+00:00,0.0
2023-11-27 06:00:00+00:00,0.0
2023-11-27 07:00:00+00:00,16.0
2023-11-27 08:00:00+00:00,163.0
2023-11-27 09:00:00+00:00,465.0
2023-11-27 10:00:00+00:00,859.0
2023-11-27 11:00:00+00:00,1154.0
2023-11-27 12:00:00+00:00,1035.0
2023-11-27 13:00:00+00:00,780.0
2023-11-27 14:00:00+00:00,376.0
2023-11-27 15:00:00+00:00,62.0
2023-11-27 16:00:00+00:00,0.0
2023-11-27 17:00:00+00:00,0.0
2023-11-27 18:00:00+00:00,0.0
2023-11-27 19:00:00+00:00,0.0
2023-11-27 20:00:00+00:00,0.0
2023-11-27 21:00:00+00:00,0.0
2023-11-27 22:00:00+00:00,0.0
2023-11-27 23:00:00+00:00,0.0
2023-11-28 00:00:00+00:00,0.0
2023-11-28 01:00:00+00:00,0.0
2023-11-28 02:00:00+00:00,0.0
2023-11-28 03:00:00+00:00,0.0
2023-11-28 04:00:00+00:00,0.0
2023-11-28 05:00:00+00:00,0.0
2023-11-28 06:00:00+00:00,0.0
2023-11-28 07:00:00+00:00,55.0
2023-11-28 08:00:00+00:00,1286.0
2023-11-28 09:00:00+00:00,3750.0
2023-11-28 10:00:00+00:00,5900.0
2023-11-28 11:00:00+00:00,6640.0
2023-11-28 12:00:00+00:00,6210.0
2023-11-28 13:00:00+00:00,4532.0
2023-11-28 14:00:00+00:00,2219.0
2023-11-28 15:00:00+00:00,303.0
2023-11-28 16:00:00+00:00,0.0
2023-11-28 17:00:00+00:00,0.0
2023-11-28 18:00:00+00:00,0.0
2023-11-28 19:00:00+00:00,0.0
2023-11-28 20:00:00+00:00,0.0
2023-11-28 21:00:00+00:00,0.0
2023-11-28 22:00:00+00:00,0.0
2023-11-28 23:00:00+00:00,0.0
2023-11-29 00:00:00+00:00,0.0
2023-11-29 01:00:00+00:00,0.0
2023-11-29 02:00:00+00:00,0.0
2023-11-29 03:00:00+00:00,0.0
2023-11-29 04:00:00+00:00,0.0
2023-11-29 05:00:00+00:00,0.0
2023-11-29 06:00:00+00:00,0.0
2023-11-29 07:00:00+00:00,44.0
2023-11-29 08:00:00+00:00,852.0
2023-11-29 09:00:00+00:00,2789.0
2023-11-29 10:00:00+00:00,4289.0
2023-11-29 11:00:00+00:00,5243.0
2023-11-29 12:00:00+00:00,3833.0
2023-11-29 13:00:00+00:00,2323.0
2023-11-29 14:00:00+00:00,1746.0
2023-11-29 15:00:00+00:00,386.0
2023-11-29 16:00:00+00:00,0.0
2023-11-29 17:00:00+00:00,0.0
2023-11-29 18:00:00+00:00,0.0
2023-11-29 19:00:00+00:00,0.0
2023-11-29 20:00:00+00:00,0.0
2023-11-29 21:00:00+00:00,0.0
2023-11-29 22:00:00+00:00,0.0
2023-11-29 23:00:00+00:00,0.0
2023-11-30 00:00:00+00:00,0.0
2023-11-30 01:00:00+00:00,0.0
2023-11-30 02:00:00+00:00,0.0
2023-11-30 03:00:00+00:00,0.0
2023-11-30 04:00:00+00:00,0.0
2023-11-30 05:00:00+00:00,0.0
2023-11-30 06:00:00+00:00,0.0
2023-11-30 07:00:00+00:00,99.0
2023-11-30 08:00:00+00:00,868.0
2023-11-30 09:00:00+00:00,2651.0
2023-11-30 10:00:00+00:00,3579.0
2023-11-30 11:00:00+00:00,3893.0
2023-11-30 12:00:00+00:00,3305.0
2023-11-30 13:00:00+00:00,2654.0
2023-11-30 14:00:00+00:00,1475.0
2023-11-30 15:00:00+00:00,285.0
2023-11-30 16:00:00+00:00,0.0
2023-11-30 17:00:00+00:00,0.0
2023-11-30 18:00:00+00:00,0.0
2023-11-30 19:00:00+00:00,0.0
2023-11-30 20:00:00+00:00,0.0
2023-11-30 21:00:00+00:00,0.0
2023-11-30 22:00:00+00:00,0.0
2023-11-30 23:00:00+00:00,0.0
2023-12-01 00:00:00+00:00,0.0
2023-12-01 01:00:00+00:00,0.0
2023-12-01 02:00:00+00:00,0.0
2023-12-01 03:00:00+00:00,0.0
2023-12-01 04:00:00+00:00,0.0
2023-12-01 05:00:00+00:00,0.0
2023-12-01 06:00:00+00:00,0.0
2023-12-01 07:00:00+00:00,25.0
2023-12-01 08:00:00+00:00,840.0
2023-12-01 09:00:00+00:00,2600.0
2023-12-01 10:00:00+00:00,3987.0
2023-12-01 11:00:00+00:00,4477.0
2023-12-01 12:00:00+00:00,4381.0
2023-12-01 13:00:00+00:00,3296.0
2023-12-01 14:00:00+00:00,1757.0
2023-12-01 15:00:00+00:00,271.0
2023-12-01 16:00:00+00:00,0.0
2023-12-01 17:00:00+00:00,0.0
2023-12-01 18:00:00+00:00,0.0
2023-12-01 19:00:00+00:00,0.0
2023-12-01 20:00:00+00:00,0.0
2023-12-01 21:00:00+00:00,0.0
2023-12-01 22:00:00+00:00,0.0
2023-12-01 23:00:00+00:00,0.0
2023-12-02 00:00:00+00:00,0.0
2023-12-02 01:00:00+00:00,0.0
2023-12-02 02:00:00+00:00,0.0
2023-12-02 03:00:00+00:00,0.0
2023-12-02 04:00:00+00:00,0.0
2023-12-02 05:00:00+00:00,0.0
2023-12-02 06:00:00+00:00,0.0
2023-12-02 07:00:00+00:00,39.0
2023-12-02 08:00:00+00:00,934.0
2023-12-02 09:00:00+00:00,2907.0
2023-12-02 10:00:00+00:00,4643.0
2023-12-02 11:00:00+00:00,5420.0
2023-12-02 12:00:00+00:00,4851.0
2023-12-02 13:00:00+00:00,3340.0
2023-12-02 14:00:00+00:00,1803.0
2023-12-02 15:00:00+00:00,208.0
2023-12-02 16:00:00+00:00,0.0
2023-12-02 17:00:00+00:00,0.0
2023-12-02 18:00:00+00:00,0.0
2023-12-02 19:00:00+00:00,0.0
2023-12-02 20:00:00+00:00,0.0
2023-12-02 21:00:00+00:00,0.0
2023-12-02 22:00:00+00:00,0.0
2023-12-02 23:00:00+00:00,0.0
2023-12-03 00:00:00+00:00,0.0
2023-12-03 01:00:00+00:00,0.0
2023-12-03 02:00:00+00:00,0.0
2023-12-03 03:00:00+00:00,0.0
2023-12-03 04:00:00+00:00,0.0
2023-12-03 05:00:00+00:00,0.0
2023-12-03 06:00:00+00:00,0.0
2023-12-03 07:00:00+00:00,41.0
2023-12-03 08:00:00+00:00,1021.0
2023-12-03 09:00:00+00:00,2859.0
2023-12-03 10:00:00+00:00,4364.0
2023-12-03 11:00:00+00:00,5053.0
2023-12-03 12:00:00+00:00,4236.0
2023-12-03 13:00:00+00:00,2073.0
2023-12-03 14:00:00+00:00,897.0
2023-12-03 15:00:00+00:00,123.0
2023-12-03 16:00:00+00:00,0.0
2023-12-03 17:00:00+00:00,0.0
2023-12-03 18:00:00+00:00,0.0
2023-12-03 19:00:00+00:00,0.0
2023-12-03 20:00:00+00:00,0.0
2023-12-03 21:00:00+00:00,0.0
2023-12-03 22:00:00+00:00,0.0
2023-12-03 23:00:00+00:00,0.0
2023-12-04 00:00:00+00:00,0.0
2023-12-04 01:00:00+00:00,0.0
2023-12-04 02:00:00+00:00,0.0
2023-12-04 03:00:00+00:00,0.0
2023-12-04 04:00:00+00:00,0.0
2023-12-04 05:00:00+00:00,0.0
2023-12-04 06:00:00+00:00,0.0
2023-12-04 07:00:00+00:00,15.0
2023-12-04 08:00:00+00:00,436.0
2023-12-04 09:00:00+00:00,1368.0
2023-12-04 10:00:00+00:00,2357.0
2023-12-04 11:00:00+00:00,2852.0
2023-12-04 12:00:00+00:00,2276.0
2023-12-04 13:00:00+00:00,1538.0
2023-12-04 14:00:00+00:00,969.0
2023-12-04 15:00:00+00:00,143.0
2023-12-04 16:00:00+00:00,0.0
2023-12-04 17:00:00+00:00,0.0
2023-12-04 18:00:00+00:00,0.0
2023-12-04 19:00:00+00:00,0.0
2023-12-04 20:00:00+00:00,0.0
2023-12-04 21:00:00+00:00,0.0
2023-12-04 22:00:00+00:00,0.0
2023-12-04 23:00:00+00:00,0.0
2023-12-05 00:00:00+00:00,0.0
2023-12-05 01:00:00+00:00,0.0
2023-12-05 02:00:00+00:00,0.0
2023-12-05 03:00:00+00:00,0.0
2023-12-05 04:00:00+00:00,0.0
2023-12-05 05:00:00+00:00,0.0
2023-12-05 06:00:00+00:00,0.0
2023-12-05 07:00:00+00:00,12.0
2023-12-05 08:00:00+00:00,294.0
2023-12-05 09:00:00+00:00,875.0
2023-12-05 10:00:00+00:00,1345.0
2023-12-05 11:00:00+00:00,1537.0
2023-12-05 12:00:00+00:00,1397.0
2023-12-05 13:00:00+00:00,946.0
2023-12-05 14:00:00+00:00,513.0
2023-12-05 15:00:00+00:00,62.0
2023-12-05 16:00:00+00:00,0.0
2023-12-05 17:00:00+00:00,0.0
2023-12-05 18:00:00+00:00,0.0
2023-12-05 19:00:00+00:00,0.0
2023-12-05 20:00:00+00:00,0.0
2023-12-05 21:00:00+00:00,0.0
2023-12-05 22:00:00+00:00,0.0
2023-12-05 23:00:00+00:00,0.0
2023-12-06 00:00:00+00:00,0.0
2023-12-06 01:00:00+00:00,0.0
2023-12-06 02:00:00+00:00,0.0
2023-12-06 03:00:00+00:00,0.0
2023-12-06 04:00:00+00:00,0.0
2023-12-06 05:00:00+00:00,0.0
2023-12-06 06:00:00+00:00,0.0
2023-12-06 07:00:00+00:00,11.0
2023-12-06 08:00:00+00:00,467.0
2023-12-06 09:00:00+00:00,1855.0
2023-12-06 10:00:00+00:00,2811.0
2023-12-06 11:00:00+00:00,3951.0
2023-12-06 12:00:00+00:00,3741.0
2023-12-06 13:00:00+00:00,3094.0
2023-12-06 14:00:00+00:00,1778.0
2023-12-06 15:00:00+00:00,210.0
2023-12-06 16:00:00+00:00,0.0
2023-12-06 17:00:00+00:00,0.0
2023-12-06 18:00:00+00:00,0.0
2023-12-06 19:00:00+00:00,0.0
2023-12-06 20:00:00+00:00,0.0
2023-12-06 21:00:00+00:00,0.0
2023-12-06 22:00:00+00:00,0.0
2023-12-06 23:00:00+00:00,0.0
2023-12-07 00:00:00+00:00,0.0
2023-12-07 01:00:00+00:00,0.0
2023-12-07 02:00:00+00:00,0.0
2023-12-07 03:00:00+00:00,0.0
2023-12-07 04:00:00+00:00,0.0
2023-12-07 05:00:00+00:00,0.0
2023-12-07 06:00:00+00:00,0.0
2023-12-07 07:00:00+00:00,25.0
2023-12-07 08:00:00+00:00,610.0
2023-12-07 09:00:00+00:00,1887.0
2023-12-07 10:00:00+00:00,3166.0
2023-12-07 11:00:00+00:00,3748.0
2023-12-07 12:00:00+00:00,3485.0
2023-12-07 13:00:00+00:00,2312.0
2023-12-07 14:00:00+00:00,968.0
2023-12-07 15:00:00+00:00,181.0
2023-12-07 16:00:00+00:00,0.0
2023-12-07 17:00:00+00:00,0.0
2023-12-07 18:00:00+00:00,0.0
2023-12-07 19:00:00+00:00,0.0
2023-12-07 20:00:00+00:00,0.0
2023-12-07 21:00:00+00:00,0.0
2023-12-07 22:00:00+00:00,0.0
2023-12-07 23:00:00+00:00,0.0
2023-12-08 00:00:00+00:00,0.0
2023-12-08 01:00:00+00:00,0.0
2023-12-08 02:00:00+00:00,0.0
2023-12-08 03:00:00+00:00,0.0
2023-12-08 04:00:00+00:00,0.0
2023-12-08 05:00:00+00:00,0.0
2023-12-08 06:00:00+00:00,0.0
2023-12-08 07:00:00+00:00,6.0
2023-12-08 08:00:00+00:00,177.0
2023-12-08 09:00:00+00:00,691.0
2023-12-08 10:00:00+00:00,1256.0
2023-12-08 11:00:00+00:00,1471.0
2023-12-08 12:00:00+00:00,1522.0
2023-12-08 13:00:00+00:00,1298.0
2023-12-08 14:00:00+00:00,678.0
2023-12-08 15:00:00+00:00,119.0
2023-12-08 16:00:00+00:00,0.0
2023-12-08 17:00:00+00:00,0.0
2023-12-08 18:00:00+00:00,0.0
2023-12-08 19:00:00+00:00,0.0
2023-12-08 20:00:00+00:00,0.0
2023-12-08 21:00:00+00:00,0.0
2023-12-08 22:00:00+00:00,0.0
2023-12-08 23:00:00+00:00,0.0
2023-12-09 00:00:00+00:00,0.0
2023-12-09 01:00:00+00:00,0.0
2023-12-09 02:00:00+00:00,0.0
2023-12-09 03:00:00+00:00,0.0
2023-12-09 04:00:00+00:00,0.0
2023-12-09 05:00:00+00:00,0.0
2023-12-09 06:00:00+00:00,0.0
2023-12-09 07:00:00+00:00,19.0
2023-12-09 08:00:00+00:00,407.0
2023-12-09 09:00:00+00:00,1248.0
2023-12-09 10:00:00+00:00,1715.0
2023-12-09 11:00:00+00:00,1710.0
2023-12-09 12:00:00+00:00,1421.0
2023-12-09 13:00:00+00:00,713.0
2023-12-09 14:00:00+00:00,408.0
2023-12-09 15:00:00+00:00,59.0
2023-12-09 16:00:00+00:00,0.0
2023-12-09 17:00:00+00:00,0.0
2023-12-09 18:00:00+00:00,0.0
2023-12-09 19:00:00+00:00,0.0
2023-12-09 20:00:00+00:00,0.0
2023-12-09 21:00:00+00:00,0.0
2023-12-09 22:00:00+00:00,0.0
2023-12-09 23:00:00+00:00,0.0
2023-12-10 00:00:00+00:00,0.0
2023-12-10 01:00:00+00:00,0.0
2023-12-10 02:00:00+00:00,0.0
2023-12-10 03:00:00+00:00,0.0
2023-12-10 04:00:00+00:00,0.0
2023-12-10 05:00:00+00:00,0.0
2023-12-10 06:00:00+00:00,0.0
2023-12-10 07:00:00+00:00,9.0
2023-12-10 08:00:00+00:00,297.0
2023-12-10 09:00:00+00:00,1517.0
2023-12-10 10:00:00+00:00,3141.0
2023-12-10 11:00:00+00:00,3893.0
2023-12-10 12:00:00+00:00,2642.0
2023-12-10 13:00:00+00:00,1534.0
2023-12-10 14:00:00+00:00,701.0
2023-12-10 15:00:00+00:00,80.0
2023-12-10 16:00:00+00:00,0.0
2023-12-10 17:00:00+00:00,0.0
2023-12-10 18:00:00+00:00,0.0
2023-12-10 19:00:00+00:00,0.0
2023-12-10 20:00:00+00:00,0.0
2023-12-10 21:00:00+00:00,0.0
2023-12-10 22:00:00+00:00,0.0
2023-12-10 23:00:00+00:00,0.0
2023-12-11 00:00:00+00:00,0.0
2023-12-11 01:00:00+00:00,0.0
2023-12-11 02:00:00+00:00,0.0
2023-12-11 03:00:00+00:00,0.0
2023-12-11 04:00:00+00:00,0.0
2023-12-11 05:00:00+00:00,0.0
2023-12-11 06:00:00+00:00,0.0
2023-12-11 07:00:00+00:00,7.0
2023-12-11 08:00:00+00:00,189.0
2023-12-11 09:00:00+00:00,934.0
2023-12-11 10:00:00+00:00,2008.0
2023-12-11 11:00:00+00:00,2577.0
2023-12-11 12:00:00+00:00,2775.0
2023-12-11 13:00:00+00:00,2242.0
2023-12-11 14:00:00+00:00,1117.0
2023-12-11 15:00:00+00:00,142.0
2023-12-11 16:00:00+00:00,0.0
2023-12-11 17:00:00+00:00,0.0
2023-12-11 18:00:00+00:00,0.0
2023-12-11 19:00:00+00:00,0.0
2023-12-11 20:00:00+00:00,0.0
2023-12-11 21:00:00+00:00,0.0
2023-12-11 22:00:00+00:00,0.0
2023-12-11 23:00:00+00:00,0.0
2023-12-12 00:00:00+00:00,0.0
2023-12-12 01:00:00+00:00,0.0
2023-12-12 02:00:00+00:00,0.0
2023-12-12 03:00:00+00:00,0.0
2023-12-12 04:00:00+00:00,0.0
2023-12-12 05:00:00+00:00,0.0
2023-12-12 06:00:00+00:00,0.0
2023-12-12 07:00:00+00:00,20.0
2023-12-12 08:00:00+00:00,601.0
2023-12-12 09:00:00+00:00,1952.0
2023-12-12 10:00:00+00:00,3143.0
2023-12-12 11:00:00+00:00,3190.0
2023-12-12 12:00:00+00:00,2453.0
2023-12-12 13:00:00+00:00,1738.0
2023-12-12 14:00:00+00:00,873.0
2023-12-12 15:00:00+00:00,122.0
2023-12-12 16:00:00+00:00,0.0
2023-12-12 17:00:00+00:00,0.0
2023-12-12 18:00:00+00:00,0.0
2023-12-12 19:00:00+00:00,0.0
2023-12-12 20:00:00+00:00,0.0
2023-12-12 21:00:00+00:00,0.0
2023-12-12 22:00:00+00:00,0.0
2023-12-12 23:00:00+00:00,0.0
2023-12-13 00:00:00+00:00,0.0
2023-12-13 01:00:00+00:00,0.0
2023-12-13 02:00:00+00:00,0.0
2023-12-13 03:00:00+00:00,0.0
2023-12-13 04:00:00+00:00,0.0
2023-12-13 05:00:00+00:00,0.0
2023-12-13 06:00:00+00:00,0.0
2023-12-13 07:00:00+00:00,6.0
2023-12-13 08:00:00+00:00,311.0
2023-12-13 09:00:00+00:00,1090.0
2023-12-13 10:00:00+00:00,2238.0
2023-12-13 11:00:00+00:00,2144.0
2023-12-13 12:00:00+00:00,1865.0
2023-12-13 13:00:00+00:00,1564.0
2023-12-13 14:00:00+00:00,793.0
2023-12-13 15:00:00+00:00,129.0
2023-12-13 16:00:00+00:00,0.0
2023-12-13 17:00:00+00:00,0.0
2023-12-13 18:00:00+00:00,0.0
2023-12-13 19:00:00+00:00,0.0
2023-12-13 20:00:00+00:00,0.0
2023-12-13 21:00:00+00:00,0.0
2023-12-13 22:00:00+00:00,0.0
2023-12-13 23:00:00+00:00,0.0
2023-12-14 00:00:00+00:00,0.0
2023-12-14 01:00:00+00:00,0.0
2023-12-14 02:00:00+00:00,0.0
2023-12-14 03:00:00+00:00,0.0
2023-12-14 04:00:00+00:00,0.0
2023-12-14 05:00:00+00:00,0.0
2023-12-14 06:00:00+00:00,0.0
2023-12-14 07:00:00+00:00,5.0
2023-12-14 08:00:00+00:00,322.0
2023-12-14 09:00:00+00:00,1470.0
2023-12-14 10:00:00+00:00,2492.0
2023-12-14 11:00:00+00:00,3077.0
2023-12-14 12:00:00+00:00,2865.0
2023-12-14 13:00:00+00:00,1951.0
2023-12-14 14:00:00+00:00,1144.0
2023-12-14 15:00:00+00:00,237.0
2023-12-14 16:00:00+00:00,0.0
2023-12-14 17:00:00+00:00,0.0
2023-12-14 18:00:00+00:00,0.0
2023-12-14 19:00:00+00:00,0.0
2023-12-14 20:00:00+00:00,0.0
2023-12-14 21:00:00+00:00,0.0
2023-12-14 22:00:00+00:00,0.0
2023-12-14 23:00:00+00:00,0.0
2023-12-15 00:00:00+00:00,0.0
2023-12-15 01:00:00+00:00,0.0
2023-12-15 02:00:00+00:00,0.0
2023-12-15 03:00:00+00:00,0.0
2023-12-15 04:00:00+00:00,0.0
2023-12-15 05:00:00+00:00,0.0
2023-12-15 06:00:00+00:00,0.0
2023-12-15 07:00:00+00:00,10.0
2023-12-15 08:00:00+00:00,399.0
2023-12-15 09:00:00+00:00,1321.0
2023-12-15 10:00:00+00:00,2212.0
2023-12-15 11:00:00+00:00,2639.0
2023-12-15 12:00:00+00:00,3229.0
2023-12-15 13:00:00+00:00,2290.0
2023-12-15 14:00:00+00:00,1087.0
2023-12-15 15:00:00+00:00,88.0
2023-12-15 16:00:00+00:00,0.0
2023-12-15 17:00:00+00:00,0.0
2023-12-15 18:00:00+00:00,0.0
2023-12-15 19:00:00+00:00,0.0
2023-12-15 20:00:00+00:00,0.0
2023-12-15 21:00:00+00:00,0.0
2023-12-15 22:00:00+00:00,0.0
2023-12-15 23:00:00+00:00,0.0
2023-12-16 00:00:00+00:00,0.0
2023-12-16 01:00:00+00:00,0.0
2023-12-16 02:00:00+00:00,0.0
2023-12-16 03:00:00+00:00,0.0
2023-12-16 04:00:00+00:00,0.0
2023-12-16 05:00:00+00:00,0.0
2023-12-16 06:00:00+00:00,0.0
2023-12-16 07:00:00+00:00,10.0
2023-12-16 08:00:00+00:00,496.0
2023-12-16 09:00:00+00:00,1276.0
2023-12-16 10:00:00+00:00,1404.0
2023-12-16 11:00:00+00:00,1255.0
2023-12-16 12:00:00+00:00,1160.0
2023-12-16 13:00:00+00:00,919.0
2023-12-16 14:00:00+00:00,509.0
2023-12-16 15:00:00+00:00,72.0
2023-12-16 16:00:00+00:00,0.0
2023-12-16 17:00:00+00:00,0.0
2023-12-16 18:00:00+00:00,0.0
2023-12-16 19:00:00+00:00,0.0
2023-12-16 20:00:00+00:00,0.0
2023-12-16 21:00:00+00:00,0.0
2023-12-16 22:00:00+00:00,0.0
2023-12-16 23:00:00+00:00,0.0
2023-12-17 00:00:00+00:00,0.0
2023-12-17 01:00:00+00:00,0.0
2023-12-17 02:00:00+00:00,0.0
2023-12-17 03:00:00+00:00,0.0
2023-12-17 04:00:00+00:00,0.0
2023-12-17 05:00:00+00:00,0.0
2023-12-17 06:00:00+00:00,0.0
2023-12-17 07:00:00+00:00,3.0
2023-12-17 08:00:00+00:00,231.0
2023-12-17 09:00:00+00:00,945.0
2023-12-17 10:00:00+00:00,1871.0
2023-12-17 11:00:00+00:00,3796.0
2023-12-17 12:00:00+00:00,5348.0
2023-12-17 13:00:00+00:00,4613.0
2023-12-17 14:00:00+00:00,2527.0
2023-12-17 15:00:00+00:00,297.0
2023-12-17 16:00:00+00:00,0.0
2023-12-17 17:00:00+00:00,0.0
2023-12-17 18:00:00+00:00,0.0
2023-12-17 19:00:00+00:00,0.0
2023-12-17 20:00:00+00:00,0.0
2023-12-17 21:00:00+00:00,0.0
2023-12-17 22:00:00+00:00,0.0
2023-12-17 23:00:00+00:00,0.0
2023-12-18 00:00:00+00:00,0.0
2023-12-18 01:00:00+00:00,0.0
2023-12-18 02:00:00+00:00,0.0
2023-12-18 03:00:00+00:00,0.0
2023-12-18 04:00:00+00:00,0.0
2023-12-18 05:00:00+00:00,0.0
2023-12-18 06:00:00+00:00,0.0
2023-12-18 07:00:00+00:00,9.0
2023-12-18 08:00:00+00:00,362.0
2023-12-18 09:00:00+00:00,1116.0
2023-12-18 10:00:00+00:00,1836.0
2023-12-18 11:00:00+00:00,2310.0
2023-12-18 12:00:00+00:00,2017.0
2023-12-18 13:00:00+00:00,1309.0
2023-12-18 14:00:00+00:00,613.0
2023-12-18 15:00:00+00:00,84.0
2023-12-18 16:00:00+00:00,0.0
2023-12-18 17:00:00+00:00,0.0
2023-12-18 18:00:00+00:00,0.0
2023-12-18 19:00:00+00:00,0.0
2023-12-18 20:00:00+00:00,0.0
2023-12-18 21:00:00+00:00,0.0
2023-12-18 22:00:00+00:00,0.0
2023-12-18 23:00:00+00:00,0.0
2023-12-19 00:00:00+00:00,0.0
2023-12-19 01:00:00+00:00,0.0
2023-12-19 02:00:00+00:00,0.0
2023-12-19 03:00:00+00:00,0.0
2023-12-19 04:00:00+00:00,0.0
2023-12-19 05:00:00+00:00,0.0
2023-12-19 06:00:00+00:00,0.0
2023-12-19 07:00:00+00:00,3.0
2023-12-19 08:00:00+00:00,79.0
2023-12-19 09:00:00+00:00,307.0
2023-12-19 10:00:00+00:00,626.0
2023-12-19 11:00:00+00:00,933.0
2023-12-19 12:00:00+00:00,886.0
2023-12-19 13:00:00+00:00,591.0
2023-12-19 14:00:00+00:00,281.0
2023-12-19 15:00:00+00:00,40.0
2023-12-19 16:00:00+00:00,0.0
2023-12-19 17:00:00+00:00,0.0
2023-12-19 18:00:00+00:00,0.0
2023-12-19 19:00:00+00:00,0.0
2023-12-19 20:00:00+00:00,0.0
2023-12-19 21:00:00+00:00,0.0
2023-12-19 22:00:00+00:00,0.0
2023-12-19 23:00:00+00:00,0.0
2023-12-20 00:00:00+00:00,0.0
2023-12-20 01:00:00+00:00,0.0
2023-12-20 02:00:00+00:00,0.0
2023-12-20 03:00:00+00:00,0.0
2023-12-20 04:00:00+00:00,0.0
2023-12-20 05:00:00+00:00,0.0
2023-12-20 06:00:00+00:00,0.0
2023-12-20 07:00:00+00:00,4.0
2023-12-20 08:00:00+00:00,302.0
2023-12-20 09:00:00+00:00,1118.0
2023-12-20 10:00:00+00:00,2224.0
2023-12-20 11:00:00+00:00,2731.0
2023-12-20 12:00:00+00:00,2325.0
2023-12-20 13:00:00+00:00,1618.0
2023-12-20 14:00:00+00:00,889.0
2023-12-20 15:00:00+00:00,97.0
2023-12-20 16:00:00+00:00,0.0
2023-12-20 17:00:00+00:00,0.0
2023-12-20 18:00:00+00:00,0.0
2023-12-20 19:00:00+00:00,0.0
2023-12-20 20:00:00+00:00,0.0
2023-12-20 21:00:00+00:00,0.0
2023-12-20 22:00:00+00:00,0.0
2023-12-20 23:00:00+00:00,0.0
2023-12-21 00:00:00+00:00,0.0
2023-12-21 01:00:00+00:00,0.0
2023-12-21 02:00:00+00:00,0.0
2023-12-21 03:00:00+00:00,0.0
2023-12-21 04:00:00+00:00,0.0
2023-12-21 05:00:00+00:00,0.0
2023-12-21 06:00:00+00:00,0.0
2023-12-21 07:00:00+00:00,3.0
2023-12-21 08:00:00+00:00,109.0
2023-12-21 09:00:00+00:00,454.0
2023-12-21 10:00:00+00:00,967.0
2023-12-21 11:00:00+00:00,1814.0
2023-12-21 12:00:00+00:00,2176.0
2023-12-21 13:00:00+00:00,1870.0
2023-12-21 14:00:00+00:00,1238.0
2023-12-21 15:00:00+00:00,153.0
2023-12-21 16:00:00+00:00,0.0
2023-12-21 17:00:00+00:00,0.0
2023-12-21 18:00:00+00:00,0.0
2023-12-21 19:00:00+00:00,0.0
2023-12-21 20:00:00+00:00,0.0
2023-12-21 21:00:00+00:00,0.0
2023-12-21 22:00:00+00:00,0.0
2023-12-21 23:00:00+00:00,0.0
2023-12-22 00:00:00+00:00,0.0
2023-12-22 01:00:00+00:00,0.0
2023-12-22 02:00:00+00:00,0.0
2023-12-22 03:00:00+00:00,0.0
2023-12-22 04:00:00+00:00,0.0
2023-12-22 05:00:00+00:00,0.0
2023-12-22 06:00:00+00:00,0.0
2023-12-22 07:00:00+00:00,4.0
2023-12-22 08:00:00+00:00,235.0
2023-12-22 09:00:00+00:00,965.0
2023-12-22 10:00:00+00:00,1451.0
2023-12-22 11:00:00+00:00,1763.0
2023-12-22 12:00:00+00:00,1773.0
2023-12-22 13:00:00+00:00,1337.0
2023-12-22 14:00:00+00:00,592.0
2023-12-22 15:00:00+00:00,77.0
2023-12-22 16:00:00+00:00,0.0
2023-12-22 17:00:00+00:00,0.0
2023-12-22 18:00:00+00:00,0.0
2023-12-22 19:00:00+00:00,0.0
2023-12-22 20:00:00+00:00,0.0
2023-12-22 21:00:00+00:00,0.0
2023-12-22 22:00:00+00:00,0.0
2023-12-22 23:00:00+00:00,0.0
2023-12-23 00:00:00+00:00,0.0
2023-12-23 01:00:00+00:00,0.0
2023-12-23 02:00:00+00:00,0.0
2023-12-23 03:00:00+00:00,0.0
2023-12-23 04:00:00+00:00,0.0
2023-12-23 05:00:00+00:00,0.0
2023-12-23 06:00:00+00:00,0.0
2023-12-23 07:00:00+00:00,2.0
2023-12-23 08:00:00+00:00,137.0
2023-12-23 09:00:00+00:00,573.0
2023-12-23 10:00:00+00:00,1196.0
2023-12-23 11:00:00+00:00,2045.0
2023-12-23 12:00:00+00:00,1964.0
2023-12-23 13:00:00+00:00,1444.0
2023-12-23 14:00:00+00:00,689.0
2023-12-23 15:00:00+00:00,126.0
2023-12-23 16:00:00+00:00,0.0
2023-12-23 17:00:00+00:00,0.0
2023-12-23 18:00:00+00:00,0.0
2023-12-23 19:00:00+00:00,0.0
2023-12-23 20:00:00+00:00,0.0
2023-12-23 21:00:00+00:00,0.0
2023-12-23 22:00:00+00:00,0.0
2023-12-23 23:00:00+00:00,0.0
2023-12-24 00:00:00+00:00,0.0
2023-12-24 01:00:00+00:00,0.0
2023-12-24 02:00:00+00:00,0.0
2023-12-24 03:00:00+00:00,0.0
2023-12-24 04:00:00+00:00,0.0
2023-12-24 05:00:00+00:00,0.0
2023-12-24 06:00:00+00:00,0.0
2023-12-24 07:00:00+00:00,3.0
2023-12-24 08:00:00+00:00,154.0
2023-12-24 09:00:00+00:00,640.0
2023-12-24 10:00:00+00:00,818.0
2023-12-24 11:00:00+00:00,829.0
2023-12-24 12:00:00+00:00,723.0
2023-12-24 13:00:00+00:00,459.0
2023-12-24 14:00:00+00:00,241.0
2023-12-24 15:00:00+00:00,36.0
2023-12-24 16:00:00+00:00,0.0
2023-12-24 17:00:00+00:00,0.0
2023-12-24 18:00:00+00:00,0.0
2023-12-24 19:00:00+00:00,0.0
2023-12-24 20:00:00+00:00,0.0
2023-12-24 21:00:00+00:00,0.0
2023-12-24 22:00:00+00:00,0.0
2023-12-24 23:00:00+00:00,0.0
2023-12-25 00:00:00+00:00,0.0
2023-12-25 01:00:00+00:00,0.0
2023-12-25 02:00:00+00:00,0.0
2023-12-25 03:00:00+00:00,0.0
2023-12-25 04:00:00+00:00,0.0
2023-12-25 05:00:00+00:00,0.0
2023-12-25 06:00:00+00:00,0.0
2023-12-25 07:00:00+00:00,2.0
2023-12-25 08:00:00+00:00,199.0
2023-12-25 09:00:00+00:00,1069.0
2023-12-25 10:00:00+00:00,1701.0
2023-12-25 11:00:00+00:00,1935.0
2023-12-25 12:00:00+00:00,2313.0
2023-12-25 13:00:00+00:00,1901.0
2023-12-25 14:00:00+00:00,811.0
2023-12-25 15:00:00+00:00,96.0
2023-12-25 16:00:00+00:00,0.0
2023-12-25 17:00:00+00:00,0.0
2023-12-25 18:00:00+00:00,0.0
2023-12-25 19:00:00+00:00,0.0
2023-12-25 20:00:00+00:00,0.0
2023-12-25 21:00:00+00:00,0.0
2023-12-25 22:00:00+00:00,0.0
2023-12-25 23:00:00+00:00,0.0
2023-12-26 00:00:00+00:00,0.0
2023-12-26 01:00:00+00:00,0.0
2023-12-26 02:00:00+00:00,0.0
2023-12-26 03:00:00+00:00,0.0
2023-12-26 04:00:00+00:00,0.0
2023-12-26 05:00:00+00:00,0.0
2023-12-26 06:00:00+00:00,0.0
2023-12-26 07:00:00+00:00,2.0
2023-12-26 08:00:00+00:00,348.0
2023-12-26 09:00:00+00:00,1875.0
2023-12-26 10:00:00+00:00,3683.0
2023-12-26 11:00:00+00:00,3870.0
2023-12-26 12:00:00+00:00,2681.0
2023-12-26 13:00:00+00:00,1734.0
2023-12-26 14:00:00+00:00,819.0
2023-12-26 15:00:00+00:00,190.0
2023-12-26 16:00:00+00:00,0.0
2023-12-26 17:00:00+00:00,0.0
2023-12-26 18:00:00+00:00,0.0
2023-12-26 19:00:00+00:00,0.0
2023-12-26 20:00:00+00:00,0.0
2023-12-26 21:00:00+00:00,0.0
2023-12-26 22:00:00+00:00,0.0
2023-12-26 23:00:00+00:00,0.0
2023-12-27 00:00:00+00:00,0.0
2023-12-27 01:00:00+00:00,0.0
2023-12-27 02:00:00+00:00,0.0
2023-12-27 03:00:00+00:00,0.0
2023-12-27 04:00:00+00:00,0.0
2023-12-27 05:00:00+00:00,0.0
2023-12-27 06:00:00+00:00,0.0
2023-12-27 07:00:00+00:00,3.0
2023-12-27 08:00:00+00:00,134.0
2023-12-27 09:00:00+00:00,595.0
2023-12-27 10:00:00+00:00,1066.0
2023-12-27 11:00:00+00:00,1344.0
2023-12-27 12:00:00+00:00,1364.0
2023-12-27 13:00:00+00:00,1308.0
2023-12-27 14:00:00+00:00,865.0
2023-12-27 15:00:00+00:00,160.0
2023-12-27 16:00:00+00:00,0.0
2023-12-27 17:00:00+00:00,0.0
2023-12-27 18:00:00+00:00,0.0
2023-12-27 19:00:00+00:00,0.0
2023-12-27 20:00:00+00:00,0.0
2023-12-27 21:00:00+00:00,0.0
2023-12-27 22:00:00+00:00,0.0
2023-12-27 23:00:00+00:00,0.0
2023-12-28 00:00:00+00:00,0.0
2023-12-28 01:00:00+00:00,0.0
2023-12-28 02:00:00+00:00,0.0
2023-12-28 03:00:00+00:00,0.0
2023-12-28 04:00:00+00:00,0.0
2023-12-28 05:00:00+00:00,0.0
2023-12-28 06:00:00+00:00,0.0
2023-12-28 07:00:00+00:00,2.0
2023-12-28 08:00:00+00:00,400.0
2023-12-28 09:00:00+00:00,1487.0
2023-12-28 10:00:00+00:00,2510.0
2023-12-28 11:00:00+00:00,3076.0
2023-12-28 12:00:00+00:00,2957.0
2023-12-28 13:00:00+00:00,2049.0
2023-12-28 14:00:00+00:00,1155.0
2023-12-28 15:00:00+00:00,154.0
2023-12-28 16:00:00+00:00,0.0
2023-12-28 17:00:00+00:00,0.0
2023-12-28 18:00:00+00:00,0.0
2023-12-28 19:00:00+00:00,0.0
2023-12-28 20:00:00+00:00,0.0
2023-12-28 21:00:00+00:00,0.0
2023-12-28 22:00:00+00:00,0.0
2023-12-28 23:00:00+00:00,0.0
2023-12-29 00:00:00+00:00,0.0
2023-12-29 01:00:00+00:00,0.0
2023-12-29 02:00:00+00:00,0.0
2023-12-29 03:00:00+00:00,0.0
2023-12-29 04:00:00+00:00,0.0
2023-12-29 05:00:00+00:00,0.0
2023-12-29 06:00:00+00:00,0.0
2023-12-29 07:00:00+00:00,2.0
2023-12-29 08:00:00+00:00,167.0
2023-12-29 09:00:00+00:00,1006.0
2023-12-29 10:00:00+00:00,2155.0
2023-12-29 11:00:00+00:00,2846.0
2023-12-29 12:00:00+00:00,3147.0
2023-12-29 13:00:00+00:00,2125.0
2023-12-29 14:00:00+00:00,1013.0
2023-12-29 15:00:00+00:00,171.0
2023-12-29 16:00:00+00:00,0.0
2023-12-29 17:00:00+00:00,0.0
2023-12-29 18:00:00+00:00,0.0
2023-12-29 19:00:00+00:00,0.0
2023-12-29 20:00:00+00:00,0.0
2023-12-29 21:00:00+00:00,0.0
2023-12-29 22:00:00+00:00,0.0
2023-12-29 23:00:00+00:00,0.0
2023-12-30 00:00:00+00:00,0.0
2023-12-30 01:00:00+00:00,0.0
2023-12-30 02:00:00+00:00,0.0
2023-12-30 03:00:00+00:00,0.0
2023-12-30 04:00:00+00:00,0.0
2023-12-30 05:00:00+00:00,0.0
2023-12-30 06:00:00+00:00,0.0
2023-12-30 07:00:00+00:00,2.0
2023-12-30 08:00:00+00:00,382.0
2023-12-30 09:00:00+00:00,1905.0
2023-12-30 10:00:00+00:00,3111.0
2023-12-30 11:00:00+00:00,3488.0
2023-12-30 12:00:00+00:00,3550.0
2023-12-30 13:00:00+00:00,3060.0
2023-12-30 14:00:00+00:00,1557.0
2023-12-30 15:00:00+00:00,234.0
2023-12-30 16:00:00+00:00,0.0
2023-12-30 17:00:00+00:00,0.0
2023-12-30 18:00:00+00:00,0.0
2023-12-30 19:00:00+00:00,0.0
2023-12-30 20:00:00+00:00,0.0
2023-12-30 21:00:00+00:00,0.0
2023-12-30 22:00:00+00:00,0.0
2023-12-30 23:00:00+00:00,0.0
2023-12-31 00:00:00+00:00,0.0
2023-12-31 01:00:00+00:00,0.0
2023-12-31 02:00:00+00:00,0.0
2023-12-31 03:00:00+00:00,0.0
2023-12-31 04:00:00+00:00,0.0
2023-12-31 05:00:00+00:00,0.0
2023-12-31 06:00:00+00:00,0.0
2023-12-31 07:00:00+00:00,2.0
2023-12-31 08:00:00+00:00,142.0
2023-12-31 09:00:00+00:00,724.0
2023-12-31 10:00:00+00:00,1370.0
2023-12-31 11:00:00+00:00,2055.0
2023-12-31 12:00:00+00:00,3033.0
2023-12-31 13:00:00+00:00,2811.0
2023-12-31 14:00:00+00:00,1379.0
2023-12-31 15:00:00+00:00,214.0
2023-12-31 16:00:00+00:00,0.0
2023-12-31 17:00:00+00:00,0.0
2023-12-31 18:00:00+00:00,0.0
2023-12-31 19:00:00+00:00,0.0
2023-12-31 20:00:00+00:00,0.0
2023-12-31 21:00:00+00:00,0.0
2023-12-31 22:00:00+00:00,0.0
2023-12-31 23:00:00+00:00,0.0
